project,repo_name,month,outcome,author_association,author_pseud,size_lines,files_touched,review_count,hours_to_first_review,hours_to_merge
moby,buildkit,2023-08-01,merged,MEMBER,afdafcebc,2112,84,5,136,217
moby,buildkit,2023-08-01,merged,MEMBER,a665e4470,2,1,2,2,6
moby,buildkit,2023-08-01,merged,MEMBER,a665e4470,468,9,12,23,219
moby,buildkit,2023-08-01,closed,CONTRIBUTOR,a91c4d9a0,30,5,17,3,
moby,buildkit,2023-08-01,merged,COLLABORATOR,a2ad2592d,171,6,5,59,65
moby,buildkit,2023-08-01,merged,CONTRIBUTOR,aa54ce3f9,11,3,5,0,3
moby,buildkit,2023-09-01,closed,COLLABORATOR,a311b5f88,2854,38,0,,
moby,buildkit,2023-09-01,merged,CONTRIBUTOR,adbbea4f9,2,1,1,20,159
moby,buildkit,2023-09-01,closed,CONTRIBUTOR,a619ab9b4,45,7,1,14,
moby,buildkit,2023-09-01,merged,COLLABORATOR,a9a258f36,7,1,1,2,5
moby,buildkit,2023-09-01,merged,NONE,ab3a02eae,274,4,30,32,1167
moby,buildkit,2023-09-01,merged,MEMBER,a665e4470,15,1,2,0,11
moby,buildkit,2023-09-01,merged,CONTRIBUTOR,aa9e44c53,2,1,5,6,20
moby,buildkit,2023-09-01,merged,CONTRIBUTOR,aa9e44c53,2,1,1,7,7
moby,buildkit,2023-10-01,merged,MEMBER,af5c6dc4c,60,3,1,130,130
moby,buildkit,2023-10-01,merged,COLLABORATOR,af1f4312a,6,1,3,3,8
moby,buildkit,2023-10-01,merged,COLLABORATOR,a169a456a,2,1,1,2,2
moby,buildkit,2023-10-01,closed,COLLABORATOR,a169a456a,1401,44,0,,
moby,buildkit,2023-10-01,closed,MEMBER,ad28e9a8f,31563,281,0,,
moby,buildkit,2023-10-01,merged,MEMBER,ad28e9a8f,10,4,1,16,16
moby,buildkit,2023-10-01,merged,MEMBER,af5c6dc4c,11,1,2,9,72
moby,buildkit,2023-10-01,merged,MEMBER,ad28e9a8f,2,1,1,0,4
moby,buildkit,2023-10-01,merged,CONTRIBUTOR,a2e93cfa4,2,1,2,0,5
moby,buildkit,2023-10-01,merged,COLLABORATOR,a169a456a,4,1,1,5,5
moby,buildkit,2023-10-01,closed,CONTRIBUTOR,a619ab9b4,4296,139,0,,
moby,buildkit,2023-11-01,closed,NONE,ad9b0591f,5,1,0,,
moby,buildkit,2023-11-01,merged,CONTRIBUTOR,a5f894ba5,33,9,3,16,130
moby,buildkit,2023-11-01,merged,NONE,ac88368b3,2,1,3,0,6
moby,buildkit,2023-12-01,merged,COLLABORATOR,a2ad2592d,493,6,2,2926,2929
moby,buildkit,2023-12-01,merged,MEMBER,af5c6dc4c,500,59,12,11,186
moby,buildkit,2023-12-01,closed,CONTRIBUTOR,a65d9d1bf,1406,11,1,25,
moby,buildkit,2023-12-01,merged,COLLABORATOR,a680facbc,315,25,25,0,59
moby,buildkit,2023-12-01,closed,CONTRIBUTOR,a619ab9b4,1719,400,1,17,
moby,buildkit,2023-12-01,closed,NONE,a9adc2b77,1719,400,1,166,
moby,buildkit,2024-01-01,merged,MEMBER,af5c6dc4c,181,3,1,363,515
moby,buildkit,2024-01-01,merged,MEMBER,afdafcebc,1193,21,1,103,104
moby,buildkit,2024-01-01,merged,MEMBER,afdafcebc,2,1,1,1,2
moby,buildkit,2024-01-01,merged,CONTRIBUTOR,aa0450d8f,26,1,8,129,2823
moby,buildkit,2024-01-01,merged,CONTRIBUTOR,aac2d5852,600,22,2,63,330
moby,buildkit,2024-01-01,merged,MEMBER,a665e4470,1,1,1,7,7
moby,buildkit,2024-01-01,merged,CONTRIBUTOR,ab3b326a2,10,1,3,6,233
moby,buildkit,2024-02-01,merged,MEMBER,ad28e9a8f,1185,7,1,5,5
moby,buildkit,2024-02-01,merged,COLLABORATOR,a29405abf,29,1,6,0,1
moby,buildkit,2024-02-01,merged,MEMBER,a665e4470,21,3,1,7,7
moby,buildkit,2024-02-01,merged,CONTRIBUTOR,a619ab9b4,2,1,1,9,9
moby,buildkit,2024-02-01,merged,MEMBER,ad28e9a8f,433,23,2,8,9
moby,buildkit,2024-02-01,merged,MEMBER,afd612ab4,185,2,1,15,15
moby,buildkit,2024-02-01,merged,MEMBER,ad28e9a8f,47,1,1,207,207
moby,buildkit,2024-02-01,merged,MEMBER,ad28e9a8f,6,1,2,0,2
moby,buildkit,2024-02-01,closed,MEMBER,afd612ab4,364,13,0,,
moby,buildkit,2024-02-01,merged,COLLABORATOR,a169a456a,85,5,2,19,20
moby,buildkit,2024-02-01,merged,MEMBER,ad28e9a8f,111,8,2,4,7
moby,buildkit,2024-02-01,merged,MEMBER,afd612ab4,11,1,1,8,9
moby,buildkit,2024-02-01,merged,MEMBER,af5c6dc4c,4,1,1,1,1
moby,buildkit,2024-02-01,merged,MEMBER,af5c6dc4c,9,1,1,1,1
moby,buildkit,2024-03-01,merged,COLLABORATOR,a45bdb06c,180,8,2,0,2
moby,buildkit,2024-03-01,merged,MEMBER,afdafcebc,1429,67,2,534,534
moby,buildkit,2024-03-01,merged,MEMBER,af5c6dc4c,107,2,1,19,19
moby,buildkit,2024-04-01,merged,MEMBER,af5c6dc4c,11,1,1,3,3
moby,buildkit,2024-05-01,merged,CONTRIBUTOR,adbbea4f9,138,5,6,8,246
moby,buildkit,2024-05-01,merged,MEMBER,af5c6dc4c,12,3,1,0,18
moby,buildkit,2024-05-01,merged,CONTRIBUTOR,a0124ed10,2,1,1,1,7
moby,buildkit,2024-05-01,merged,COLLABORATOR,a45bdb06c,72,5,2,297,297
moby,buildkit,2024-05-01,merged,MEMBER,a3889aa12,57,2,3,70,111
moby,buildkit,2024-06-01,merged,MEMBER,af5c6dc4c,4,1,1,0,1
moby,buildkit,2024-06-01,merged,MEMBER,afdafcebc,74,9,3,45,52
moby,buildkit,2024-06-01,merged,MEMBER,afdafcebc,113,6,1,29,29
moby,buildkit,2024-06-01,merged,COLLABORATOR,a013aa13b,30,8,1,2,2
moby,buildkit,2024-06-01,closed,CONTRIBUTOR,a619ab9b4,28764,252,0,,
moby,buildkit,2024-06-01,merged,MEMBER,af5c6dc4c,4,1,2,0,4
moby,buildkit,2024-06-01,merged,MEMBER,afd612ab4,35,2,1,1,2
moby,buildkit,2024-06-01,merged,CONTRIBUTOR,ab3b326a2,4,2,2,5,80
moby,buildkit,2024-06-01,merged,MEMBER,af5c6dc4c,110,2,2,0,1
moby,buildkit,2024-06-01,merged,CONTRIBUTOR,a619ab9b4,4,2,1,16,16
moby,buildkit,2024-06-01,merged,MEMBER,afdafcebc,67,7,1,61,61
moby,buildkit,2024-07-01,merged,CONTRIBUTOR,ab0742db9,6,1,1,14,14
moby,buildkit,2024-07-01,merged,MEMBER,ad28e9a8f,2,1,2,0,81
moby,buildkit,2024-07-01,merged,CONTRIBUTOR,afe0ba8a0,111,2,9,139,342
moby,buildkit,2024-07-01,merged,MEMBER,af5c6dc4c,38,2,6,0,1
moby,buildkit,2024-07-01,closed,CONTRIBUTOR,afe0ba8a0,77,2,0,,
moby,buildkit,2024-07-01,merged,MEMBER,afdafcebc,3040,50,2,0,26
moby,buildkit,2024-07-01,merged,MEMBER,afdafcebc,119,19,2,1,2
moby,buildkit,2024-07-01,merged,CONTRIBUTOR,a46403463,20,1,8,180,227
moby,buildkit,2024-08-01,merged,COLLABORATOR,a013aa13b,299,7,10,158,1633
moby,buildkit,2024-08-01,merged,MEMBER,afdafcebc,243,19,4,0,5
moby,buildkit,2024-08-01,merged,COLLABORATOR,a29405abf,4,1,1,7,7
moby,buildkit,2024-08-01,merged,COLLABORATOR,a013aa13b,98,1,2,32,75
moby,buildkit,2024-08-01,merged,MEMBER,af5c6dc4c,30,3,2,1,4
moby,buildkit,2024-08-01,merged,MEMBER,af5c6dc4c,5,1,2,1,2
moby,buildkit,2024-08-01,merged,MEMBER,af5c6dc4c,26,11,3,0,80
moby,buildkit,2024-08-01,merged,MEMBER,af5c6dc4c,5,1,1,1,3
moby,buildkit,2024-08-01,merged,COLLABORATOR,a29405abf,8,1,1,1,1
moby,buildkit,2024-08-01,merged,CONTRIBUTOR,a91c4d9a0,344,7,16,1,438
moby,buildkit,2024-09-01,open,CONTRIBUTOR,abf4fbabe,101,1,10,1,
moby,buildkit,2024-09-01,open,MEMBER,a665e4470,205,9,5,34,
moby,buildkit,2024-09-01,merged,MEMBER,afdafcebc,235,21,2,0,1
moby,buildkit,2024-09-01,merged,COLLABORATOR,a680facbc,163,5,60,33,4186
moby,buildkit,2024-09-01,merged,COLLABORATOR,a29405abf,4,2,1,0,1
moby,buildkit,2024-09-01,merged,COLLABORATOR,a013aa13b,13,1,1,26,26
moby,buildkit,2024-09-01,merged,MEMBER,af5c6dc4c,15,1,4,108,423
moby,buildkit,2024-09-01,closed,CONTRIBUTOR,a069b6cd0,0,0,0,,
moby,buildkit,2024-09-01,merged,MEMBER,afdafcebc,4,2,1,0,1
moby,buildkit,2024-09-01,merged,CONTRIBUTOR,adbc919ee,103,5,2,2,77
moby,buildkit,2024-10-01,merged,COLLABORATOR,a29405abf,62,21,3,0,2
moby,buildkit,2024-10-01,merged,CONTRIBUTOR,abf4fbabe,101,1,19,19,1327
moby,buildkit,2024-10-01,merged,COLLABORATOR,a013aa13b,21,2,1,1,2
moby,buildkit,2024-10-01,merged,CONTRIBUTOR,ae55f3221,1,1,2,0,35
moby,buildkit,2024-10-01,closed,CONTRIBUTOR,a6cca0d87,2,1,0,,
moby,buildkit,2024-10-01,merged,MEMBER,afdafcebc,561,31,1,8,20
moby,buildkit,2024-10-01,merged,COLLABORATOR,a45bdb06c,3,1,1,7,7
moby,buildkit,2024-10-01,merged,COLLABORATOR,a680facbc,48,2,3,191,1307
moby,buildkit,2024-10-01,merged,COLLABORATOR,a29405abf,70,2,2,3,127
moby,buildkit,2024-10-01,merged,MEMBER,afdafcebc,36,2,1,1800,1800
moby,buildkit,2024-10-01,merged,COLLABORATOR,a29405abf,10,1,1,1,1
moby,buildkit,2024-11-01,merged,CONTRIBUTOR,a153e5801,1230,13,46,1,1319
moby,buildkit,2024-11-01,merged,COLLABORATOR,a680facbc,9,2,2,1,102
moby,buildkit,2024-11-01,merged,COLLABORATOR,a29405abf,5,1,1,7,7
moby,buildkit,2024-11-01,merged,MEMBER,ad28e9a8f,3,1,2,3,6
moby,buildkit,2024-11-01,merged,MEMBER,af5c6dc4c,50,5,1,6,10
moby,buildkit,2024-12-01,merged,MEMBER,af5c6dc4c,94,5,2,855,855
moby,buildkit,2024-12-01,open,CONTRIBUTOR,adaeabba9,1822,26,3,4,
moby,buildkit,2024-12-01,merged,MEMBER,af5c6dc4c,466,4,6,4,649
moby,buildkit,2024-12-01,merged,MEMBER,af5c6dc4c,2,1,1,0,4
moby,buildkit,2024-12-01,merged,MEMBER,afdafcebc,327,10,2,20,57
moby,buildkit,2024-12-01,merged,MEMBER,afdafcebc,965,40,1,388,388
moby,buildkit,2024-12-01,merged,MEMBER,afdafcebc,108,4,1,189,189
moby,buildkit,2025-01-01,merged,MEMBER,afdafcebc,536,9,2,13,15
moby,buildkit,2025-01-01,merged,MEMBER,a618fbad9,9,1,2,1,51
moby,buildkit,2025-01-01,merged,MEMBER,ad28e9a8f,2,1,1,0,1
moby,buildkit,2025-02-01,closed,MEMBER,ad28e9a8f,40910,190,0,,
moby,buildkit,2025-02-01,merged,MEMBER,ad28e9a8f,22,3,1,0,1
moby,buildkit,2025-02-01,merged,MEMBER,ad28e9a8f,20,1,1,12,12
moby,buildkit,2025-02-01,merged,CONTRIBUTOR,a65d9d1bf,185,6,5,170,192
moby,buildkit,2025-02-01,merged,MEMBER,af5c6dc4c,31,2,1,17,17
moby,buildkit,2025-02-01,merged,MEMBER,ad28e9a8f,108,5,9,4,10
moby,buildkit,2025-02-01,merged,COLLABORATOR,a45bdb06c,27,1,1,5,27
moby,buildkit,2025-02-01,merged,MEMBER,af5c6dc4c,81,10,1,6,6
moby,buildkit,2025-02-01,merged,MEMBER,af5c6dc4c,45,1,1,81,81
moby,buildkit,2025-03-01,closed,NONE,a04ad30fd,2,1,0,,
moby,buildkit,2025-03-01,merged,MEMBER,af5c6dc4c,18,2,1,12,12
moby,buildkit,2025-03-01,merged,MEMBER,af5c6dc4c,50,2,1,8,8
moby,buildkit,2025-03-01,merged,MEMBER,af5c6dc4c,4,1,1,14,14
moby,buildkit,2025-03-01,merged,MEMBER,af5c6dc4c,936,109,5,0,20
moby,buildkit,2025-03-01,merged,MEMBER,af5c6dc4c,31,1,1,495,498
moby,buildkit,2025-03-01,merged,MEMBER,af5c6dc4c,61,2,1,497,497
moby,buildkit,2025-03-01,merged,MEMBER,af5c6dc4c,131,4,1,473,475
moby,buildkit,2025-03-01,merged,MEMBER,af5c6dc4c,277,29,2,0,480
moby,buildkit,2025-03-01,closed,MEMBER,ad28e9a8f,117,2,0,,
moby,buildkit,2025-04-01,open,NONE,a23982f05,181,4,20,1,
moby,buildkit,2025-04-01,merged,MEMBER,af5c6dc4c,282,9,2,8,9
moby,buildkit,2025-04-01,merged,CONTRIBUTOR,a33d7952c,8,1,3,1,2
moby,buildkit,2025-05-01,merged,MEMBER,af5c6dc4c,965,152,3,1,119
moby,buildkit,2025-05-01,merged,COLLABORATOR,a680facbc,59,6,2,28,36
moby,buildkit,2025-05-01,closed,COLLABORATOR,a680facbc,14,3,0,,
moby,buildkit,2025-05-01,merged,MEMBER,afdafcebc,8,3,1,4,4
moby,buildkit,2025-05-01,closed,MEMBER,afd612ab4,714,9,4,163,
moby,buildkit,2025-05-01,merged,MEMBER,afd612ab4,465,9,14,12,91
moby,buildkit,2025-05-01,merged,CONTRIBUTOR,abd977119,4,1,3,7,9
moby,buildkit,2025-05-01,merged,CONTRIBUTOR,a65d9d1bf,1,1,1,1,1
moby,buildkit,2025-05-01,merged,MEMBER,ad28e9a8f,17,1,1,53,54
moby,buildkit,2025-06-01,merged,MEMBER,af5c6dc4c,75,2,1,2,2
moby,buildkit,2025-06-01,merged,COLLABORATOR,a45bdb06c,13,1,2,0,1
moby,buildkit,2025-06-01,merged,MEMBER,af5c6dc4c,15,4,1,7,7
moby,buildkit,2025-06-01,merged,MEMBER,afdafcebc,1677,25,1,4,4
moby,buildkit,2025-06-01,merged,MEMBER,ad28e9a8f,274,3,2,5,8
moby,buildkit,2025-07-01,closed,NONE,a4c0866aa,9822,97,0,,
moby,buildkit,2025-07-01,open,NONE,aba3ef43b,95,3,4,17,
moby,buildkit,2025-07-01,closed,NONE,a81d7b07a,5,1,8,12,
moby,buildkit,2025-07-01,closed,MEMBER,a1fe9e3d3,79,9,4,13,
moby,buildkit,2025-07-01,merged,MEMBER,ad28e9a8f,24,3,1,28,28
moby,buildkit,2025-08-01,merged,MEMBER,afdafcebc,163,5,1,65,65
moby,buildkit,2025-09-01,merged,MEMBER,ad28e9a8f,12,2,2,7,74
moby,buildkit,2025-09-01,merged,MEMBER,af5c6dc4c,488,8,1,51,51
moby,buildkit,2025-09-01,closed,NONE,a8cbd24b6,2,1,0,,
moby,buildkit,2025-09-01,merged,MEMBER,ad28e9a8f,9,1,5,0,2
moby,buildkit,2025-09-01,merged,MEMBER,af5c6dc4c,239,15,7,4,37
moby,buildkit,2025-09-01,merged,COLLABORATOR,a45bdb06c,70,3,5,1,174
moby,buildkit,2025-09-01,merged,MEMBER,af5c6dc4c,157,8,2,86,87
moby,buildkit,2025-09-01,merged,COLLABORATOR,a45bdb06c,106,2,2,385,387
moby,buildkit,2025-09-01,merged,MEMBER,afdafcebc,51,6,5,0,79
moby,buildkit,2025-10-01,closed,MEMBER,afdafcebc,66,4,0,,
moby,buildkit,2025-10-01,merged,MEMBER,ad28e9a8f,5,1,1,30,30
moby,buildkit,2025-10-01,merged,MEMBER,af5c6dc4c,35,1,1,6,6
moby,buildkit,2025-10-01,merged,MEMBER,af5c6dc4c,545,18,1,15,18
moby,buildkit,2025-10-01,merged,COLLABORATOR,a07eecb9b,74,1,4,22,25
moby,buildkit,2025-10-01,merged,CONTRIBUTOR,a619ab9b4,8,3,1,13,13
moby,buildkit,2025-11-01,merged,MEMBER,ad28e9a8f,75,1,1,4,4
moby,buildkit,2025-11-01,closed,NONE,a5d67f959,4599,377,0,,
moby,buildkit,2025-11-01,merged,COLLABORATOR,a45bdb06c,14,2,1,25,25
moby,buildkit,2025-11-01,merged,MEMBER,afdafcebc,60,9,1,100,100
moby,buildkit,2025-11-01,merged,CONTRIBUTOR,a9dded171,111,3,3,59,163
moby,buildkit,2025-11-01,merged,CONTRIBUTOR,a365eacd4,2,1,2,10,12
moby,buildkit,2025-11-01,merged,CONTRIBUTOR,abd977119,2,1,2,29,32
moby,buildkit,2025-11-01,merged,MEMBER,afdafcebc,26378,54,1,82,82
moby,buildkit,2025-11-01,merged,MEMBER,afdafcebc,10341,9,3,107,190
moby,buildkit,2025-12-01,merged,MEMBER,af5c6dc4c,9,1,1,144,146
moby,buildkit,2025-12-01,merged,MEMBER,af5c6dc4c,193250,1143,6,210,748
moby,buildkit,2025-12-01,closed,NONE,aebb33b59,6,1,0,,
moby,buildkit,2025-12-01,merged,CONTRIBUTOR,af0a9f58c,10,1,2,18,99
moby,buildkit,2025-12-01,merged,MEMBER,afdafcebc,12,2,2,0,78
moby,buildkit,2026-01-01,merged,CONTRIBUTOR,a3b78359e,1,1,1,26,405
moby,buildkit,2026-01-01,closed,CONTRIBUTOR,a619ab9b4,6,2,0,,
moby,buildkit,2026-01-01,merged,MEMBER,af5c6dc4c,3567,105,1,8,8
moby,buildkit,2026-01-01,closed,NONE,ae2c64148,1,1,0,,
moby,buildkit,2026-01-01,merged,MEMBER,af5c6dc4c,23,1,1,31,31
moby,buildkit,2026-03-01,merged,MEMBER,afdafcebc,6001,141,1,3,3
moby,buildkit,2026-03-01,merged,MEMBER,af5c6dc4c,2306,8,1,8,15
moby,buildkit,2026-03-01,merged,CONTRIBUTOR,a619ab9b4,8,4,1,8,8
moby,buildkit,2026-03-01,open,NONE,a23982f05,17,1,5,4,
moby,buildkit,2026-03-01,merged,MEMBER,af5c6dc4c,132,5,1,5,86
moby,buildkit,2026-03-01,merged,MEMBER,af5c6dc4c,541,16,3,6,11
moby,buildkit,2026-03-01,merged,CONTRIBUTOR,a619ab9b4,8,4,1,9,9
moby,buildkit,2026-04-01,closed,NONE,a111e007b,6,1,0,,
moby,buildkit,2026-04-01,merged,CONTRIBUTOR,a619ab9b4,4,2,1,9,9
moby,buildkit,2026-04-01,merged,MEMBER,ad28e9a8f,94,3,3,0,24
moby,buildkit,2026-04-01,merged,CONTRIBUTOR,a619ab9b4,6,2,1,85,85
moby,buildkit,2026-04-01,merged,MEMBER,afdafcebc,6,1,1,5,5
moby,buildkit,2026-04-01,merged,MEMBER,afdafcebc,2,1,1,0,6
moby,buildkit,2026-04-01,merged,CONTRIBUTOR,a0d41a478,8,1,3,9,32
moby,buildkit,2026-04-01,open,MEMBER,afdafcebc,11,1,0,,
moby,buildkit,2026-04-01,merged,MEMBER,af5c6dc4c,9,1,1,106,106
moby,buildkit,2026-04-01,merged,COLLABORATOR,a74e1ba08,61,1,5,1,107
moby,buildkit,2026-04-01,open,NONE,ad39b22b6,397,13,0,,
moby,buildkit,2026-04-01,merged,MEMBER,af5c6dc4c,371,13,4,103,299
moby,buildkit,2026-04-01,merged,MEMBER,ad28e9a8f,205,4,9,4,169
moby,buildkit,2026-04-01,closed,NONE,ac13d4c6f,118,4,0,,
moby,buildkit,2026-05-01,merged,MEMBER,af5c6dc4c,16,1,1,59,89
moby,buildkit,2026-05-01,merged,MEMBER,af5c6dc4c,30,1,2,28,36
moby,buildkit,2026-05-01,merged,CONTRIBUTOR,a619ab9b4,41,6,1,128,128
moby,buildkit,2026-06-01,merged,MEMBER,af5c6dc4c,12,1,1,1,21
moby,buildkit,2026-06-01,merged,MEMBER,af5c6dc4c,154,7,3,13,158
moby,buildkit,2026-06-01,merged,CONTRIBUTOR,a619ab9b4,18,7,1,9,9
moby,buildkit,2026-06-01,merged,MEMBER,ad28e9a8f,4,1,2,2,6
moby,buildkit,2026-06-01,merged,CONTRIBUTOR,a4ccc6c41,47,3,1,2,3
moby,buildkit,2026-06-01,merged,CONTRIBUTOR,adbc919ee,10,2,5,54,106
moby,buildkit,2026-06-01,merged,MEMBER,afdafcebc,2,1,1,24,24
moby,buildkit,2026-06-01,merged,MEMBER,afdafcebc,1054,41,3,0,1
moby,buildkit,2026-06-01,closed,CONTRIBUTOR,a619ab9b4,2,1,0,,
moby,buildkit,2026-06-01,closed,CONTRIBUTOR,a619ab9b4,12,6,1,81,
moby,buildkit,2026-06-01,merged,MEMBER,af5c6dc4c,149,5,1,74,88
moby,buildkit,2026-06-01,merged,MEMBER,ad28e9a8f,59,2,3,62,534
moby,buildkit,2026-07-01,closed,MEMBER,ad28e9a8f,93,2,1,133,
moby,buildkit,2026-07-01,merged,CONTRIBUTOR,a619ab9b4,2,1,1,13,13
moby,buildkit,2026-07-01,merged,CONTRIBUTOR,a619ab9b4,4,2,1,14,14
moby,buildkit,2026-07-01,merged,CONTRIBUTOR,a33dc514a,12,2,2,0,287
moby,buildkit,2026-07-01,merged,MEMBER,ad28e9a8f,12,1,1,1,2
moby,buildkit,2026-07-01,merged,MEMBER,ad28e9a8f,168,5,4,15,58
moby,buildkit,2026-07-01,merged,CONTRIBUTOR,acea902cb,45,2,1,86,87
moby,buildkit,2026-07-01,open,CONTRIBUTOR,a4e052ecd,57,2,3,25,
moby,buildkit,2026-07-01,closed,NONE,ae61bc7e5,158,3,1,303,
moby,moby,2023-08-01,merged,MEMBER,a1fe9e3d3,35,4,2,2,71
moby,moby,2023-08-01,merged,MEMBER,afdafcebc,93,4,3,0,54
moby,moby,2023-08-01,merged,CONTRIBUTOR,a083eacd8,38,2,7,70,3991
moby,moby,2023-08-01,merged,MEMBER,afdafcebc,40,4,9,1,6
moby,moby,2023-08-01,merged,CONTRIBUTOR,a9a258f36,21,1,5,1,23
moby,moby,2023-08-01,merged,MEMBER,afdafcebc,288,4,4,11,13
moby,moby,2023-08-01,merged,MEMBER,afdafcebc,994,39,1,3,4
moby,moby,2023-08-01,closed,CONTRIBUTOR,a2430ff80,131,1,3,79,
moby,moby,2023-08-01,merged,MEMBER,afdafcebc,80,10,1,260,260
moby,moby,2023-08-01,merged,MEMBER,afdafcebc,65,2,1,42,43
moby,moby,2023-08-01,open,MEMBER,afdafcebc,26,2,1,367,
moby,moby,2023-08-01,merged,MEMBER,afdafcebc,96,1,1,164,165
moby,moby,2023-08-01,merged,MEMBER,aef3ad25d,316,19,15,0,626
moby,moby,2023-08-01,merged,MEMBER,ad28e9a8f,30,3,4,3,19
moby,moby,2023-08-01,merged,CONTRIBUTOR,a9a258f36,131,3,2,0,69
moby,moby,2023-08-01,merged,MEMBER,afdafcebc,63,3,2,2496,2498
moby,moby,2023-08-01,open,MEMBER,afdafcebc,212,4,1,55,
moby,moby,2023-08-01,merged,MEMBER,afdafcebc,2569,133,1,193,193
moby,moby,2023-08-01,closed,CONTRIBUTOR,a4fc3a44d,36,5,0,,
moby,moby,2023-08-01,merged,CONTRIBUTOR,a9a258f36,328,7,8,0,172
moby,moby,2023-08-01,merged,MEMBER,afdafcebc,430,5,15,643,647
moby,moby,2023-08-01,merged,MEMBER,afdafcebc,36,36,2,0,7
moby,moby,2023-08-01,merged,MEMBER,afdafcebc,55,4,5,106,117
moby,moby,2023-08-01,merged,MEMBER,afdafcebc,56,14,1,0,1
moby,moby,2023-08-01,merged,MEMBER,afdafcebc,84,1,1,14,16
moby,moby,2023-08-01,merged,CONTRIBUTOR,a9a258f36,209,3,36,23,272
moby,moby,2023-09-01,merged,MEMBER,afdafcebc,246,8,2,876,877
moby,moby,2023-09-01,merged,MEMBER,a59c45b6c,50,1,4,1,23
moby,moby,2023-09-01,merged,MEMBER,afdafcebc,28,4,2,10,12
moby,moby,2023-09-01,closed,MEMBER,afdafcebc,5213,111,1,4,
moby,moby,2023-09-01,merged,CONTRIBUTOR,aca8e9c30,178,13,17,8,2759
moby,moby,2023-09-01,closed,MEMBER,a3889aa12,19,1,0,,
moby,moby,2023-09-01,merged,MEMBER,afdafcebc,18,1,1,4,4
moby,moby,2023-09-01,merged,MEMBER,aef3ad25d,82,5,9,0,198
moby,moby,2023-09-01,merged,MEMBER,afdafcebc,27,2,3,0,141
moby,moby,2023-09-01,merged,MEMBER,afdafcebc,163,18,2,25,35
moby,moby,2023-09-01,merged,CONTRIBUTOR,a9a258f36,1,1,9,0,6
moby,moby,2023-09-01,merged,CONTRIBUTOR,a9a258f36,31,2,12,0,3365
moby,moby,2023-09-01,merged,MEMBER,afdafcebc,37,1,1,238,239
moby,moby,2023-09-01,merged,MEMBER,afdafcebc,10,5,1,3,3
moby,moby,2023-09-01,open,MEMBER,afdafcebc,519,24,12,18,
moby,moby,2023-09-01,open,CONTRIBUTOR,ab2b29f8d,29,2,6,14,
moby,moby,2023-09-01,merged,MEMBER,afdafcebc,1144,112,4,663,668
moby,moby,2023-09-01,merged,MEMBER,a59c45b6c,8,1,6,1,50
moby,moby,2023-09-01,merged,MEMBER,afdafcebc,10,2,1,2,2
moby,moby,2023-10-01,merged,CONTRIBUTOR,a9a258f36,1,1,1,0,3
moby,moby,2023-10-01,merged,CONTRIBUTOR,ab2b29f8d,174,2,7,21,165
moby,moby,2023-10-01,closed,MEMBER,afdafcebc,1857,45,1,0,
moby,moby,2023-10-01,merged,CONTRIBUTOR,a76c8e919,154,6,4,202,397
moby,moby,2023-10-01,open,MEMBER,a1fe9e3d3,10,1,0,,
moby,moby,2023-10-01,merged,MEMBER,afdafcebc,33,1,2,3,56
moby,moby,2023-10-01,closed,MEMBER,aef3ad25d,1202,20,0,,
moby,moby,2023-10-01,merged,CONTRIBUTOR,a76c8e919,43,2,2,11,115
moby,moby,2023-10-01,merged,MEMBER,a59c45b6c,9,1,10,1,3
moby,moby,2023-10-01,merged,CONTRIBUTOR,a76c8e919,106,6,3,13,71
moby,moby,2023-10-01,merged,MEMBER,afdafcebc,7,1,2,2,20
moby,moby,2023-10-01,merged,CONTRIBUTOR,a76c8e919,17,10,3,5,70
moby,moby,2023-11-01,merged,MEMBER,afdafcebc,6,3,1,0,22
moby,moby,2023-11-01,merged,CONTRIBUTOR,ae82ee39e,4,2,9,3,24
moby,moby,2023-11-01,merged,MEMBER,a3889aa12,20,3,2,10,14
moby,moby,2023-11-01,merged,MEMBER,a59c45b6c,55,4,20,3,1854
moby,moby,2023-11-01,merged,MEMBER,afdafcebc,344,7,3,0,1
moby,moby,2023-11-01,merged,MEMBER,a3889aa12,1262,15,21,127,662
moby,moby,2023-11-01,merged,MEMBER,afdafcebc,21,1,1,318,318
moby,moby,2023-11-01,merged,MEMBER,afdafcebc,54,1,7,0,22
moby,moby,2023-11-01,merged,CONTRIBUTOR,a9a258f36,50,1,7,1,28
moby,moby,2023-12-01,merged,CONTRIBUTOR,a9a258f36,96,1,4,0,627
moby,moby,2023-12-01,merged,CONTRIBUTOR,a9a258f36,11,1,2,3,14
moby,moby,2023-12-01,open,MEMBER,a3889aa12,2,1,0,,
moby,moby,2023-12-01,closed,CONTRIBUTOR,a9a258f36,47,3,0,,
moby,moby,2023-12-01,merged,MEMBER,afdafcebc,3540,10,6,2,11208
moby,moby,2023-12-01,merged,MEMBER,afdafcebc,4,2,1,0,1
moby,moby,2023-12-01,merged,MEMBER,afdafcebc,45,7,1,22,41
moby,moby,2023-12-01,merged,MEMBER,afdafcebc,1633,407,1,1,1
moby,moby,2024-01-01,merged,CONTRIBUTOR,af02bd9fa,222,6,22,63,158
moby,moby,2024-01-01,merged,CONTRIBUTOR,a9a258f36,31,2,1,0,1
moby,moby,2024-01-01,open,MEMBER,aef3ad25d,73,4,1,23,
moby,moby,2024-01-01,merged,MEMBER,aef3ad25d,45,7,7,0,3
moby,moby,2024-01-01,merged,MEMBER,afdafcebc,2,1,1,4,5
moby,moby,2024-01-01,merged,MEMBER,afdafcebc,9,1,3,0,1
moby,moby,2024-01-01,merged,CONTRIBUTOR,af02bd9fa,2592,50,83,371,1245
moby,moby,2024-01-01,merged,CONTRIBUTOR,a9a258f36,2,1,2,0,3
moby,moby,2024-01-01,merged,CONTRIBUTOR,a9a258f36,44,2,2,1,2
moby,moby,2024-01-01,merged,MEMBER,a1fe9e3d3,76,3,10,1,14
moby,moby,2024-01-01,closed,CONTRIBUTOR,a9a258f36,2,1,3,9,
moby,moby,2024-01-01,merged,MEMBER,afdafcebc,18,1,1,11,12
moby,moby,2024-01-01,merged,MEMBER,a59c45b6c,29,2,3,1,4
moby,moby,2024-01-01,merged,MEMBER,afdafcebc,253,22,2,3,3
moby,moby,2024-01-01,merged,MEMBER,afdafcebc,367,41,1,73,80
moby,moby,2024-01-01,merged,MEMBER,afdafcebc,1647,58,8,8,385
moby,moby,2024-01-01,merged,CONTRIBUTOR,a9a258f36,15,1,1,1,1
moby,moby,2024-01-01,merged,MEMBER,afdafcebc,2,1,2,0,1
moby,moby,2024-01-01,merged,MEMBER,afdafcebc,13,2,3,1,1
moby,moby,2024-01-01,merged,MEMBER,afdafcebc,37,3,1,0,1
moby,moby,2024-01-01,closed,CONTRIBUTOR,a91f84658,103,5,0,,
moby,moby,2024-01-01,merged,MEMBER,afdafcebc,4,2,3,0,1
moby,moby,2024-01-01,merged,MEMBER,afdafcebc,4,2,3,0,2
moby,moby,2024-01-01,merged,CONTRIBUTOR,a9a258f36,2,1,1,0,1
moby,moby,2024-01-01,merged,MEMBER,afdafcebc,140,8,2,22,23
moby,moby,2024-01-01,merged,CONTRIBUTOR,af02bd9fa,161,3,3,74,80
moby,moby,2024-01-01,merged,MEMBER,a618fbad9,179,8,10,18,3379
moby,moby,2024-02-01,merged,MEMBER,aef3ad25d,222,6,3,1,10
moby,moby,2024-02-01,merged,MEMBER,afdafcebc,253,8,1,3,3
moby,moby,2024-02-01,closed,MEMBER,afdafcebc,218,6,0,,
moby,moby,2024-02-01,merged,MEMBER,a2d328606,52,2,5,24,88
moby,moby,2024-02-01,merged,MEMBER,afdafcebc,4,1,1,45,45
moby,moby,2024-02-01,merged,MEMBER,afdafcebc,361,31,4,6626,10880
moby,moby,2024-02-01,merged,MEMBER,afdafcebc,9294,49,1,1,1
moby,moby,2024-02-01,merged,CONTRIBUTOR,a9a258f36,178,9,19,0,292
moby,moby,2024-02-01,merged,CONTRIBUTOR,af02bd9fa,60,1,7,279,352
moby,moby,2024-02-01,merged,MEMBER,ad28e9a8f,8,5,2,1,32
moby,moby,2024-02-01,closed,CONTRIBUTOR,a9a258f36,34772,442,0,,
moby,moby,2024-02-01,merged,CONTRIBUTOR,a76c8e919,30121,114,7,68,644
moby,moby,2024-03-01,merged,MEMBER,a59c45b6c,46,9,6,2,26
moby,moby,2024-03-01,merged,CONTRIBUTOR,a9a258f36,23,2,7,69,243
moby,moby,2024-03-01,merged,CONTRIBUTOR,a9a258f36,16,8,2,0,2
moby,moby,2024-03-01,merged,CONTRIBUTOR,a9a258f36,9,2,5,135,7363
moby,moby,2024-03-01,merged,CONTRIBUTOR,a9a258f36,16,1,11,0,270
moby,moby,2024-03-01,closed,CONTRIBUTOR,a9a258f36,27,1,1,19,
moby,moby,2024-03-01,closed,MEMBER,a1fe9e3d3,36,1,0,,
moby,moby,2024-03-01,merged,CONTRIBUTOR,a9a258f36,321,4,4,5,21
moby,moby,2024-03-01,merged,CONTRIBUTOR,a9a258f36,41,3,10,0,73
moby,moby,2024-03-01,merged,MEMBER,afdafcebc,75,2,2,0,1
moby,moby,2024-03-01,merged,MEMBER,afd612ab4,36,1,10,6,37
moby,moby,2024-04-01,closed,CONTRIBUTOR,a6cca0d87,64,2,0,,
moby,moby,2024-04-01,closed,CONTRIBUTOR,a1d41ef4c,41,9,1,0,
moby,moby,2024-04-01,merged,MEMBER,afd612ab4,4,1,2,1,2
moby,moby,2024-04-01,merged,CONTRIBUTOR,a32b27df9,21,1,2,749,752
moby,moby,2024-04-01,closed,MEMBER,a618fbad9,15,2,0,,
moby,moby,2024-04-01,closed,MEMBER,ad28e9a8f,168,7,0,,
moby,moby,2024-04-01,merged,CONTRIBUTOR,a9a258f36,6,3,1,6,6
moby,moby,2024-04-01,merged,CONTRIBUTOR,a9a258f36,2,1,1,3,3
moby,moby,2024-04-01,merged,CONTRIBUTOR,a9a258f36,920,15,1,2,2
moby,moby,2024-04-01,merged,CONTRIBUTOR,af02bd9fa,113,2,8,66,73
moby,moby,2024-05-01,merged,CONTRIBUTOR,a9a258f36,14,7,1,0,1
moby,moby,2024-05-01,merged,CONTRIBUTOR,a17d8a3fa,2,1,6,858,1985
moby,moby,2024-05-01,open,NONE,aac38e98e,7,1,0,,
moby,moby,2024-05-01,merged,CONTRIBUTOR,a8b93d119,13,1,1,22,22
moby,moby,2024-05-01,merged,MEMBER,afdafcebc,45,1,6,0,379
moby,moby,2024-05-01,merged,CONTRIBUTOR,a9a258f36,4,1,3,4,45
moby,moby,2024-05-01,merged,CONTRIBUTOR,af02bd9fa,15,2,2,2,197
moby,moby,2024-05-01,merged,MEMBER,aef3ad25d,46,1,3,2,3
moby,moby,2024-05-01,merged,MEMBER,aef3ad25d,18,3,3,12,25
moby,moby,2024-06-01,merged,MEMBER,afdafcebc,56,9,2,73,74
moby,moby,2024-06-01,merged,MEMBER,afdafcebc,30,7,2,2,4
moby,moby,2024-06-01,merged,MEMBER,a2d328606,871,17,10,2,95
moby,moby,2024-06-01,open,CONTRIBUTOR,adfbbad1a,5,1,2,0,
moby,moby,2024-06-01,merged,MEMBER,afdafcebc,70,5,1,7,7
moby,moby,2024-06-01,merged,CONTRIBUTOR,af02bd9fa,91,3,2,3,4
moby,moby,2024-06-01,merged,MEMBER,afdafcebc,20,4,3,0,4
moby,moby,2024-06-01,merged,MEMBER,afdafcebc,20,4,2,18,18
moby,moby,2024-06-01,closed,CONTRIBUTOR,a3ad7e73d,12,2,0,,
moby,moby,2024-06-01,merged,CONTRIBUTOR,a9a258f36,4,1,1,3,3
moby,moby,2024-06-01,merged,MEMBER,afdafcebc,1250,57,10,1,158
moby,moby,2024-06-01,merged,MEMBER,afdafcebc,80,3,4,21,26
moby,moby,2024-06-01,open,MEMBER,aef3ad25d,380,24,4,24,
moby,moby,2024-06-01,merged,MEMBER,a618fbad9,929,18,25,311,1959
moby,moby,2024-06-01,merged,CONTRIBUTOR,a5379502d,399,13,25,3,148
moby,moby,2024-06-01,merged,MEMBER,afdafcebc,85,4,1,1,2
moby,moby,2024-06-01,merged,MEMBER,afdafcebc,44,2,2,11,11
moby,moby,2024-06-01,merged,CONTRIBUTOR,a9a258f36,46,2,1,2,2
moby,moby,2024-06-01,merged,MEMBER,afdafcebc,164,7,1,45,45
moby,moby,2024-06-01,merged,MEMBER,aef3ad25d,2,1,5,0,1
moby,moby,2024-06-01,merged,MEMBER,aef3ad25d,184,2,2,0,1
moby,moby,2024-06-01,open,MEMBER,afdafcebc,4,1,0,,
moby,moby,2024-06-01,merged,MEMBER,afdafcebc,147,10,2,11,12
moby,moby,2024-06-01,merged,MEMBER,afdafcebc,223,20,3,31,52
moby,moby,2024-07-01,merged,MEMBER,afdafcebc,4,1,1,10,10
moby,moby,2024-07-01,merged,CONTRIBUTOR,a9a258f36,263,9,1,0,4
moby,moby,2024-07-01,closed,CONTRIBUTOR,a0eb9a2cd,16,2,0,,
moby,moby,2024-07-01,merged,CONTRIBUTOR,a6cca0d87,26,10,3,146,172
moby,moby,2024-07-01,merged,MEMBER,afd612ab4,1,1,5,1,25
moby,moby,2024-07-01,merged,MEMBER,afdafcebc,4,1,1,15,15
moby,moby,2024-07-01,merged,MEMBER,afdafcebc,33,9,1,12,12
moby,moby,2024-07-01,open,MEMBER,afdafcebc,4,1,2,11,
moby,moby,2024-07-01,merged,MEMBER,afd612ab4,18,1,2,28,32
moby,moby,2024-07-01,merged,CONTRIBUTOR,af02bd9fa,24,2,2,3,22
moby,moby,2024-07-01,merged,CONTRIBUTOR,a6cca0d87,19,3,1,3,3
moby,moby,2024-07-01,merged,CONTRIBUTOR,a9a258f36,11,4,2,0,2
moby,moby,2024-07-01,merged,CONTRIBUTOR,af02bd9fa,228,2,8,3,72
moby,moby,2024-07-01,open,MEMBER,afdafcebc,18,2,0,,
moby,moby,2024-07-01,merged,CONTRIBUTOR,a6cca0d87,24,2,1,329,329
moby,moby,2024-07-01,merged,MEMBER,afdafcebc,99,11,3,1,3
moby,moby,2024-07-01,merged,CONTRIBUTOR,af02bd9fa,121,14,7,2,23
moby,moby,2024-07-01,open,CONTRIBUTOR,a8bddb79d,60,4,7,25,
moby,moby,2024-07-01,merged,MEMBER,afdafcebc,4,2,3,13,213
moby,moby,2024-07-01,merged,CONTRIBUTOR,af02bd9fa,108,5,13,3,20
moby,moby,2024-08-01,merged,CONTRIBUTOR,a6cca0d87,99,11,1,21,21
moby,moby,2024-08-01,merged,CONTRIBUTOR,a9a258f36,9,1,5,0,19
moby,moby,2024-08-01,merged,MEMBER,ad28e9a8f,83,3,8,0,27
moby,moby,2024-08-01,open,NONE,afb5bd55d,8,1,1,0,
moby,moby,2024-08-01,closed,MEMBER,afdafcebc,1892,31,0,,
moby,moby,2024-08-01,merged,CONTRIBUTOR,a9a258f36,65,3,8,2,1849
moby,moby,2024-08-01,merged,CONTRIBUTOR,a9a258f36,54,3,5,1,72
moby,moby,2024-08-01,closed,NONE,a92e5e2cf,70683,754,0,,
moby,moby,2024-08-01,merged,CONTRIBUTOR,a76c8e919,387,25,2,160,188
moby,moby,2024-08-01,merged,CONTRIBUTOR,a9a258f36,88,3,1,6,6
moby,moby,2024-09-01,merged,CONTRIBUTOR,a9a258f36,26,2,2,0,3
moby,moby,2024-09-01,merged,CONTRIBUTOR,a9a258f36,12916,1,3,0,1
moby,moby,2024-09-01,merged,CONTRIBUTOR,a6cca0d87,2,1,1,0,1
moby,moby,2024-09-01,merged,MEMBER,afdafcebc,31,3,1,2,4
moby,moby,2024-09-01,merged,MEMBER,afdafcebc,4,1,1,0,2
moby,moby,2024-09-01,merged,CONTRIBUTOR,af02bd9fa,162,2,1,4,4
moby,moby,2024-10-01,merged,MEMBER,afdafcebc,12,2,1,23,23
moby,moby,2024-10-01,merged,CONTRIBUTOR,a9a258f36,28,2,12,0,4
moby,moby,2024-10-01,merged,MEMBER,afdafcebc,74,37,1,21,21
moby,moby,2024-10-01,merged,MEMBER,afdafcebc,4,1,1,2,3
moby,moby,2024-10-01,merged,CONTRIBUTOR,a9a258f36,33,1,3,0,3
moby,moby,2024-10-01,merged,MEMBER,afdafcebc,48,5,2,13,13
moby,moby,2024-10-01,merged,MEMBER,afdafcebc,29,2,7,2,23
moby,moby,2024-10-01,merged,MEMBER,afdafcebc,1827,16,1,3,3
moby,moby,2024-10-01,merged,CONTRIBUTOR,a8bddb79d,8,1,1,5,5
moby,moby,2024-10-01,merged,MEMBER,afdafcebc,19,2,1,15,16
moby,moby,2024-10-01,merged,MEMBER,afdafcebc,15,1,1,21,21
moby,moby,2024-10-01,merged,CONTRIBUTOR,a9a258f36,159,2,7,0,338
moby,moby,2024-10-01,merged,CONTRIBUTOR,a9a258f36,700,4,22,20,97
moby,moby,2024-10-01,merged,CONTRIBUTOR,a6cca0d87,304,5,1,7,7
moby,moby,2024-10-01,merged,MEMBER,afdafcebc,59,2,9,18,24
moby,moby,2024-10-01,closed,MEMBER,afdafcebc,6,1,1,134,
moby,moby,2024-10-01,open,MEMBER,afdafcebc,94,2,10,0,
moby,moby,2024-10-01,merged,MEMBER,afdafcebc,261,10,2,17,19
moby,moby,2024-10-01,merged,MEMBER,afdafcebc,26898,261,2,0,3
moby,moby,2024-10-01,merged,MEMBER,afdafcebc,53,2,6,182,2488
moby,moby,2024-10-01,closed,MEMBER,afdafcebc,581,34,0,,
moby,moby,2024-10-01,merged,MEMBER,afdafcebc,26898,261,2,16,17
moby,moby,2024-10-01,merged,CONTRIBUTOR,af16546bb,6,1,2,56,77
moby,moby,2024-10-01,merged,CONTRIBUTOR,a034aa9f4,50,3,4,318,417
moby,moby,2024-10-01,merged,MEMBER,af5c6dc4c,8,3,2,11,13
moby,moby,2024-10-01,merged,CONTRIBUTOR,af02bd9fa,9,3,2,0,1
moby,moby,2024-10-01,merged,MEMBER,afdafcebc,562,28,3,0,3
moby,moby,2024-11-01,merged,CONTRIBUTOR,af02bd9fa,321,13,10,19,68
moby,moby,2024-11-01,merged,CONTRIBUTOR,a9a258f36,511,20,21,26,171
moby,moby,2024-11-01,merged,MEMBER,a618fbad9,929,18,3,69,116
moby,moby,2024-11-01,merged,CONTRIBUTOR,a9a258f36,38,19,1,1,4
moby,moby,2024-11-01,merged,CONTRIBUTOR,aa517dd74,122,5,30,2,1880
moby,moby,2024-11-01,merged,CONTRIBUTOR,af02bd9fa,12,2,2,0,1
moby,moby,2024-11-01,merged,CONTRIBUTOR,a217c19f1,2,1,3,1,31
moby,moby,2024-11-01,merged,CONTRIBUTOR,af02bd9fa,167,5,2,20,139
moby,moby,2024-11-01,merged,CONTRIBUTOR,a9a258f36,107,6,2,4,30
moby,moby,2024-11-01,merged,CONTRIBUTOR,a9a258f36,108,6,3,0,5
moby,moby,2024-11-01,merged,MEMBER,afdafcebc,79,7,2,0,2
moby,moby,2024-11-01,merged,MEMBER,afdafcebc,55,5,1,5,5
moby,moby,2024-11-01,merged,MEMBER,afdafcebc,38,1,4,26,6742
moby,moby,2024-11-01,merged,CONTRIBUTOR,ae1ad9a65,19,1,6,1,19
moby,moby,2024-11-01,merged,CONTRIBUTOR,af02bd9fa,12,1,1,5,5
moby,moby,2024-11-01,closed,MEMBER,afdafcebc,2,1,0,,
moby,moby,2024-11-01,merged,MEMBER,afdafcebc,12,1,1,5,5
moby,moby,2024-11-01,merged,MEMBER,afdafcebc,12,1,1,4,5
moby,moby,2024-11-01,merged,CONTRIBUTOR,a6cca0d87,16,8,1,0,2
moby,moby,2024-11-01,closed,MEMBER,afdafcebc,149,11,0,,
moby,moby,2024-11-01,merged,CONTRIBUTOR,af02bd9fa,14,2,1,0,1
moby,moby,2024-11-01,merged,MEMBER,afdafcebc,69,4,1,12,12
moby,moby,2024-11-01,closed,MEMBER,a2d328606,589,10,33,0,
moby,moby,2024-12-01,closed,CONTRIBUTOR,affed4fbc,450,17,0,,
moby,moby,2024-12-01,merged,CONTRIBUTOR,a9a258f36,4,1,1,2,2
moby,moby,2024-12-01,merged,CONTRIBUTOR,af02bd9fa,271,3,4,24,74
moby,moby,2024-12-01,merged,MEMBER,afdafcebc,156,14,3,0,368
moby,moby,2024-12-01,merged,MEMBER,afdafcebc,2,1,1,11,11
moby,moby,2024-12-01,merged,MEMBER,afdafcebc,4,2,1,10,10
moby,moby,2024-12-01,merged,MEMBER,afdafcebc,31,12,1,1,2
moby,moby,2024-12-01,merged,MEMBER,afdafcebc,32,9,1,4,5
moby,moby,2024-12-01,merged,CONTRIBUTOR,a9a258f36,543,35,4,0,7
moby,moby,2024-12-01,merged,MEMBER,afdafcebc,8,3,1,0,2
moby,moby,2024-12-01,merged,MEMBER,afdafcebc,51,11,1,12,12
moby,moby,2024-12-01,merged,MEMBER,afdafcebc,87,8,5,73,241
moby,moby,2024-12-01,merged,MEMBER,afdafcebc,4,1,1,70,70
moby,moby,2025-01-01,merged,MEMBER,afdafcebc,4,1,1,4,4
moby,moby,2025-01-01,merged,MEMBER,afdafcebc,5141,64,1,17,17
moby,moby,2025-01-01,merged,CONTRIBUTOR,a6cca0d87,4,2,1,19,19
moby,moby,2025-01-01,merged,MEMBER,afdafcebc,36,6,1,13,13
moby,moby,2025-01-01,merged,MEMBER,afdafcebc,405,8,3,3,8
moby,moby,2025-01-01,merged,MEMBER,afdafcebc,13,1,1,1,1
moby,moby,2025-01-01,open,MEMBER,aef3ad25d,136,15,0,,
moby,moby,2025-01-01,open,MEMBER,afdafcebc,100,2,1,95,
moby,moby,2025-01-01,merged,MEMBER,afdafcebc,102,9,1,20,20
moby,moby,2025-01-01,merged,MEMBER,afdafcebc,18,1,1,20,20
moby,moby,2025-01-01,merged,MEMBER,afdafcebc,10,1,1,69,69
moby,moby,2025-01-01,merged,MEMBER,afdafcebc,10,4,1,42,42
moby,moby,2025-01-01,merged,MEMBER,afdafcebc,93,7,1,1,1
moby,moby,2025-01-01,merged,MEMBER,afdafcebc,10,4,2,1,1
moby,moby,2025-01-01,merged,CONTRIBUTOR,af02bd9fa,3,1,1,1,3
moby,moby,2025-01-01,merged,MEMBER,afdafcebc,14,2,1,22,22
moby,moby,2025-01-01,merged,MEMBER,afdafcebc,4,1,1,49,49
moby,moby,2025-01-01,merged,MEMBER,afdafcebc,446,2,1,171,171
moby,moby,2025-01-01,merged,MEMBER,afdafcebc,12,4,1,20,20
moby,moby,2025-02-01,merged,MEMBER,afdafcebc,3178,44,1,2,2
moby,moby,2025-02-01,closed,COLLABORATOR,a45bdb06c,25,4,0,,
moby,moby,2025-02-01,closed,NONE,a40d5e0b2,4,1,0,,
moby,moby,2025-02-01,merged,COLLABORATOR,a9821d779,211,6,14,10,327
moby,moby,2025-02-01,merged,MEMBER,afdafcebc,153,5,1,39,39
moby,moby,2025-02-01,merged,MEMBER,aef3ad25d,53,4,8,0,9
moby,moby,2025-02-01,merged,CONTRIBUTOR,af02bd9fa,495,24,6,25,28
moby,moby,2025-02-01,merged,MEMBER,afdafcebc,16,4,1,0,2
moby,moby,2025-02-01,merged,CONTRIBUTOR,a98abd09d,25,2,2,55,57
moby,moby,2025-02-01,merged,MEMBER,afdafcebc,149,12,1,25,25
moby,moby,2025-02-01,merged,MEMBER,afdafcebc,4,1,1,18,18
moby,moby,2025-02-01,merged,MEMBER,afdafcebc,194,8,1,1,2
moby,moby,2025-03-01,closed,MEMBER,afdafcebc,11,1,1,0,
moby,moby,2025-03-01,merged,MEMBER,afdafcebc,79,2,1,22,25
moby,moby,2025-03-01,merged,CONTRIBUTOR,af02bd9fa,2,1,1,6,6
moby,moby,2025-03-01,merged,CONTRIBUTOR,a9a258f36,17,1,1,97,97
moby,moby,2025-03-01,merged,MEMBER,afdafcebc,161,5,1,20,21
moby,moby,2025-03-01,merged,MEMBER,afdafcebc,39,3,1,21,22
moby,moby,2025-03-01,closed,MEMBER,afdafcebc,12,2,1,242,
moby,moby,2025-03-01,merged,CONTRIBUTOR,a182301da,14,3,2,45,60
moby,moby,2025-03-01,merged,MEMBER,afdafcebc,151,3,1,26,27
moby,moby,2025-03-01,merged,CONTRIBUTOR,af02bd9fa,106,8,9,2,67
moby,moby,2025-03-01,open,CONTRIBUTOR,a9a258f36,16,2,0,,
moby,moby,2025-03-01,closed,CONTRIBUTOR,af02bd9fa,19,4,0,,
moby,moby,2025-03-01,merged,CONTRIBUTOR,af02bd9fa,58,2,5,4,46
moby,moby,2025-03-01,merged,CONTRIBUTOR,af02bd9fa,79,4,2,30,77
moby,moby,2025-03-01,merged,MEMBER,aef3ad25d,77,3,12,0,3
moby,moby,2025-03-01,closed,CONTRIBUTOR,a9a258f36,6,3,0,,
moby,moby,2025-03-01,merged,CONTRIBUTOR,a9a258f36,6,2,1,0,1
moby,moby,2025-03-01,merged,CONTRIBUTOR,af02bd9fa,150,4,2,18,75
moby,moby,2025-04-01,closed,MEMBER,a3889aa12,209,16,3,0,
moby,moby,2025-04-01,merged,CONTRIBUTOR,a9fb8e158,4,1,15,0,4
moby,moby,2025-04-01,merged,MEMBER,afdafcebc,151,17,3,69,69
moby,moby,2025-04-01,merged,CONTRIBUTOR,af02bd9fa,74,2,8,17,230
moby,moby,2025-04-01,merged,CONTRIBUTOR,a680facbc,589,7,8,327,1169
moby,moby,2025-04-01,merged,MEMBER,afdafcebc,100,2,2,0,22
moby,moby,2025-04-01,merged,MEMBER,afdafcebc,93,3,1,1,1
moby,moby,2025-04-01,merged,CONTRIBUTOR,af02bd9fa,126,10,12,1,8
moby,moby,2025-04-01,merged,MEMBER,aef3ad25d,15,2,5,0,20
moby,moby,2025-04-01,merged,MEMBER,afdafcebc,2,1,1,6,6
moby,moby,2025-04-01,merged,CONTRIBUTOR,af02bd9fa,2620,12,4,167,310
moby,moby,2025-04-01,merged,CONTRIBUTOR,a70873c0e,56,7,5,6,8
moby,moby,2025-04-01,merged,MEMBER,afdafcebc,25,6,2,24,25
moby,moby,2025-04-01,merged,CONTRIBUTOR,af02bd9fa,8115,207,7,430,432
moby,moby,2025-05-01,merged,MEMBER,afdafcebc,3,1,1,9,9
moby,moby,2025-05-01,merged,CONTRIBUTOR,a76c8e919,38,2,5,1,117
moby,moby,2025-05-01,closed,NONE,af87ded93,61378,715,0,,
moby,moby,2025-05-01,merged,MEMBER,a3889aa12,177,34,4,7,995
moby,moby,2025-05-01,merged,MEMBER,afdafcebc,97,10,2,1,2
moby,moby,2025-05-01,merged,CONTRIBUTOR,a9a258f36,668,99,9,66,73
moby,moby,2025-05-01,merged,CONTRIBUTOR,a5e620baa,2053,68,4,468,481
moby,moby,2025-05-01,merged,COLLABORATOR,a9821d779,110,2,18,7,205
moby,moby,2025-05-01,merged,CONTRIBUTOR,a9a258f36,2,1,1,3,3
moby,moby,2025-05-01,closed,MEMBER,afdafcebc,10,1,1,4,
moby,moby,2025-05-01,open,CONTRIBUTOR,a083eacd8,83,3,5,179,
moby,moby,2025-05-01,merged,MEMBER,afdafcebc,8,1,1,2,2
moby,moby,2025-05-01,merged,MEMBER,afdafcebc,2,1,1,1,2
moby,moby,2025-05-01,merged,MEMBER,afdafcebc,313,9,2,3,20
moby,moby,2025-05-01,merged,MEMBER,afdafcebc,53,1,1,25,25
moby,moby,2025-05-01,merged,MEMBER,afdafcebc,2,1,1,5,10
moby,moby,2025-05-01,closed,CONTRIBUTOR,a6cca0d87,149,2,0,,
moby,moby,2025-06-01,merged,MEMBER,afdafcebc,27,1,2,45,45
moby,moby,2025-06-01,merged,MEMBER,afdafcebc,31,6,1,28,28
moby,moby,2025-06-01,merged,MEMBER,afdafcebc,12,6,2,144,144
moby,moby,2025-06-01,open,NONE,adc4d6ca9,56,5,7,115,
moby,moby,2025-06-01,merged,COLLABORATOR,a9821d779,588,13,22,47,1026
moby,moby,2025-06-01,merged,CONTRIBUTOR,af02bd9fa,13213,285,8,121,129
moby,moby,2025-06-01,merged,MEMBER,afdafcebc,29,1,2,6,6
moby,moby,2025-06-01,merged,MEMBER,afdafcebc,2,1,3,67,67
moby,moby,2025-06-01,merged,CONTRIBUTOR,a9a258f36,13430,1,1,0,0
moby,moby,2025-06-01,merged,CONTRIBUTOR,af8e9d41c,1958,27,6,107,1651
moby,moby,2025-06-01,merged,CONTRIBUTOR,a9a258f36,2,1,2,0,15
moby,moby,2025-06-01,merged,CONTRIBUTOR,a247ff684,133,9,31,35,558
moby,moby,2025-07-01,merged,MEMBER,afdafcebc,7,2,1,5,15
moby,moby,2025-07-01,merged,MEMBER,afdafcebc,57,2,1,2,2
moby,moby,2025-07-01,merged,CONTRIBUTOR,af02bd9fa,9,1,3,2,86
moby,moby,2025-07-01,merged,MEMBER,afdafcebc,16,2,1,0,2
moby,moby,2025-07-01,merged,MEMBER,afdafcebc,469,33,1,5,5
moby,moby,2025-07-01,open,MEMBER,a3889aa12,131,1,8,1,
moby,moby,2025-07-01,merged,MEMBER,afdafcebc,78,8,5,1,11
moby,moby,2025-07-01,merged,MEMBER,afdafcebc,15,7,1,0,2
moby,moby,2025-07-01,merged,CONTRIBUTOR,a91c4d9a0,97,7,4,0,270
moby,moby,2025-07-01,merged,MEMBER,afdafcebc,1,1,1,1,2
moby,moby,2025-07-01,merged,MEMBER,afdafcebc,226,11,1,44,44
moby,moby,2025-07-01,merged,MEMBER,afdafcebc,119,8,2,47,49
moby,moby,2025-07-01,merged,CONTRIBUTOR,a76c8e919,11095,108,2,82,329
moby,moby,2025-07-01,merged,MEMBER,afdafcebc,287,65,4,26,27
moby,moby,2025-07-01,merged,CONTRIBUTOR,af02bd9fa,57,6,2,22,23
moby,moby,2025-07-01,merged,MEMBER,afdafcebc,31,4,3,7,12
moby,moby,2025-07-01,merged,MEMBER,afdafcebc,18,1,1,18,23
moby,moby,2025-07-01,merged,MEMBER,afdafcebc,38,1,5,0,182
moby,moby,2025-07-01,merged,MEMBER,afdafcebc,63,7,8,0,99
moby,moby,2025-07-01,closed,MEMBER,aef3ad25d,2699,36,0,,
moby,moby,2025-07-01,open,CONTRIBUTOR,af02bd9fa,1436,1,1,78,
moby,moby,2025-07-01,merged,MEMBER,afdafcebc,8,3,1,17,17
moby,moby,2025-07-01,closed,CONTRIBUTOR,a5e620baa,373,40,0,,
moby,moby,2025-07-01,merged,MEMBER,afdafcebc,16,1,1,72,72
moby,moby,2025-07-01,merged,MEMBER,ad28e9a8f,7,2,7,1,312
moby,moby,2025-07-01,merged,MEMBER,aef3ad25d,2109,22,4,149,267
moby,moby,2025-07-01,merged,MEMBER,afdafcebc,10,2,2,0,17
moby,moby,2025-07-01,merged,CONTRIBUTOR,af02bd9fa,97,16,24,138,196
moby,moby,2025-07-01,merged,CONTRIBUTOR,a9a258f36,26,13,3,4,11
moby,moby,2025-07-01,merged,CONTRIBUTOR,a0d97c428,34,2,4,288,315
moby,moby,2025-08-01,merged,CONTRIBUTOR,af02bd9fa,415,21,6,19,115
moby,moby,2025-08-01,closed,CONTRIBUTOR,af02bd9fa,380,17,0,,
moby,moby,2025-08-01,closed,NONE,ae9e31364,3,1,0,,
moby,moby,2025-08-01,merged,MEMBER,afdafcebc,297,8,2,56,64
moby,moby,2025-08-01,merged,MEMBER,afdafcebc,470,61,1,37,37
moby,moby,2025-08-01,merged,MEMBER,afdafcebc,734,7,2,0,2
moby,moby,2025-08-01,merged,MEMBER,afdafcebc,65,9,4,0,73
moby,moby,2025-08-01,merged,MEMBER,afdafcebc,122,3,4,2,3
moby,moby,2025-08-01,merged,MEMBER,afdafcebc,11,1,1,43,43
moby,moby,2025-08-01,merged,CONTRIBUTOR,a6cca0d87,432,11,3,16,111
moby,moby,2025-08-01,merged,CONTRIBUTOR,a6cca0d87,87,12,2,11,28
moby,moby,2025-08-01,merged,CONTRIBUTOR,a6cca0d87,122,12,5,4,42
moby,moby,2025-08-01,merged,MEMBER,afdafcebc,6,1,1,18,18
moby,moby,2025-08-01,closed,NONE,a718bbf87,4,1,2,22,
moby,moby,2025-08-01,open,MEMBER,afdafcebc,77,6,0,,
moby,moby,2025-08-01,closed,NONE,a8da6f3e3,224,1,3,1,
moby,moby,2025-08-01,merged,MEMBER,a3889aa12,27,1,6,9,349
moby,moby,2025-08-01,merged,CONTRIBUTOR,a6cca0d87,340,25,3,15,17
moby,moby,2025-08-01,open,MEMBER,aef3ad25d,94,9,4,0,
moby,moby,2025-08-01,merged,CONTRIBUTOR,a76c8e919,29,1,1,1,1
moby,moby,2025-08-01,merged,MEMBER,afdafcebc,43,1,2,0,51
moby,moby,2025-08-01,open,MEMBER,afdafcebc,502,39,0,,
moby,moby,2025-08-01,closed,MEMBER,ad28e9a8f,219,2,4,2,
moby,moby,2025-08-01,merged,CONTRIBUTOR,a3ebe4fc0,14,2,1,1,20
moby,moby,2025-08-01,open,MEMBER,aef3ad25d,9,4,0,,
moby,moby,2025-08-01,merged,MEMBER,afdafcebc,182,2,1,300,302
moby,moby,2025-08-01,merged,MEMBER,afdafcebc,12,5,3,7,12
moby,moby,2025-08-01,merged,CONTRIBUTOR,af02bd9fa,1,1,1,0,1
moby,moby,2025-08-01,merged,MEMBER,afdafcebc,27,3,1,2,2
moby,moby,2025-08-01,merged,MEMBER,afdafcebc,122,3,1,2,2
moby,moby,2025-09-01,merged,MEMBER,afdafcebc,8,1,1,0,2
moby,moby,2025-09-01,merged,MEMBER,afdafcebc,27,7,1,10,10
moby,moby,2025-09-01,merged,MEMBER,afdafcebc,77,5,2,14,14
moby,moby,2025-09-01,merged,MEMBER,afdafcebc,100,6,1,1,3
moby,moby,2025-09-01,merged,MEMBER,afdafcebc,9,3,2,2,52
moby,moby,2025-09-01,merged,MEMBER,afdafcebc,2,1,2,2,3
moby,moby,2025-09-01,merged,CONTRIBUTOR,a0eb9a2cd,2,1,1,6799,6799
moby,moby,2025-09-01,merged,CONTRIBUTOR,a76c8e919,2817,120,10,116,531
moby,moby,2025-09-01,merged,MEMBER,aef3ad25d,62,2,2,0,2
moby,moby,2025-09-01,merged,MEMBER,afdafcebc,20,1,1,19,19
moby,moby,2025-09-01,merged,CONTRIBUTOR,a9a258f36,26,2,1,208,208
moby,moby,2025-09-01,merged,MEMBER,aef3ad25d,198,4,1,43,43
moby,moby,2025-09-01,merged,MEMBER,afdafcebc,20,1,1,1,1
moby,moby,2025-09-01,merged,MEMBER,a3889aa12,219,5,1,2,2
moby,moby,2025-09-01,merged,CONTRIBUTOR,a6cca0d87,16,6,4,1,6
moby,moby,2025-09-01,merged,MEMBER,afdafcebc,77,1,1,11,12
moby,moby,2025-09-01,merged,MEMBER,afdafcebc,3,1,2,2,13
moby,moby,2025-10-01,merged,MEMBER,afdafcebc,157,1,9,2,25
moby,moby,2025-10-01,closed,CONTRIBUTOR,a6cca0d87,5,2,6,0,
moby,moby,2025-10-01,merged,CONTRIBUTOR,a9a258f36,52,6,3,1,7
moby,moby,2025-10-01,merged,CONTRIBUTOR,a9a258f36,357,29,1,17,17
moby,moby,2025-10-01,merged,MEMBER,afdafcebc,166,10,2,6,6
moby,moby,2025-10-01,merged,CONTRIBUTOR,a6cca0d87,2,2,2,0,1
moby,moby,2025-10-01,merged,MEMBER,afdafcebc,675,34,5,1,2
moby,moby,2025-10-01,merged,CONTRIBUTOR,a6cca0d87,68,6,4,0,10
moby,moby,2025-10-01,merged,CONTRIBUTOR,a6cca0d87,128,17,2,0,8
moby,moby,2025-10-01,merged,MEMBER,afdafcebc,164,15,1,9,9
moby,moby,2025-10-01,merged,MEMBER,afdafcebc,4,2,1,4,4
moby,moby,2025-10-01,merged,MEMBER,afdafcebc,762,47,1,5,5
moby,moby,2025-10-01,merged,MEMBER,afdafcebc,26,1,1,0,0
moby,moby,2025-10-01,merged,CONTRIBUTOR,a6cca0d87,570,30,2,0,2
moby,moby,2025-10-01,merged,MEMBER,afdafcebc,307,20,1,2,2
moby,moby,2025-10-01,merged,CONTRIBUTOR,a9a258f36,316,14,4,1,10
moby,moby,2025-10-01,merged,MEMBER,afdafcebc,63,2,2,47,51
moby,moby,2025-10-01,merged,CONTRIBUTOR,affab7dd4,34,2,4,2,64
moby,moby,2025-10-01,merged,MEMBER,afdafcebc,16,1,1,3,3
moby,moby,2025-10-01,merged,CONTRIBUTOR,a6cca0d87,215,22,2,0,76
moby,moby,2025-10-01,merged,MEMBER,afdafcebc,21,4,2,44,44
moby,moby,2025-10-01,merged,CONTRIBUTOR,a9a258f36,200,4,1,3,4
moby,moby,2025-10-01,merged,MEMBER,afdafcebc,161,5,2,2,8
moby,moby,2025-10-01,merged,MEMBER,afdafcebc,49,3,1,33,33
moby,moby,2025-10-01,merged,CONTRIBUTOR,a6cca0d87,21,1,2,8,9
moby,moby,2025-10-01,closed,CONTRIBUTOR,a9a258f36,39262,111,0,,
moby,moby,2025-10-01,merged,MEMBER,af5c6dc4c,296,10,1,0,3
moby,moby,2025-10-01,closed,NONE,a32dfc97a,2,1,0,,
moby,moby,2025-10-01,merged,CONTRIBUTOR,a9a258f36,90,6,2,0,1
moby,moby,2025-10-01,merged,MEMBER,afdafcebc,6,1,1,4,4
moby,moby,2025-10-01,merged,MEMBER,afdafcebc,55,7,1,20,20
moby,moby,2025-10-01,merged,MEMBER,afdafcebc,52,8,1,24,26
moby,moby,2025-11-01,merged,MEMBER,afdafcebc,17,1,1,1,3
moby,moby,2025-11-01,merged,MEMBER,afdafcebc,235,5,1,3,3
moby,moby,2025-11-01,merged,MEMBER,afdafcebc,26,13,1,3,4
moby,moby,2025-11-01,merged,MEMBER,afdafcebc,400,7,1,0,0
moby,moby,2025-11-01,merged,CONTRIBUTOR,a9a258f36,8,3,2,0,4
moby,moby,2025-11-01,merged,CONTRIBUTOR,af02bd9fa,6,2,2,0,1
moby,moby,2025-11-01,merged,MEMBER,af5c6dc4c,8,3,3,0,3
moby,moby,2025-11-01,merged,CONTRIBUTOR,af02bd9fa,27,3,7,37,48
moby,moby,2025-11-01,merged,MEMBER,afdafcebc,9173,57,2,1,3
moby,moby,2025-11-01,merged,CONTRIBUTOR,a593ed21c,12,1,4,8,28
moby,moby,2025-11-01,merged,MEMBER,afdafcebc,1,1,1,1,1
moby,moby,2025-11-01,merged,MEMBER,afdafcebc,571,11,1,4,4
moby,moby,2025-11-01,merged,CONTRIBUTOR,a9a258f36,38,1,1,0,20
moby,moby,2025-11-01,merged,MEMBER,afdafcebc,14437,132,1,2,2
moby,moby,2025-11-01,merged,MEMBER,afdafcebc,18,5,1,2,2
moby,moby,2025-11-01,merged,CONTRIBUTOR,a9a258f36,14,5,1,0,0
moby,moby,2025-11-01,merged,CONTRIBUTOR,a9a258f36,406,7,2,0,1
moby,moby,2025-11-01,merged,CONTRIBUTOR,a593ed21c,25,3,3,214,377
moby,moby,2025-11-01,merged,MEMBER,afdafcebc,86,13,2,2,3
moby,moby,2025-11-01,merged,MEMBER,afdafcebc,178,6,1,4,4
moby,moby,2025-12-01,merged,MEMBER,afdafcebc,303,20,2,4,4
moby,moby,2025-12-01,closed,CONTRIBUTOR,a9a258f36,8,1,1,1,
moby,moby,2025-12-01,merged,MEMBER,af5c6dc4c,854,22,40,0,743
moby,moby,2025-12-01,merged,MEMBER,afdafcebc,27,5,1,0,3
moby,moby,2025-12-01,closed,NONE,afe61aada,3222,50,1,1,
moby,moby,2025-12-01,merged,MEMBER,afdafcebc,34,4,1,1,1
moby,moby,2025-12-01,merged,CONTRIBUTOR,a8c571578,3,1,2,59,87
moby,moby,2025-12-01,merged,CONTRIBUTOR,a9a258f36,117,2,10,3,95
moby,moby,2025-12-01,merged,MEMBER,afdafcebc,2322,52,1,2,2
moby,moby,2025-12-01,merged,CONTRIBUTOR,aea90a607,9,1,1,245,252
moby,moby,2025-12-01,merged,MEMBER,afdafcebc,5,1,1,0,1
moby,moby,2025-12-01,merged,CONTRIBUTOR,a6cca0d87,24,1,3,19,257
moby,moby,2025-12-01,merged,MEMBER,afdafcebc,9,3,1,3,3
moby,moby,2026-01-01,merged,MEMBER,afdafcebc,50,1,1,2,2
moby,moby,2026-01-01,merged,MEMBER,afdafcebc,4,1,1,0,4
moby,moby,2026-01-01,open,CONTRIBUTOR,a593ed21c,52,2,0,,
moby,moby,2026-01-01,merged,CONTRIBUTOR,a76c8e919,379,2,1,23,23
moby,moby,2026-01-01,closed,CONTRIBUTOR,acbb18035,6,1,1,0,
moby,moby,2026-01-01,merged,MEMBER,afdafcebc,18,5,1,0,0
moby,moby,2026-01-01,merged,CONTRIBUTOR,a9a258f36,17,1,3,0,1
moby,moby,2026-01-01,merged,MEMBER,afdafcebc,29,1,1,20,20
moby,moby,2026-01-01,closed,NONE,a82280841,1046,8,1,94,
moby,moby,2026-01-01,merged,CONTRIBUTOR,acbb18035,2,1,1,0,2
moby,moby,2026-01-01,closed,CONTRIBUTOR,acbb18035,17568,71,0,,
moby,moby,2026-01-01,closed,CONTRIBUTOR,acbb18035,545,13,0,,
moby,moby,2026-01-01,merged,CONTRIBUTOR,acbb18035,22340,123,3,67,836
moby,moby,2026-01-01,open,CONTRIBUTOR,acbb18035,4,1,0,,
moby,moby,2026-01-01,merged,CONTRIBUTOR,a9a258f36,3,1,1,2,2
moby,moby,2026-01-01,merged,NONE,a8402aef2,95,9,4,71,76
moby,moby,2026-01-01,open,CONTRIBUTOR,a12f69fdd,6,1,1,28,
moby,moby,2026-02-01,merged,CONTRIBUTOR,a9a258f36,74,2,2,1,2
moby,moby,2026-02-01,open,CONTRIBUTOR,a18eb0c12,181,4,4,163,
moby,moby,2026-02-01,closed,CONTRIBUTOR,acbb18035,70,1,1,0,
moby,moby,2026-02-01,merged,MEMBER,afdafcebc,2,1,1,1,1
moby,moby,2026-02-01,merged,MEMBER,afdafcebc,13,2,1,18,18
moby,moby,2026-02-01,merged,MEMBER,afdafcebc,12,3,2,62,591
moby,moby,2026-02-01,merged,CONTRIBUTOR,a76c8e919,103,10,7,45,87
moby,moby,2026-02-01,open,CONTRIBUTOR,a370bded0,28,3,1,10,
moby,moby,2026-02-01,merged,MEMBER,afdafcebc,47,5,4,5,115
moby,moby,2026-02-01,merged,CONTRIBUTOR,af02bd9fa,6,1,3,1,119
moby,moby,2026-02-01,merged,CONTRIBUTOR,acbb18035,104,9,3,19,93
moby,moby,2026-02-01,merged,CONTRIBUTOR,a9a258f36,24,5,3,0,0
moby,moby,2026-02-01,closed,CONTRIBUTOR,acbb18035,51,5,0,,
moby,moby,2026-02-01,closed,CONTRIBUTOR,a0d5a0047,20,3,2,49,
moby,moby,2026-02-01,merged,MEMBER,afdafcebc,4,1,1,36,36
moby,moby,2026-02-01,merged,MEMBER,afdafcebc,34,1,1,1246,1246
moby,moby,2026-02-01,merged,MEMBER,afdafcebc,53939,64,1,16,16
moby,moby,2026-02-01,merged,MEMBER,afdafcebc,2,1,1,0,1
moby,moby,2026-02-01,merged,MEMBER,afdafcebc,43,1,1,63,63
moby,moby,2026-02-01,merged,MEMBER,afdafcebc,4,1,1,15,15
moby,moby,2026-02-01,merged,CONTRIBUTOR,a9a258f36,34,4,1,333,334
moby,moby,2026-03-01,merged,CONTRIBUTOR,aba0d48c3,10,2,1,213,213
moby,moby,2026-03-01,merged,CONTRIBUTOR,a725f9f7e,46,20,4,31,58
moby,moby,2026-03-01,open,CONTRIBUTOR,a725f9f7e,41,1,0,,
moby,moby,2026-03-01,merged,MEMBER,ad28e9a8f,8,3,2,1,3
moby,moby,2026-03-01,merged,CONTRIBUTOR,acbb18035,2,1,1,8,8
moby,moby,2026-03-01,merged,CONTRIBUTOR,a4491e7f0,10,1,3,1,6
moby,moby,2026-03-01,merged,MEMBER,ad28e9a8f,172,14,2,0,1
moby,moby,2026-03-01,merged,MEMBER,afdafcebc,124,6,1,14,15
moby,moby,2026-03-01,merged,MEMBER,afdafcebc,95,23,1,14,23
moby,moby,2026-03-01,merged,CONTRIBUTOR,a057e9ea6,2,1,1,63,63
moby,moby,2026-03-01,merged,MEMBER,afdafcebc,124,6,1,54,54
moby,moby,2026-04-01,merged,CONTRIBUTOR,a9a258f36,19,2,2,1,1
moby,moby,2026-04-01,merged,CONTRIBUTOR,a9a258f36,24,5,1,0,0
moby,moby,2026-04-01,closed,CONTRIBUTOR,acbb18035,4,2,0,,
moby,moby,2026-04-01,closed,CONTRIBUTOR,acbb18035,24,6,0,,
moby,moby,2026-04-01,merged,CONTRIBUTOR,a9a258f36,60,3,4,0,68
moby,moby,2026-04-01,merged,MEMBER,afdafcebc,3,1,1,112,112
moby,moby,2026-04-01,merged,MEMBER,afdafcebc,41371,25,2,43,94
moby,moby,2026-04-01,merged,MEMBER,afdafcebc,25,4,1,282,289
moby,moby,2026-04-01,merged,MEMBER,afdafcebc,385,6,4,0,293
moby,moby,2026-04-01,merged,CONTRIBUTOR,a9a258f36,14,5,1,0,0
moby,moby,2026-04-01,merged,MEMBER,afdafcebc,2,1,1,2,2
moby,moby,2026-04-01,closed,CONTRIBUTOR,acbb18035,16,3,1,2033,
moby,moby,2026-04-01,closed,CONTRIBUTOR,acbb18035,20975,370,1,132,
moby,moby,2026-04-01,merged,CONTRIBUTOR,a9a258f36,318,9,2,4,6
moby,moby,2026-04-01,merged,CONTRIBUTOR,acbb18035,838,40,1,172,172
moby,moby,2026-04-01,merged,CONTRIBUTOR,a0c2b206f,136,2,16,1,175
moby,moby,2026-04-01,merged,CONTRIBUTOR,a9a258f36,2,1,1,10,10
moby,moby,2026-04-01,merged,CONTRIBUTOR,acbb18035,22261,32,1,198,198
moby,moby,2026-04-01,merged,MEMBER,afd612ab4,2,1,1,0,1
moby,moby,2026-04-01,merged,MEMBER,afdafcebc,18,5,1,44,1659
moby,moby,2026-04-01,merged,MEMBER,afd612ab4,45,11,1,0,2
moby,moby,2026-04-01,closed,MEMBER,afdafcebc,58,8,0,,
moby,moby,2026-04-01,closed,CONTRIBUTOR,a3a943d24,148,2,0,,
moby,moby,2026-04-01,merged,CONTRIBUTOR,a9a258f36,42,1,1,5,30
moby,moby,2026-04-01,merged,MEMBER,afdafcebc,10,4,1,21,21
moby,moby,2026-05-01,open,CONTRIBUTOR,aa78547cc,103,2,0,,
moby,moby,2026-05-01,open,MEMBER,afdafcebc,73,2,0,,
moby,moby,2026-05-01,closed,CONTRIBUTOR,acbb18035,59,6,1,0,
moby,moby,2026-05-01,open,CONTRIBUTOR,a9a258f36,2,1,1,491,
moby,moby,2026-05-01,merged,CONTRIBUTOR,a9a258f36,9,2,4,4,65
moby,moby,2026-05-01,closed,CONTRIBUTOR,acbb18035,788,22,0,,
moby,moby,2026-05-01,merged,MEMBER,afdafcebc,704,10,7,12,37
moby,moby,2026-05-01,merged,CONTRIBUTOR,acbb18035,8,2,1,6,7
moby,moby,2026-05-01,merged,CONTRIBUTOR,a9a258f36,174,9,1,6,6
moby,moby,2026-05-01,merged,MEMBER,afdafcebc,4,1,1,0,0
moby,moby,2026-05-01,open,CONTRIBUTOR,a18eb0c12,17,1,0,,
moby,moby,2026-05-01,closed,CONTRIBUTOR,acbb18035,2,1,0,,
moby,moby,2026-05-01,merged,CONTRIBUTOR,a9a258f36,88,3,2,0,310
moby,moby,2026-05-01,merged,CONTRIBUTOR,acbb18035,130,6,1,202,202
moby,moby,2026-05-01,merged,MEMBER,afd612ab4,4,2,2,2,2
moby,moby,2026-05-01,closed,CONTRIBUTOR,acbb18035,2877,84,0,,
moby,moby,2026-05-01,merged,MEMBER,afdafcebc,11872,93,1,1,1
moby,moby,2026-05-01,merged,CONTRIBUTOR,aea27f863,5,1,4,9,29
moby,moby,2026-05-01,merged,CONTRIBUTOR,acbb18035,2,1,1,28,30
moby,moby,2026-05-01,merged,MEMBER,afdafcebc,4,2,1,2,2
moby,moby,2026-05-01,merged,CONTRIBUTOR,a76c8e919,111,2,3,0,56
moby,moby,2026-05-01,merged,CONTRIBUTOR,aadc39ea0,226,8,15,12,587
moby,moby,2026-05-01,open,NONE,a925c82cc,57,4,1,68,
moby,moby,2026-05-01,open,CONTRIBUTOR,a499a71f8,101,2,0,,
moby,moby,2026-05-01,merged,CONTRIBUTOR,acbb18035,26,7,1,90,94
moby,moby,2026-05-01,open,CONTRIBUTOR,a9764c31b,4,2,0,,
moby,moby,2026-06-01,merged,CONTRIBUTOR,a9a258f36,13998,1,1,0,0
moby,moby,2026-06-01,merged,CONTRIBUTOR,a76c8e919,36,2,3,0,67
moby,moby,2026-06-01,merged,CONTRIBUTOR,a9a258f36,4,2,1,0,1
moby,moby,2026-06-01,merged,MEMBER,afdafcebc,4,2,2,0,2
moby,moby,2026-06-01,merged,CONTRIBUTOR,acbb18035,155,15,1,0,2
moby,moby,2026-06-01,merged,CONTRIBUTOR,a9a258f36,14,5,1,0,0
moby,moby,2026-06-01,merged,CONTRIBUTOR,a9a258f36,78,2,5,3,18
moby,moby,2026-06-01,merged,CONTRIBUTOR,a9a258f36,185,3,9,6,23
moby,moby,2026-06-01,merged,CONTRIBUTOR,a9a258f36,27,7,7,0,25
moby,moby,2026-06-01,merged,CONTRIBUTOR,ad39b22b6,8,2,2,25,50
moby,moby,2026-06-01,merged,CONTRIBUTOR,a76c8e919,4,2,3,1,22
moby,moby,2026-06-01,merged,CONTRIBUTOR,a9a258f36,76,4,1,16,16
moby,moby,2026-06-01,merged,CONTRIBUTOR,a9a258f36,382,4,1,94,94
moby,moby,2026-06-01,merged,CONTRIBUTOR,a9a258f36,2,1,1,0,2
moby,moby,2026-06-01,merged,MEMBER,afdafcebc,16,3,1,1,2
moby,moby,2026-06-01,closed,NONE,a8da6f3e3,32,2,6,0,
moby,moby,2026-06-01,merged,CONTRIBUTOR,a76c8e919,36,2,5,1,18
moby,moby,2026-06-01,open,NONE,aef3feb20,115,3,0,,
moby,moby,2026-06-01,merged,MEMBER,afdafcebc,8,3,1,0,0
moby,moby,2026-06-01,open,CONTRIBUTOR,a81586f76,65,6,2,8,
moby,moby,2026-06-01,merged,MEMBER,afdafcebc,543,6,1,22,22
moby,moby,2026-06-01,merged,CONTRIBUTOR,acbb18035,77,4,1,5,5
moby,moby,2026-06-01,closed,CONTRIBUTOR,a3a943d24,2303,11,1,48,
moby,moby,2026-06-01,merged,CONTRIBUTOR,acbb18035,48,9,2,10,72
moby,moby,2026-06-01,merged,CONTRIBUTOR,acbb18035,13,5,1,0,68
moby,moby,2026-06-01,merged,CONTRIBUTOR,a1d1c5809,10,2,4,0,131
moby,moby,2026-07-01,merged,CONTRIBUTOR,acbb18035,628,43,2,61,161
moby,moby,2026-07-01,closed,CONTRIBUTOR,a6fdd641d,41,2,2,1,
moby,moby,2026-07-01,merged,MEMBER,afdafcebc,48,4,1,67,67
moby,moby,2026-07-01,merged,MEMBER,afdafcebc,372,72,1,50,51
moby,moby,2026-07-01,merged,MEMBER,afdafcebc,4,1,1,68,68
moby,moby,2026-07-01,closed,CONTRIBUTOR,a76c8e919,1599,18,4,0,
moby,moby,2026-07-01,merged,CONTRIBUTOR,a9a258f36,4,1,1,7,7
moby,moby,2026-07-01,merged,MEMBER,afdafcebc,4,1,1,0,0
moby,moby,2026-07-01,closed,CONTRIBUTOR,a80777fee,2,1,0,,
moby,moby,2026-07-01,open,NONE,a94c59b19,189,3,0,,
moby,moby,2026-07-01,merged,CONTRIBUTOR,acbb18035,54,11,2,5,6
moby,moby,2026-07-01,closed,CONTRIBUTOR,acbb18035,433,19,0,,
moby,moby,2026-07-01,merged,CONTRIBUTOR,a9a258f36,119,8,9,0,150
moby,moby,2026-07-01,open,CONTRIBUTOR,a80777fee,4,1,0,,
moby,moby,2026-07-01,merged,CONTRIBUTOR,acbb18035,37,5,1,16,16
moby,moby,2026-07-01,open,CONTRIBUTOR,a9a258f36,437,14,7,0,
moby,moby,2026-07-01,merged,CONTRIBUTOR,acbb18035,50,7,1,30,30
moby,sys,2023-09-01,closed,MEMBER,afdafcebc,1552,9,3,2,
moby,sys,2023-11-01,merged,CONTRIBUTOR,a9199b19b,8,1,2,1,21
moby,sys,2024-07-01,merged,MEMBER,afdafcebc,13,4,1,1,2
moby,sys,2024-08-01,merged,COLLABORATOR,a8bddb79d,57,23,1,856,856
moby,sys,2024-09-01,merged,COLLABORATOR,a8bddb79d,44,4,1,5,7
moby,sys,2024-09-01,closed,COLLABORATOR,a8bddb79d,12,1,0,,
moby,sys,2024-09-01,merged,CONTRIBUTOR,a3ad7e73d,75,2,8,1,313
moby,sys,2024-10-01,merged,COLLABORATOR,a8bddb79d,307,5,13,0,170
moby,sys,2024-12-01,merged,MEMBER,afdafcebc,189,7,3,0,18
moby,sys,2026-03-01,open,MEMBER,afdafcebc,45,1,2,1471,
moby,sys,2026-04-01,open,NONE,ad84f4884,175,4,2,704,
moby,sys,2026-07-01,open,MEMBER,afdafcebc,42,1,1,0,
pantsbuild,pants,2023-08-01,merged,MEMBER,a4be3532c,83,5,1,4,8
pantsbuild,pants,2023-08-01,merged,MEMBER,a4be3532c,24,3,1,8,8
pantsbuild,pants,2023-08-01,merged,CONTRIBUTOR,aa7e00b86,6,1,1,42,43
pantsbuild,pants,2023-08-01,merged,CONTRIBUTOR,a64047922,28,1,1,109,118
pantsbuild,pants,2023-08-01,merged,CONTRIBUTOR,ac13ac193,16,3,1,0,5
pantsbuild,pants,2023-08-01,merged,CONTRIBUTOR,ac13ac193,41,3,1,0,1
pantsbuild,pants,2023-08-01,merged,CONTRIBUTOR,a64047922,51,1,1,0,2
pantsbuild,pants,2023-08-01,merged,MEMBER,a4f30f854,107,9,1,10,139
pantsbuild,pants,2023-08-01,merged,MEMBER,a4f30f854,83,2,1,0,2
pantsbuild,pants,2023-08-01,merged,CONTRIBUTOR,aa7e00b86,33,1,0,,8
pantsbuild,pants,2023-08-01,merged,CONTRIBUTOR,a64047922,10,1,2,0,2
pantsbuild,pants,2023-08-01,merged,MEMBER,accd53632,151,2,1,7,23
pantsbuild,pants,2023-08-01,merged,MEMBER,a4f30f854,34,1,1,0,0
pantsbuild,pants,2023-08-01,merged,MEMBER,a4f30f854,63,1,1,1,1
pantsbuild,pants,2023-08-01,merged,CONTRIBUTOR,a619ab9b4,9,2,1,345,347
pantsbuild,pants,2023-08-01,merged,MEMBER,a4f30f854,151,2,1,0,5
pantsbuild,pants,2023-08-01,merged,MEMBER,adca5498d,10,3,2,0,2
pantsbuild,pants,2023-08-01,merged,CONTRIBUTOR,a64047922,7,1,1,2,6
pantsbuild,pants,2023-08-01,merged,CONTRIBUTOR,aa7e00b86,197,7,1,184,184
pantsbuild,pants,2023-08-01,merged,CONTRIBUTOR,aa7e00b86,2,1,1,13,14
pantsbuild,pants,2023-08-01,merged,MEMBER,adca5498d,477,12,1,0,5
pantsbuild,pants,2023-09-01,merged,CONTRIBUTOR,a64047922,321,16,17,55,330
pantsbuild,pants,2023-09-01,merged,CONTRIBUTOR,a6e721a91,180,18,8,1049,1058
pantsbuild,pants,2023-09-01,merged,MEMBER,a4f30f854,381,7,0,,8
pantsbuild,pants,2023-09-01,merged,CONTRIBUTOR,ab899c433,2,1,1,5,5
pantsbuild,pants,2023-09-01,merged,MEMBER,a4f30f854,42,1,0,,12
pantsbuild,pants,2023-09-01,merged,CONTRIBUTOR,a669aeaf7,5,1,1,2,13
pantsbuild,pants,2023-09-01,merged,MEMBER,a4c5b1715,19,3,1,73,73
pantsbuild,pants,2023-09-01,merged,CONTRIBUTOR,a64047922,27,1,6,0,11
pantsbuild,pants,2023-09-01,merged,MEMBER,adca5498d,9,2,1,0,1
pantsbuild,pants,2023-09-01,merged,MEMBER,a4c5b1715,32,1,1,6,7
pantsbuild,pants,2023-09-01,merged,MEMBER,a4f30f854,0,1,1,11,11
pantsbuild,pants,2023-09-01,merged,MEMBER,adca5498d,102,5,2,0,3
pantsbuild,pants,2023-09-01,merged,MEMBER,a4c5b1715,26,2,2,0,30
pantsbuild,pants,2023-09-01,merged,MEMBER,a4f30f854,19,4,0,,0
pantsbuild,pants,2023-09-01,merged,CONTRIBUTOR,aeb9d8ba8,10,1,10,0,694
pantsbuild,pants,2023-09-01,merged,CONTRIBUTOR,a619ab9b4,27,3,1,33,66
pantsbuild,pants,2023-09-01,merged,MEMBER,a4f30f854,19,1,0,,25
pantsbuild,pants,2023-10-01,merged,CONTRIBUTOR,af2ed76df,575,18,0,,2
pantsbuild,pants,2023-10-01,merged,MEMBER,a4f30f854,6,1,1,0,0
pantsbuild,pants,2023-10-01,merged,CONTRIBUTOR,aa7e00b86,50,4,1,4,11
pantsbuild,pants,2023-10-01,merged,CONTRIBUTOR,a619ab9b4,44,2,1,32,145
pantsbuild,pants,2023-10-01,merged,CONTRIBUTOR,aa7e00b86,24,1,5,0,4
pantsbuild,pants,2023-10-01,merged,CONTRIBUTOR,a853b2e4f,4,1,1,23,23
pantsbuild,pants,2023-10-01,merged,CONTRIBUTOR,aa7e00b86,14,1,1,0,5
pantsbuild,pants,2023-10-01,merged,CONTRIBUTOR,a64047922,7,1,3,17,19
pantsbuild,pants,2023-10-01,merged,CONTRIBUTOR,aeb9d8ba8,44,2,2,6,6
pantsbuild,pants,2023-10-01,merged,CONTRIBUTOR,a92a6198c,13,2,1,189,193
pantsbuild,pants,2023-10-01,merged,MEMBER,adca5498d,143,3,7,1,52
pantsbuild,pants,2023-10-01,merged,MEMBER,a4f30f854,44,2,1,18,38
pantsbuild,pants,2023-10-01,merged,CONTRIBUTOR,aeb9d8ba8,2,1,5,1,77
pantsbuild,pants,2023-10-01,merged,CONTRIBUTOR,aa7e00b86,10,2,1,63,66
pantsbuild,pants,2023-10-01,merged,CONTRIBUTOR,aa7e00b86,9,1,3,4,520
pantsbuild,pants,2023-11-01,merged,MEMBER,a4f30f854,38,2,0,,22
pantsbuild,pants,2023-11-01,merged,MEMBER,a4f30f854,198,1,0,,2
pantsbuild,pants,2023-11-01,merged,CONTRIBUTOR,a619ab9b4,4,1,1,9,9
pantsbuild,pants,2023-11-01,merged,MEMBER,accd53632,5,2,1,0,2
pantsbuild,pants,2023-11-01,merged,CONTRIBUTOR,aa7e00b86,82,2,1,15,22
pantsbuild,pants,2023-11-01,closed,MEMBER,a4be3532c,741,23,2,33,
pantsbuild,pants,2023-11-01,merged,CONTRIBUTOR,aa7e00b86,735,22,2,850,1249
pantsbuild,pants,2023-12-01,merged,CONTRIBUTOR,af2ed76df,32,3,1,3,24
pantsbuild,pants,2023-12-01,merged,CONTRIBUTOR,af2ed76df,6,2,2,1,91
pantsbuild,pants,2023-12-01,merged,MEMBER,a4be3532c,395,11,12,6,5719
pantsbuild,pants,2023-12-01,merged,MEMBER,a4be3532c,39,2,9,0,1318
pantsbuild,pants,2023-12-01,merged,MEMBER,a4f30f854,43,2,1,0,39
pantsbuild,pants,2023-12-01,merged,CONTRIBUTOR,a6e721a91,1010,19,1,835,1002
pantsbuild,pants,2023-12-01,merged,MEMBER,adca5498d,14,1,6,29,75
pantsbuild,pants,2023-12-01,merged,MEMBER,a4f30f854,4,1,1,1,2
pantsbuild,pants,2023-12-01,merged,MEMBER,a4f30f854,47,2,1,0,38
pantsbuild,pants,2023-12-01,merged,CONTRIBUTOR,a92a6198c,66,2,13,52,790
pantsbuild,pants,2024-01-01,merged,CONTRIBUTOR,aa7e00b86,5526,33,1,1328,1359
pantsbuild,pants,2024-01-01,merged,MEMBER,a4f30f854,107,4,1,0,4
pantsbuild,pants,2024-01-01,merged,MEMBER,a4f30f854,107,4,1,0,4
pantsbuild,pants,2024-01-01,merged,CONTRIBUTOR,a64047922,265,2,6,0,23
pantsbuild,pants,2024-01-01,merged,CONTRIBUTOR,a64047922,5,1,6,0,3
pantsbuild,pants,2024-01-01,merged,MEMBER,adca5498d,13686,198,1,23,24
pantsbuild,pants,2024-01-01,merged,CONTRIBUTOR,a64047922,553,4,5,0,2
pantsbuild,pants,2024-01-01,merged,CONTRIBUTOR,aa7e00b86,2,1,2,3,6
pantsbuild,pants,2024-01-01,merged,CONTRIBUTOR,a0b1b66f0,38,3,3,2,16
pantsbuild,pants,2024-01-01,merged,MEMBER,adca5498d,2,1,1,6,6
pantsbuild,pants,2024-01-01,merged,MEMBER,a4be3532c,30,1,2,14,25
pantsbuild,pants,2024-01-01,merged,CONTRIBUTOR,a0b1b66f0,10,1,1,4,4
pantsbuild,pants,2024-02-01,merged,CONTRIBUTOR,a94bc2498,25,3,5,102,167
pantsbuild,pants,2024-02-01,merged,CONTRIBUTOR,a66a9532b,136,8,8,26,261
pantsbuild,pants,2024-02-01,merged,CONTRIBUTOR,aa7e00b86,10,2,5,0,24
pantsbuild,pants,2024-02-01,merged,CONTRIBUTOR,a64047922,3,1,2,1,4
pantsbuild,pants,2024-02-01,merged,CONTRIBUTOR,a64047922,579,10,19,0,56
pantsbuild,pants,2024-02-01,merged,CONTRIBUTOR,ab46d044d,3,1,2,0,0
pantsbuild,pants,2024-02-01,merged,MEMBER,a4f30f854,11,1,1,5,7
pantsbuild,pants,2024-02-01,merged,MEMBER,a4f30f854,11,1,1,5,5
pantsbuild,pants,2024-02-01,closed,MEMBER,a4f30f854,36,8,1,0,
pantsbuild,pants,2024-02-01,merged,MEMBER,a4f30f854,33,2,2,0,0
pantsbuild,pants,2024-02-01,merged,MEMBER,a4f30f854,21,5,1,0,13
pantsbuild,pants,2024-02-01,merged,CONTRIBUTOR,af8a658d8,16,5,2,8,8
pantsbuild,pants,2024-03-01,merged,CONTRIBUTOR,aa7e00b86,28,3,2,0,2
pantsbuild,pants,2024-03-01,merged,CONTRIBUTOR,a1eb99a6c,2,1,1,22,22
pantsbuild,pants,2024-03-01,merged,MEMBER,a4f30f854,4,1,1,0,0
pantsbuild,pants,2024-03-01,merged,CONTRIBUTOR,aa7e00b86,4,1,1,5,16
pantsbuild,pants,2024-03-01,merged,CONTRIBUTOR,aa7e00b86,2,1,1,10,23
pantsbuild,pants,2024-04-01,merged,CONTRIBUTOR,aa7e00b86,111,2,1,0,1
pantsbuild,pants,2024-04-01,merged,CONTRIBUTOR,a94bc2498,10,1,1,17,30
pantsbuild,pants,2024-04-01,merged,MEMBER,accd53632,2,1,1,5,5
pantsbuild,pants,2024-04-01,closed,CONTRIBUTOR,aa7e00b86,1711,1,0,,
pantsbuild,pants,2024-04-01,merged,CONTRIBUTOR,aa7e00b86,2,1,1,3,4
pantsbuild,pants,2024-04-01,merged,MEMBER,a4f30f854,69,2,1,19,73
pantsbuild,pants,2024-04-01,merged,CONTRIBUTOR,a3ed45600,15,1,10,3,44
pantsbuild,pants,2024-04-01,merged,MEMBER,a04de7d9b,5,1,1,7,7
pantsbuild,pants,2024-04-01,merged,CONTRIBUTOR,a619ab9b4,4,1,1,13,13
pantsbuild,pants,2024-04-01,merged,CONTRIBUTOR,aa7e00b86,145,6,2,102,264
pantsbuild,pants,2024-04-01,merged,CONTRIBUTOR,aa7e00b86,1,1,1,1,3
pantsbuild,pants,2024-05-01,merged,CONTRIBUTOR,a92a6198c,85,1,1,0,0
pantsbuild,pants,2024-05-01,merged,CONTRIBUTOR,a64047922,132,7,1,0,1
pantsbuild,pants,2024-05-01,closed,CONTRIBUTOR,a993a26cf,1,1,0,,
pantsbuild,pants,2024-05-01,merged,MEMBER,a4f30f854,30,1,1,0,0
pantsbuild,pants,2024-05-01,merged,CONTRIBUTOR,ac13ac193,163,7,1,5,8
pantsbuild,pants,2024-05-01,merged,CONTRIBUTOR,aaeef6787,24,3,1,2,22
pantsbuild,pants,2024-06-01,merged,CONTRIBUTOR,aa7e00b86,65,2,1,440,446
pantsbuild,pants,2024-06-01,closed,CONTRIBUTOR,aa7e00b86,91,3,0,,
pantsbuild,pants,2024-06-01,closed,CONTRIBUTOR,aa7e00b86,188,2,0,,
pantsbuild,pants,2024-06-01,closed,CONTRIBUTOR,abd2be3ec,747,3,11,19,
pantsbuild,pants,2024-06-01,merged,CONTRIBUTOR,ab46d044d,49,3,2,4,19
pantsbuild,pants,2024-06-01,merged,CONTRIBUTOR,aa7e00b86,49,2,1,99,116
pantsbuild,pants,2024-06-01,closed,CONTRIBUTOR,aa7e00b86,164,5,2,352,
pantsbuild,pants,2024-06-01,merged,MEMBER,ae16accb2,120,2,4,0,10
pantsbuild,pants,2024-06-01,merged,CONTRIBUTOR,aa7e00b86,121,2,4,0,108
pantsbuild,pants,2024-06-01,merged,MEMBER,ae16accb2,69,1,3,0,65
pantsbuild,pants,2024-06-01,closed,CONTRIBUTOR,aa7e00b86,278,9,0,,
pantsbuild,pants,2024-06-01,merged,CONTRIBUTOR,ac13ac193,218,4,13,0,109
pantsbuild,pants,2024-06-01,merged,CONTRIBUTOR,ac13ac193,38,1,1,1,2
pantsbuild,pants,2024-07-01,merged,MEMBER,a4f30f854,233,25,1,1,1
pantsbuild,pants,2024-07-01,merged,CONTRIBUTOR,aa7e00b86,7,2,1,2,19
pantsbuild,pants,2024-07-01,merged,CONTRIBUTOR,aa95eb61b,86,3,1,119,120
pantsbuild,pants,2024-07-01,merged,CONTRIBUTOR,aa95eb61b,136,3,1,3,18
pantsbuild,pants,2024-07-01,merged,CONTRIBUTOR,ac13ac193,44,4,3,2,6
pantsbuild,pants,2024-07-01,merged,MEMBER,a4be3532c,3,1,1,55,80
pantsbuild,pants,2024-07-01,merged,MEMBER,a4be3532c,58,4,5,26,472
pantsbuild,pants,2024-08-01,merged,MEMBER,a4f30f854,55,2,2,0,28
pantsbuild,pants,2024-08-01,merged,MEMBER,a4be3532c,14,1,1,31,43
pantsbuild,pants,2024-08-01,merged,CONTRIBUTOR,ac13ac193,178,4,1,18,19
pantsbuild,pants,2024-08-01,merged,CONTRIBUTOR,ac13ac193,52,5,1,53,54
pantsbuild,pants,2024-08-01,merged,CONTRIBUTOR,a64047922,94,4,1,0,1
pantsbuild,pants,2024-08-01,merged,CONTRIBUTOR,a64047922,2,1,1,0,3
pantsbuild,pants,2024-08-01,merged,CONTRIBUTOR,a94bc2498,6,1,2,3,19
pantsbuild,pants,2024-08-01,merged,CONTRIBUTOR,a64047922,9,1,3,0,27
pantsbuild,pants,2024-08-01,merged,CONTRIBUTOR,a64047922,2,1,2,0,3
pantsbuild,pants,2024-09-01,merged,CONTRIBUTOR,a6e721a91,10,1,1,0,7
pantsbuild,pants,2024-09-01,merged,CONTRIBUTOR,aa7e00b86,25,2,1,5,5
pantsbuild,pants,2024-09-01,merged,CONTRIBUTOR,ac13ac193,147,9,9,1,23
pantsbuild,pants,2024-09-01,merged,CONTRIBUTOR,a94bc2498,12,3,3,25,42
pantsbuild,pants,2024-09-01,merged,CONTRIBUTOR,a94bc2498,302,2,1,81,97
pantsbuild,pants,2024-09-01,merged,CONTRIBUTOR,a64047922,131,9,1,0,1
pantsbuild,pants,2024-09-01,merged,CONTRIBUTOR,ac13ac193,32,1,1,0,1
pantsbuild,pants,2024-10-01,merged,CONTRIBUTOR,ac13ac193,12,2,1,3,3
pantsbuild,pants,2024-10-01,merged,CONTRIBUTOR,ac13ac193,22,1,1,21,21
pantsbuild,pants,2024-10-01,merged,CONTRIBUTOR,ac13ac193,4,1,1,1,1
pantsbuild,pants,2024-10-01,merged,CONTRIBUTOR,ac13ac193,61,20,1,16,16
pantsbuild,pants,2024-10-01,merged,CONTRIBUTOR,ac13ac193,127,3,1,20,20
pantsbuild,pants,2024-10-01,merged,CONTRIBUTOR,ac13ac193,177,1,1,2,5
pantsbuild,pants,2024-10-01,merged,CONTRIBUTOR,a94bc2498,4,2,1,98,113
pantsbuild,pants,2024-10-01,merged,CONTRIBUTOR,a94bc2498,2,1,1,98,113
pantsbuild,pants,2024-10-01,merged,CONTRIBUTOR,a64047922,43,2,1,0,1
pantsbuild,pants,2024-10-01,merged,CONTRIBUTOR,a64047922,4,1,1,4,12
pantsbuild,pants,2024-10-01,merged,MEMBER,a4f30f854,4,1,1,0,0
pantsbuild,pants,2024-10-01,merged,CONTRIBUTOR,a64047922,263,4,1,6,6
pantsbuild,pants,2024-10-01,merged,MEMBER,a4f30f854,4,1,1,0,0
pantsbuild,pants,2024-10-01,merged,MEMBER,accd53632,3,2,1,1,3
pantsbuild,pants,2024-10-01,merged,CONTRIBUTOR,ac13ac193,30,5,2,0,16
pantsbuild,pants,2024-10-01,merged,CONTRIBUTOR,ac13ac193,108,3,1,6,8
pantsbuild,pants,2024-10-01,merged,CONTRIBUTOR,a3e13686e,19,2,5,84,247
pantsbuild,pants,2024-10-01,merged,CONTRIBUTOR,aa7e00b86,329,1,4,5,46
pantsbuild,pants,2024-10-01,merged,CONTRIBUTOR,a64047922,18,3,1,0,0
pantsbuild,pants,2024-10-01,merged,MEMBER,a4f30f854,17,1,1,0,1
pantsbuild,pants,2024-10-01,merged,CONTRIBUTOR,a64047922,10,2,7,0,3
pantsbuild,pants,2024-11-01,merged,CONTRIBUTOR,ac13ac193,9,2,1,1775,1798
pantsbuild,pants,2024-11-01,merged,MEMBER,a4f30f854,124,2,2,0,2
pantsbuild,pants,2024-11-01,merged,CONTRIBUTOR,a64047922,108,3,1,0,1
pantsbuild,pants,2024-11-01,merged,CONTRIBUTOR,a64047922,2,1,1,4,4
pantsbuild,pants,2024-11-01,merged,CONTRIBUTOR,a39965a8f,4,2,1,6044,6044
pantsbuild,pants,2024-11-01,merged,CONTRIBUTOR,aa7e00b86,252,6,3,3,22
pantsbuild,pants,2024-11-01,merged,CONTRIBUTOR,a64047922,169,3,2,1,10
pantsbuild,pants,2024-11-01,merged,CONTRIBUTOR,a64047922,237,13,8,0,28
pantsbuild,pants,2024-12-01,merged,CONTRIBUTOR,a94bc2498,20,1,1,9,12
pantsbuild,pants,2024-12-01,merged,CONTRIBUTOR,a94bc2498,13,2,1,1,12
pantsbuild,pants,2024-12-01,merged,CONTRIBUTOR,aa7e00b86,30,4,2,3,17
pantsbuild,pants,2024-12-01,closed,CONTRIBUTOR,a64047922,32,4,1,2,
pantsbuild,pants,2024-12-01,merged,CONTRIBUTOR,ac13ac193,52,3,4,27,52
pantsbuild,pants,2024-12-01,closed,CONTRIBUTOR,a94bc2498,9903,164,0,,
pantsbuild,pants,2025-01-01,merged,MEMBER,a4f30f854,139,4,1,0,1
pantsbuild,pants,2025-01-01,merged,CONTRIBUTOR,a64047922,61,2,4,0,1
pantsbuild,pants,2025-01-01,merged,CONTRIBUTOR,a64047922,447,6,11,0,50
pantsbuild,pants,2025-01-01,merged,CONTRIBUTOR,a94bc2498,2,1,1,5,18
pantsbuild,pants,2025-01-01,merged,MEMBER,a4f30f854,9,1,1,3,8
pantsbuild,pants,2025-01-01,merged,CONTRIBUTOR,a619ab9b4,6,2,1,41,41
pantsbuild,pants,2025-01-01,merged,CONTRIBUTOR,ac13ac193,26,2,1,20,20
pantsbuild,pants,2025-01-01,merged,MEMBER,a4f30f854,60,5,1,0,2
pantsbuild,pants,2025-01-01,merged,CONTRIBUTOR,a94bc2498,2,1,1,24,24
pantsbuild,pants,2025-01-01,merged,CONTRIBUTOR,a94bc2498,3,2,1,51,68
pantsbuild,pants,2025-02-01,merged,CONTRIBUTOR,ad1764d79,65,3,1,7,8
pantsbuild,pants,2025-02-01,merged,CONTRIBUTOR,ac13ac193,1,1,1,0,1
pantsbuild,pants,2025-02-01,merged,CONTRIBUTOR,a94bc2498,9,2,3,1,15
pantsbuild,pants,2025-02-01,merged,CONTRIBUTOR,ac13ac193,1180,12,3,7792,7795
pantsbuild,pants,2025-02-01,merged,CONTRIBUTOR,a619ab9b4,4,1,1,297,297
pantsbuild,pants,2025-02-01,merged,CONTRIBUTOR,a94bc2498,111,1,2,0,68
pantsbuild,pants,2025-02-01,open,CONTRIBUTOR,a92a6198c,770,6,0,,
pantsbuild,pants,2025-02-01,merged,CONTRIBUTOR,ac13ac193,2,1,1,0,1
pantsbuild,pants,2025-02-01,merged,CONTRIBUTOR,ac13ac193,263,3,1,1,2
pantsbuild,pants,2025-02-01,merged,CONTRIBUTOR,ac13ac193,18,3,1,12,12
pantsbuild,pants,2025-02-01,merged,CONTRIBUTOR,af2ed76df,2,1,1,1,2
pantsbuild,pants,2025-02-01,merged,CONTRIBUTOR,ac13ac193,36,5,2,28,90
pantsbuild,pants,2025-02-01,merged,CONTRIBUTOR,ac13ac193,2,1,1,0,0
pantsbuild,pants,2025-03-01,merged,CONTRIBUTOR,a067de779,40,1,6,7630,9525
pantsbuild,pants,2025-03-01,merged,MEMBER,a4f30f854,62,3,1,1,1
pantsbuild,pants,2025-03-01,merged,CONTRIBUTOR,a64047922,32,6,1,4,4
pantsbuild,pants,2025-03-01,merged,CONTRIBUTOR,a64047922,578,9,7,0,18
pantsbuild,pants,2025-03-01,merged,CONTRIBUTOR,ac13ac193,2,1,1,0,1
pantsbuild,pants,2025-03-01,merged,CONTRIBUTOR,aa7e00b86,32,1,1,8,16
pantsbuild,pants,2025-04-01,merged,CONTRIBUTOR,a619ab9b4,4,1,1,1,1
pantsbuild,pants,2025-04-01,merged,CONTRIBUTOR,a619ab9b4,30,1,1,2,2
pantsbuild,pants,2025-04-01,merged,CONTRIBUTOR,a94bc2498,19,2,2,27,96
pantsbuild,pants,2025-04-01,closed,CONTRIBUTOR,aa7e00b86,31,5,0,,
pantsbuild,pants,2025-04-01,merged,CONTRIBUTOR,a64047922,1973,2,1,3,5
pantsbuild,pants,2025-04-01,merged,CONTRIBUTOR,a64047922,154,3,7,0,16
pantsbuild,pants,2025-04-01,merged,CONTRIBUTOR,a64047922,19,2,1,13,16
pantsbuild,pants,2025-04-01,merged,CONTRIBUTOR,a619ab9b4,9,2,1,172,172
pantsbuild,pants,2025-04-01,merged,CONTRIBUTOR,a6e721a91,338,9,4,170,259
pantsbuild,pants,2025-05-01,merged,CONTRIBUTOR,a64047922,238,27,4,0,85
pantsbuild,pants,2025-05-01,merged,CONTRIBUTOR,a94bc2498,34,5,3,1,13
pantsbuild,pants,2025-05-01,merged,CONTRIBUTOR,ac13ac193,53,1,1,2,2
pantsbuild,pants,2025-05-01,merged,CONTRIBUTOR,a64047922,289,11,16,0,17
pantsbuild,pants,2025-05-01,merged,CONTRIBUTOR,a64047922,1,1,1,0,1
pantsbuild,pants,2025-05-01,merged,CONTRIBUTOR,ac13ac193,115,1,1,3,3
pantsbuild,pants,2025-05-01,merged,CONTRIBUTOR,ac13ac193,72,1,1,12,12
pantsbuild,pants,2025-05-01,closed,CONTRIBUTOR,a64047922,79,4,4,0,
pantsbuild,pants,2025-05-01,merged,CONTRIBUTOR,ac13ac193,51,1,1,0,1
pantsbuild,pants,2025-05-01,merged,CONTRIBUTOR,a64047922,45,5,4,0,2
pantsbuild,pants,2025-05-01,merged,CONTRIBUTOR,ac13ac193,30,1,1,1,1
pantsbuild,pants,2025-05-01,merged,CONTRIBUTOR,ac13ac193,26,1,1,1,1
pantsbuild,pants,2025-05-01,merged,CONTRIBUTOR,ac13ac193,292,8,1,5,5
pantsbuild,pants,2025-05-01,merged,CONTRIBUTOR,ac13ac193,115,1,1,1,1
pantsbuild,pants,2025-05-01,merged,CONTRIBUTOR,ac13ac193,133,2,1,0,1
pantsbuild,pants,2025-05-01,merged,CONTRIBUTOR,ac13ac193,41,2,1,0,1
pantsbuild,pants,2025-05-01,merged,CONTRIBUTOR,ac13ac193,17,1,1,1,1
pantsbuild,pants,2025-05-01,merged,MEMBER,a02108583,43,1,3,0,1
pantsbuild,pants,2025-05-01,closed,CONTRIBUTOR,ac13ac193,28,3,3,3,
pantsbuild,pants,2025-05-01,merged,MEMBER,a02108583,404,77,5,135,143
pantsbuild,pants,2025-06-01,merged,CONTRIBUTOR,ac13ac193,559,7,9,0,133
pantsbuild,pants,2025-06-01,merged,CONTRIBUTOR,ac13ac193,33,8,1,5,14
pantsbuild,pants,2025-06-01,merged,MEMBER,a4f30f854,33,8,1,0,2
pantsbuild,pants,2025-06-01,merged,CONTRIBUTOR,ac13ac193,2,1,1,0,1
pantsbuild,pants,2025-06-01,merged,CONTRIBUTOR,a1ff4b0cb,11,2,2,105,124
pantsbuild,pants,2025-06-01,merged,CONTRIBUTOR,a64047922,2,1,2,3,14
pantsbuild,pants,2025-07-01,merged,CONTRIBUTOR,a64047922,300,22,1,1,1
pantsbuild,pants,2025-07-01,merged,CONTRIBUTOR,aa7e00b86,2,1,1,13,23
pantsbuild,pants,2025-07-01,merged,CONTRIBUTOR,a64047922,88,7,4,18,24
pantsbuild,pants,2025-07-01,merged,CONTRIBUTOR,ac13ac193,208,4,1,1,2
pantsbuild,pants,2025-07-01,merged,CONTRIBUTOR,ac13ac193,407,3,2,4,4
pantsbuild,pants,2025-07-01,merged,CONTRIBUTOR,ac13ac193,719,290,1,5,8
pantsbuild,pants,2025-07-01,merged,CONTRIBUTOR,a619ab9b4,37,2,1,9,9
pantsbuild,pants,2025-07-01,merged,CONTRIBUTOR,ac13ac193,4,1,1,48,48
pantsbuild,pants,2025-07-01,closed,NONE,aaff6ea30,728,4,0,,
pantsbuild,pants,2025-07-01,merged,CONTRIBUTOR,a619ab9b4,20,1,1,173,183
pantsbuild,pants,2025-08-01,merged,CONTRIBUTOR,ac13ac193,4,1,1,3,5
pantsbuild,pants,2025-08-01,merged,CONTRIBUTOR,a94bc2498,5,2,1,6,21
pantsbuild,pants,2025-08-01,merged,CONTRIBUTOR,a64047922,221,11,1,18,22
pantsbuild,pants,2025-08-01,merged,CONTRIBUTOR,a619ab9b4,156,1,1,5,5
pantsbuild,pants,2025-08-01,merged,CONTRIBUTOR,a64047922,4116,36,3,0,28
pantsbuild,pants,2025-09-01,merged,CONTRIBUTOR,a619ab9b4,6,2,2,34,36
pantsbuild,pants,2025-09-01,merged,CONTRIBUTOR,a94bc2498,41,3,4,0,6
pantsbuild,pants,2025-09-01,merged,CONTRIBUTOR,ac13ac193,6,1,2,0,3
pantsbuild,pants,2025-09-01,merged,CONTRIBUTOR,a619ab9b4,14,2,1,151,152
pantsbuild,pants,2025-09-01,merged,CONTRIBUTOR,a64047922,30,3,1,0,2
pantsbuild,pants,2025-09-01,merged,CONTRIBUTOR,a64047922,19,8,1,1064,1065
pantsbuild,pants,2025-09-01,merged,CONTRIBUTOR,ac13ac193,16,3,1,8,8
pantsbuild,pants,2025-09-01,merged,CONTRIBUTOR,ac13ac193,927,11,6,2,54
pantsbuild,pants,2025-09-01,merged,CONTRIBUTOR,a64047922,91,1,2,0,2
pantsbuild,pants,2025-09-01,merged,CONTRIBUTOR,a619ab9b4,29,1,1,36,36
pantsbuild,pants,2025-09-01,merged,CONTRIBUTOR,ac13ac193,338,2,1,1,30
pantsbuild,pants,2025-09-01,merged,CONTRIBUTOR,a94bc2498,9,1,1,2,2
pantsbuild,pants,2025-09-01,merged,CONTRIBUTOR,a64047922,117,3,2,1,14
pantsbuild,pants,2025-09-01,merged,CONTRIBUTOR,a64047922,20,3,6,0,51
pantsbuild,pants,2025-09-01,merged,CONTRIBUTOR,a64047922,370,10,8,8,53
pantsbuild,pants,2025-09-01,merged,CONTRIBUTOR,a94bc2498,6,1,1,5,43
pantsbuild,pants,2025-09-01,merged,CONTRIBUTOR,a94bc2498,198,2,1,101,102
pantsbuild,pants,2025-10-01,merged,CONTRIBUTOR,a94bc2498,3,2,1,6,33
pantsbuild,pants,2025-10-01,merged,CONTRIBUTOR,a64047922,6,1,1,0,1
pantsbuild,pants,2025-10-01,merged,CONTRIBUTOR,a64047922,6,1,1,0,1
pantsbuild,pants,2025-10-01,merged,CONTRIBUTOR,a64047922,145,6,3,0,23
pantsbuild,pants,2025-10-01,closed,MEMBER,ae16accb2,69,4,0,,
pantsbuild,pants,2025-10-01,closed,CONTRIBUTOR,a94bc2498,9,1,0,,
pantsbuild,pants,2025-10-01,merged,CONTRIBUTOR,a94bc2498,338,5,1,59,59
pantsbuild,pants,2025-10-01,closed,NONE,a594ab918,609,3,0,,
pantsbuild,pants,2025-10-01,merged,CONTRIBUTOR,a94bc2498,13,1,1,15,15
pantsbuild,pants,2025-10-01,merged,CONTRIBUTOR,ac13ac193,82,4,6,12,46
pantsbuild,pants,2025-10-01,merged,CONTRIBUTOR,ac13ac193,300,8,2,28,33
pantsbuild,pants,2025-10-01,closed,CONTRIBUTOR,a619ab9b4,898,2,0,,
pantsbuild,pants,2025-10-01,merged,CONTRIBUTOR,a94bc2498,2,1,1,0,1
pantsbuild,pants,2025-11-01,merged,MEMBER,ae16accb2,814,9,10,0,126
pantsbuild,pants,2025-11-01,merged,CONTRIBUTOR,a94bc2498,2,1,1,5,6
pantsbuild,pants,2025-11-01,merged,MEMBER,a02108583,888,21,9,14,259
pantsbuild,pants,2025-11-01,merged,CONTRIBUTOR,a64047922,7,2,1,0,0
pantsbuild,pants,2025-11-01,merged,CONTRIBUTOR,a94bc2498,272,2,1,1,3
pantsbuild,pants,2025-11-01,merged,CONTRIBUTOR,a64047922,4,1,2,0,1
pantsbuild,pants,2025-11-01,closed,NONE,a012f8782,51,1,0,,
pantsbuild,pants,2025-11-01,open,MEMBER,a02108583,376,8,0,,
pantsbuild,pants,2025-11-01,merged,CONTRIBUTOR,a3ed47ff1,28,4,4,62,128
pantsbuild,pants,2025-11-01,closed,CONTRIBUTOR,a619ab9b4,28,4,0,,
pantsbuild,pants,2025-12-01,merged,CONTRIBUTOR,a64047922,17,1,1,1,16
pantsbuild,pants,2025-12-01,merged,CONTRIBUTOR,a594763f0,3,2,2,1,64
pantsbuild,pants,2026-01-01,open,CONTRIBUTOR,a2a4f6d24,80,5,2,1903,
pantsbuild,pants,2026-01-01,merged,CONTRIBUTOR,a94bc2498,60,6,1,22,42
pantsbuild,pants,2026-01-01,merged,CONTRIBUTOR,a94bc2498,44,3,5,8,19
pantsbuild,pants,2026-01-01,closed,CONTRIBUTOR,a94bc2498,6,1,0,,
pantsbuild,pants,2026-01-01,closed,MEMBER,ae16accb2,21,2,8,0,
pantsbuild,pants,2026-01-01,closed,NONE,a1c2749f0,13900,32,0,,
pantsbuild,pants,2026-01-01,merged,MEMBER,ae16accb2,22,3,1,3,3
pantsbuild,pants,2026-01-01,merged,CONTRIBUTOR,abd2be3ec,125,3,1,171,171
pantsbuild,pants,2026-01-01,merged,CONTRIBUTOR,a64047922,1461,16,8,0,24
pantsbuild,pants,2026-02-01,merged,CONTRIBUTOR,abd2be3ec,2118,6,7,26,96
pantsbuild,pants,2026-02-01,merged,CONTRIBUTOR,a64047922,15,3,1,4,5
pantsbuild,pants,2026-02-01,merged,CONTRIBUTOR,a64047922,33,2,1,0,1
pantsbuild,pants,2026-02-01,merged,CONTRIBUTOR,a94bc2498,422,20,2,2,147
pantsbuild,pants,2026-02-01,merged,CONTRIBUTOR,a94bc2498,4,2,1,3,9
pantsbuild,pants,2026-02-01,merged,CONTRIBUTOR,a94bc2498,17,3,1,121,140
pantsbuild,pants,2026-02-01,closed,CONTRIBUTOR,a619ab9b4,26,3,0,,
pantsbuild,pants,2026-02-01,merged,CONTRIBUTOR,ac13ac193,22,3,1,4,6
pantsbuild,pants,2026-02-01,open,CONTRIBUTOR,abd2be3ec,1933,16,3,1368,
pantsbuild,pants,2026-02-01,merged,CONTRIBUTOR,a94bc2498,4,1,1,9,19
pantsbuild,pants,2026-02-01,closed,CONTRIBUTOR,a619ab9b4,793,2,0,,
pantsbuild,pants,2026-03-01,merged,CONTRIBUTOR,a64047922,443,3,19,6,64
pantsbuild,pants,2026-03-01,merged,CONTRIBUTOR,aa038bf03,4,2,1,164,197
pantsbuild,pants,2026-03-01,merged,MEMBER,ae16accb2,2,1,1,1,1
pantsbuild,pants,2026-03-01,merged,CONTRIBUTOR,a64047922,28,1,3,51,73
pantsbuild,pants,2026-03-01,merged,CONTRIBUTOR,a64047922,191,2,4,0,2
pantsbuild,pants,2026-03-01,closed,NONE,a6782e9f7,2,1,0,,
pantsbuild,pants,2026-03-01,merged,CONTRIBUTOR,a64047922,57,7,3,0,112
pantsbuild,pants,2026-04-01,merged,CONTRIBUTOR,a1eb99a6c,6,2,1,1,1
pantsbuild,pants,2026-04-01,merged,MEMBER,a4f30f854,2,1,1,0,19
pantsbuild,pants,2026-04-01,merged,CONTRIBUTOR,a94bc2498,10,1,1,15,15
pantsbuild,pants,2026-04-01,merged,CONTRIBUTOR,ac13ac193,261,2,1,2,13
pantsbuild,pants,2026-04-01,open,CONTRIBUTOR,a0b1b66f0,22554,41,2,1310,
pantsbuild,pants,2026-04-01,merged,CONTRIBUTOR,a94bc2498,8,1,1,1813,1824
pantsbuild,pants,2026-05-01,merged,CONTRIBUTOR,a64047922,3,1,1,23,23
pantsbuild,pants,2026-05-01,merged,CONTRIBUTOR,a94bc2498,499,5,1,40,44
pantsbuild,pants,2026-05-01,merged,MEMBER,a4f30f854,153,4,1,1,1
pantsbuild,pants,2026-05-01,merged,CONTRIBUTOR,a64047922,209,10,1,16,18
pantsbuild,pants,2026-05-01,merged,CONTRIBUTOR,ad70277a4,123,9,4,31,197
pantsbuild,pants,2026-05-01,merged,MEMBER,a4f30f854,135,2,1,0,1
pantsbuild,pants,2026-05-01,closed,CONTRIBUTOR,aadaaba91,350,19,0,,
pantsbuild,pants,2026-05-01,merged,CONTRIBUTOR,a64047922,32297,79,1,0,1
pantsbuild,pants,2026-06-01,merged,MEMBER,a4f30f854,409,3,1,1,1
pantsbuild,pants,2026-06-01,merged,CONTRIBUTOR,aa038bf03,60,6,1,416,453
pantsbuild,pants,2026-06-01,merged,CONTRIBUTOR,a64047922,9,2,1,3,3
pantsbuild,pants,2026-06-01,merged,MEMBER,ae16accb2,2,1,2,0,0
pantsbuild,pants,2026-07-01,merged,CONTRIBUTOR,a94bc2498,2,1,2,2,3
pantsbuild,pants,2026-07-01,merged,CONTRIBUTOR,aa95eb61b,25,7,1,36,42
pantsbuild,pants,2026-07-01,merged,CONTRIBUTOR,aa038bf03,2205,23,4,174,300
pantsbuild,pants,2026-07-01,merged,CONTRIBUTOR,ae942ed91,2,1,1,1,1
pantsbuild,pants,2026-07-01,merged,CONTRIBUTOR,aa95eb61b,120,4,1,6,6
pantsbuild,pants,2026-07-01,closed,CONTRIBUTOR,a619ab9b4,487,2,0,,
pantsbuild,pants,2026-07-01,merged,CONTRIBUTOR,aa038bf03,97,2,1,16,21
pantsbuild,pants,2026-07-01,merged,CONTRIBUTOR,aa95eb61b,39,3,1,5,5
pantsbuild,pants,2026-07-01,closed,CONTRIBUTOR,a619ab9b4,378,2,0,,
pantsbuild,pants,2026-07-01,merged,CONTRIBUTOR,a94bc2498,20,7,1,128,167
pantsbuild,pants,2026-07-01,open,CONTRIBUTOR,a94bc2498,174,4,1,2,
pantsbuild,pants,2026-07-01,open,CONTRIBUTOR,a94bc2498,153,2,1,128,
pantsbuild,pants,2026-07-01,merged,CONTRIBUTOR,aa95eb61b,424,1,2,0,217
pantsbuild,pants,2026-07-01,closed,NONE,ab33d6240,59,2,0,,
pantsbuild,pants,2026-07-01,merged,CONTRIBUTOR,a94bc2498,2,1,1,3,26
pantsbuild,scie-pants,2023-08-01,merged,CONTRIBUTOR,a619ab9b4,12,1,1,449,450
pantsbuild,scie-pants,2023-08-01,merged,MEMBER,a4c5b1715,2,1,1,0,1
pantsbuild,scie-pants,2023-09-01,merged,CONTRIBUTOR,a619ab9b4,11,1,1,211,211
pantsbuild,scie-pants,2023-09-01,merged,CONTRIBUTOR,a64047922,2,1,4,6,14
pantsbuild,scie-pants,2023-09-01,merged,CONTRIBUTOR,aa7e00b86,2,1,1,9,17
pantsbuild,scie-pants,2023-10-01,merged,CONTRIBUTOR,a619ab9b4,8,1,1,468,468
pantsbuild,scie-pants,2023-11-01,closed,CONTRIBUTOR,aa7e00b86,35,6,2,10,
pantsbuild,scie-pants,2023-11-01,merged,CONTRIBUTOR,a619ab9b4,6,2,1,428,428
pantsbuild,scie-pants,2023-11-01,merged,CONTRIBUTOR,a619ab9b4,16,1,1,260,260
pantsbuild,scie-pants,2023-11-01,merged,CONTRIBUTOR,a619ab9b4,6,2,1,66,66
pantsbuild,scie-pants,2023-11-01,merged,CONTRIBUTOR,a619ab9b4,6,2,1,66,66
pantsbuild,scie-pants,2023-12-01,closed,CONTRIBUTOR,a619ab9b4,72,1,0,,
pantsbuild,scie-pants,2023-12-01,closed,CONTRIBUTOR,a619ab9b4,16,1,0,,
pantsbuild,scie-pants,2024-02-01,merged,CONTRIBUTOR,a619ab9b4,30,2,1,79,79
pantsbuild,scie-pants,2024-02-01,merged,MEMBER,a4c5b1715,14,6,1,0,1612
pantsbuild,scie-pants,2024-03-01,merged,CONTRIBUTOR,a619ab9b4,13,2,1,5,5
pantsbuild,scie-pants,2024-03-01,closed,CONTRIBUTOR,a619ab9b4,22,2,0,,
pantsbuild,scie-pants,2024-03-01,closed,CONTRIBUTOR,a619ab9b4,33,2,0,,
pantsbuild,scie-pants,2024-03-01,merged,MEMBER,a4c5b1715,128,7,5,7,115
pantsbuild,scie-pants,2024-03-01,closed,CONTRIBUTOR,a619ab9b4,26,2,0,,
pantsbuild,scie-pants,2024-04-01,merged,CONTRIBUTOR,aa7e00b86,14,2,2,6,326
pantsbuild,scie-pants,2024-06-01,closed,CONTRIBUTOR,a619ab9b4,4,1,0,,
pantsbuild,scie-pants,2024-06-01,closed,CONTRIBUTOR,a619ab9b4,26,2,0,,
pantsbuild,scie-pants,2024-07-01,closed,CONTRIBUTOR,a619ab9b4,29,2,0,,
pantsbuild,scie-pants,2024-11-01,closed,NONE,a619d8db5,41,2,0,,
pantsbuild,scie-pants,2024-11-01,merged,CONTRIBUTOR,aa7e00b86,104,1,1,1,2
pantsbuild,scie-pants,2024-12-01,merged,CONTRIBUTOR,aa7e00b86,4,2,1,0,0
pantsbuild,scie-pants,2025-01-01,closed,CONTRIBUTOR,aa7e00b86,27,4,0,,
pantsbuild,scie-pants,2025-05-01,merged,CONTRIBUTOR,a64047922,100,6,2,0,21
pantsbuild,scie-pants,2025-05-01,merged,CONTRIBUTOR,a64047922,24,1,1,0,1
pantsbuild,scie-pants,2025-05-01,closed,CONTRIBUTOR,a619ab9b4,6,2,0,,
pantsbuild,scie-pants,2025-06-01,closed,CONTRIBUTOR,ac13ac193,37,5,0,,
pantsbuild,scie-pants,2025-06-01,closed,CONTRIBUTOR,ac13ac193,327,1,0,,
pantsbuild,scie-pants,2025-07-01,merged,CONTRIBUTOR,a64047922,10,3,1,0,0
pantsbuild,scie-pants,2025-10-01,closed,MEMBER,ae16accb2,13,1,0,,
pantsbuild,scie-pants,2025-11-01,closed,CONTRIBUTOR,a619ab9b4,10,2,0,,
pantsbuild,scie-pants,2026-03-01,merged,CONTRIBUTOR,a64047922,10,3,1,1,1
pantsbuild,scie-pants,2026-04-01,merged,MEMBER,ae16accb2,370,5,11,34,171
pantsbuild,scie-pants,2026-04-01,merged,MEMBER,ae16accb2,50,2,1,169,176
pantsbuild,scie-pants,2026-05-01,closed,CONTRIBUTOR,a619ab9b4,81,2,0,,
pantsbuild,scie-pants,2026-06-01,closed,CONTRIBUTOR,a619ab9b4,97,3,0,,
pytorch,executorch,2023-08-01,closed,CONTRIBUTOR,a0672f764,2,1,0,,
pytorch,executorch,2023-08-01,closed,CONTRIBUTOR,af38e9f69,30446,3000,0,,
pytorch,executorch,2023-08-01,merged,CONTRIBUTOR,aa35e944c,533,1,1,1,1
pytorch,executorch,2023-08-01,closed,CONTRIBUTOR,ae516bc6e,542,10,0,,
pytorch,executorch,2023-08-01,closed,CONTRIBUTOR,a41334601,147,9,0,,
pytorch,executorch,2023-08-01,closed,CONTRIBUTOR,af38e9f69,150,15,0,,
pytorch,executorch,2023-08-01,closed,CONTRIBUTOR,ae1df586d,1491,14,0,,
pytorch,executorch,2023-08-01,closed,CONTRIBUTOR,af38e9f69,48,8,0,,
pytorch,executorch,2023-08-01,closed,CONTRIBUTOR,ae516bc6e,118,2,0,,
pytorch,executorch,2023-08-01,closed,CONTRIBUTOR,a41334601,265,8,0,,
pytorch,executorch,2023-08-01,closed,CONTRIBUTOR,a0672f764,440,9,0,,
pytorch,executorch,2023-08-01,closed,CONTRIBUTOR,a18c03ea5,31,5,0,,
pytorch,executorch,2023-08-01,closed,CONTRIBUTOR,af38e9f69,3,1,0,,
pytorch,executorch,2023-08-01,closed,CONTRIBUTOR,aab967e72,317,17,0,,
pytorch,executorch,2023-08-01,closed,CONTRIBUTOR,ae1df586d,12,5,0,,
pytorch,executorch,2023-08-01,closed,CONTRIBUTOR,a18c03ea5,21,3,0,,
pytorch,executorch,2023-08-01,closed,CONTRIBUTOR,a767861ed,6,1,0,,
pytorch,executorch,2023-08-01,closed,CONTRIBUTOR,ae1df586d,26,1,0,,
pytorch,executorch,2023-09-01,closed,CONTRIBUTOR,aab967e72,1094,23,0,,
pytorch,executorch,2023-09-01,closed,CONTRIBUTOR,aa11b33e5,1747,18,12,57,
pytorch,executorch,2023-09-01,closed,CONTRIBUTOR,a767861ed,51,5,0,,
pytorch,executorch,2023-09-01,closed,CONTRIBUTOR,aa3081bfa,51,2,0,,
pytorch,executorch,2023-09-01,closed,CONTRIBUTOR,ae1df586d,763,96,0,,
pytorch,executorch,2023-09-01,closed,CONTRIBUTOR,a767861ed,3,1,0,,
pytorch,executorch,2023-09-01,closed,CONTRIBUTOR,aa11b33e5,82,1,0,,
pytorch,executorch,2023-09-01,closed,CONTRIBUTOR,a7be41a7a,188,6,0,,
pytorch,executorch,2023-09-01,closed,CONTRIBUTOR,a6002df3d,511,7,0,,
pytorch,executorch,2023-09-01,closed,CONTRIBUTOR,a49eacc47,1173,5,25,2,
pytorch,executorch,2023-09-01,closed,CONTRIBUTOR,aab967e72,386,2,0,,
pytorch,executorch,2023-09-01,closed,CONTRIBUTOR,ae55b7e51,1090,7,0,,
pytorch,executorch,2023-09-01,closed,CONTRIBUTOR,aacdfa15d,237,24,0,,
pytorch,executorch,2023-09-01,closed,CONTRIBUTOR,ae1df586d,0,1,0,,
pytorch,executorch,2023-09-01,closed,CONTRIBUTOR,a4e283c3a,22,1,0,,
pytorch,executorch,2023-09-01,closed,CONTRIBUTOR,a4e283c3a,14,1,0,,
pytorch,executorch,2023-09-01,closed,CONTRIBUTOR,a18c03ea5,13,2,0,,
pytorch,executorch,2023-09-01,closed,CONTRIBUTOR,af6075a1c,131,1,0,,
pytorch,executorch,2023-09-01,closed,CONTRIBUTOR,ae1df586d,131,1,0,,
pytorch,executorch,2023-09-01,closed,CONTRIBUTOR,a1febba14,15,2,0,,
pytorch,executorch,2023-09-01,closed,CONTRIBUTOR,af6075a1c,2,1,0,,
pytorch,executorch,2023-09-01,closed,CONTRIBUTOR,aab967e72,3,1,0,,
pytorch,executorch,2023-09-01,closed,CONTRIBUTOR,a1febba14,29,2,0,,
pytorch,executorch,2023-09-01,closed,CONTRIBUTOR,af38e9f69,223,9,0,,
pytorch,executorch,2023-09-01,closed,CONTRIBUTOR,af38e9f69,444,22,0,,
pytorch,executorch,2023-09-01,closed,CONTRIBUTOR,af695ca18,17,2,0,,
pytorch,executorch,2023-09-01,closed,CONTRIBUTOR,ad5417e63,268,9,0,,
pytorch,executorch,2023-09-01,closed,CONTRIBUTOR,ae55b7e51,54,1,0,,
pytorch,executorch,2023-09-01,closed,CONTRIBUTOR,a0672f764,219,16,0,,
pytorch,executorch,2023-09-01,closed,CONTRIBUTOR,ae55b7e51,57,2,0,,
pytorch,executorch,2023-09-01,closed,CONTRIBUTOR,a891c5fd9,10,2,0,,
pytorch,executorch,2023-09-01,closed,CONTRIBUTOR,acb41adbb,98,2,0,,
pytorch,executorch,2023-09-01,closed,NONE,a622cf3cf,97,6,0,,
pytorch,executorch,2023-09-01,closed,CONTRIBUTOR,af6075a1c,24,3,0,,
pytorch,executorch,2023-09-01,closed,CONTRIBUTOR,ae1df586d,1,1,0,,
pytorch,executorch,2023-09-01,closed,CONTRIBUTOR,aacdfa15d,260,5,0,,
pytorch,executorch,2023-09-01,closed,CONTRIBUTOR,aacdfa15d,36,2,0,,
pytorch,executorch,2023-09-01,closed,CONTRIBUTOR,a767861ed,225,8,0,,
pytorch,executorch,2023-09-01,closed,CONTRIBUTOR,af7c559e3,2,1,0,,
pytorch,executorch,2023-09-01,closed,CONTRIBUTOR,a0672f764,60,4,0,,
pytorch,executorch,2023-09-01,closed,CONTRIBUTOR,a41334601,57,5,1,103,
pytorch,executorch,2023-10-01,closed,CONTRIBUTOR,aa11b33e5,171,2,0,,
pytorch,executorch,2023-10-01,closed,CONTRIBUTOR,af7c559e3,7,3,0,,
pytorch,executorch,2023-10-01,closed,CONTRIBUTOR,ae1df586d,50,13,0,,
pytorch,executorch,2023-10-01,closed,CONTRIBUTOR,af695ca18,10,5,0,,
pytorch,executorch,2023-10-01,closed,CONTRIBUTOR,a7be41a7a,174,5,0,,
pytorch,executorch,2023-10-01,closed,CONTRIBUTOR,af7c559e3,82,1,0,,
pytorch,executorch,2023-10-01,closed,CONTRIBUTOR,a1d8e3118,376,8,0,,
pytorch,executorch,2023-10-01,closed,CONTRIBUTOR,a767861ed,107,5,0,,
pytorch,executorch,2023-10-01,closed,CONTRIBUTOR,a0672f764,50,4,0,,
pytorch,executorch,2023-10-01,closed,CONTRIBUTOR,ae55b7e51,40,2,0,,
pytorch,executorch,2023-10-01,closed,NONE,a622cf3cf,14,5,0,,
pytorch,executorch,2023-10-01,closed,CONTRIBUTOR,ae55b7e51,123,4,0,,
pytorch,executorch,2023-10-01,closed,CONTRIBUTOR,ae1df586d,6,2,0,,
pytorch,executorch,2023-10-01,closed,CONTRIBUTOR,ae55b7e51,4,1,0,,
pytorch,executorch,2023-10-01,closed,CONTRIBUTOR,a242e4044,6,1,0,,
pytorch,executorch,2023-10-01,closed,CONTRIBUTOR,aa11b33e5,141,19,1,2,
pytorch,executorch,2023-10-01,closed,CONTRIBUTOR,a767861ed,717,9,0,,
pytorch,executorch,2023-10-01,closed,CONTRIBUTOR,af38e9f69,160,15,0,,
pytorch,executorch,2023-10-01,closed,CONTRIBUTOR,af38e9f69,50,12,0,,
pytorch,executorch,2023-10-01,closed,CONTRIBUTOR,af38e9f69,93,14,0,,
pytorch,executorch,2023-10-01,closed,CONTRIBUTOR,af38e9f69,11,2,0,,
pytorch,executorch,2023-10-01,closed,CONTRIBUTOR,af695ca18,76,4,0,,
pytorch,executorch,2023-10-01,closed,CONTRIBUTOR,a0f24dbd4,129,2,0,,
pytorch,executorch,2023-10-01,closed,CONTRIBUTOR,a6002df3d,9,1,0,,
pytorch,executorch,2023-10-01,closed,NONE,a71264da3,2,1,1,16,
pytorch,executorch,2023-10-01,closed,CONTRIBUTOR,a0672f764,241,6,0,,
pytorch,executorch,2023-10-01,merged,CONTRIBUTOR,aa35e944c,17135,60,1,0,19
pytorch,executorch,2023-10-01,merged,CONTRIBUTOR,a6002df3d,266,14,0,,1
pytorch,executorch,2023-10-01,closed,NONE,a622cf3cf,9,1,0,,
pytorch,executorch,2023-10-01,closed,CONTRIBUTOR,af7c559e3,68,4,0,,
pytorch,executorch,2023-10-01,closed,CONTRIBUTOR,ad5417e63,17,2,0,,
pytorch,executorch,2023-10-01,closed,CONTRIBUTOR,ab9aa8009,116,3,0,,
pytorch,executorch,2023-10-01,closed,CONTRIBUTOR,a7a0d12b5,279,12,0,,
pytorch,executorch,2023-10-01,closed,CONTRIBUTOR,ae55b7e51,8,1,0,,
pytorch,executorch,2023-10-01,closed,CONTRIBUTOR,af38e9f69,594,5,0,,
pytorch,executorch,2023-10-01,closed,CONTRIBUTOR,aacdfa15d,24,12,0,,
pytorch,executorch,2023-10-01,closed,CONTRIBUTOR,ae55b7e51,28,2,0,,
pytorch,executorch,2023-10-01,closed,CONTRIBUTOR,aab967e72,27,1,0,,
pytorch,executorch,2023-10-01,merged,CONTRIBUTOR,ae55b7e51,56,9,1,0,65
pytorch,executorch,2023-10-01,closed,NONE,a622cf3cf,84,3,0,,
pytorch,executorch,2023-10-01,merged,CONTRIBUTOR,a92f64428,6,1,1,0,1
pytorch,executorch,2023-10-01,closed,CONTRIBUTOR,ae1df586d,12,1,0,,
pytorch,executorch,2023-10-01,closed,CONTRIBUTOR,a6002df3d,12,1,0,,
pytorch,executorch,2023-10-01,closed,CONTRIBUTOR,acb41adbb,32,1,0,,
pytorch,executorch,2023-10-01,closed,CONTRIBUTOR,ae1df586d,6,1,0,,
pytorch,executorch,2023-10-01,closed,CONTRIBUTOR,aacdfa15d,21,5,0,,
pytorch,executorch,2023-10-01,closed,CONTRIBUTOR,aa11b33e5,20,2,0,,
pytorch,executorch,2023-10-01,closed,CONTRIBUTOR,aacdfa15d,21,10,0,,
pytorch,executorch,2023-10-01,closed,CONTRIBUTOR,a95a7bc64,6,3,0,,
pytorch,executorch,2023-10-01,closed,CONTRIBUTOR,a92f64428,7,2,2,19,
pytorch,executorch,2023-10-01,merged,CONTRIBUTOR,aa35e944c,120,6,2,0,2
pytorch,executorch,2023-10-01,closed,CONTRIBUTOR,ae1df586d,2,1,0,,
pytorch,executorch,2023-10-01,closed,CONTRIBUTOR,a18c03ea5,2,1,0,,
pytorch,executorch,2023-10-01,closed,CONTRIBUTOR,ae1df586d,26,1,0,,
pytorch,executorch,2023-10-01,closed,CONTRIBUTOR,a767861ed,2,2,0,,
pytorch,executorch,2023-10-01,closed,CONTRIBUTOR,acb41adbb,8,1,0,,
pytorch,executorch,2023-10-01,closed,CONTRIBUTOR,af7c559e3,4,1,0,,
pytorch,executorch,2023-10-01,closed,CONTRIBUTOR,a95a7bc64,170,7,0,,
pytorch,executorch,2023-10-01,closed,CONTRIBUTOR,ae1df586d,6,1,0,,
pytorch,executorch,2023-10-01,closed,CONTRIBUTOR,a500ec4e8,81,2,0,,
pytorch,executorch,2023-10-01,closed,CONTRIBUTOR,ae1df586d,2,1,0,,
pytorch,executorch,2023-10-01,closed,CONTRIBUTOR,aacdfa15d,74,1,0,,
pytorch,executorch,2023-10-01,closed,CONTRIBUTOR,a0672f764,27,1,0,,
pytorch,executorch,2023-10-01,closed,CONTRIBUTOR,af695ca18,2,1,0,,
pytorch,executorch,2023-10-01,closed,CONTRIBUTOR,a0f24dbd4,1,1,0,,
pytorch,executorch,2023-10-01,closed,CONTRIBUTOR,af6075a1c,36,2,0,,
pytorch,executorch,2023-10-01,closed,CONTRIBUTOR,af6075a1c,12,1,0,,
pytorch,executorch,2023-10-01,closed,COLLABORATOR,a6b17a47b,882,8,68,2,
pytorch,executorch,2023-10-01,closed,CONTRIBUTOR,af7c559e3,17,1,0,,
pytorch,executorch,2023-10-01,closed,CONTRIBUTOR,af6075a1c,27,2,0,,
pytorch,executorch,2023-10-01,closed,NONE,abddbe61c,1,1,0,,
pytorch,executorch,2023-10-01,closed,CONTRIBUTOR,aa3081bfa,16,1,0,,
pytorch,executorch,2023-10-01,closed,CONTRIBUTOR,a18c03ea5,32,6,0,,
pytorch,executorch,2023-10-01,closed,CONTRIBUTOR,a954b5e43,584,7,4,8,
pytorch,executorch,2023-10-01,closed,COLLABORATOR,a6b17a47b,585,14,5,4,
pytorch,executorch,2023-10-01,closed,CONTRIBUTOR,ad5417e63,7,1,0,,
pytorch,executorch,2023-10-01,closed,CONTRIBUTOR,af6075a1c,16,1,0,,
pytorch,executorch,2023-10-01,closed,CONTRIBUTOR,af6075a1c,69,5,0,,
pytorch,executorch,2023-10-01,closed,CONTRIBUTOR,af6075a1c,28,2,0,,
pytorch,executorch,2023-10-01,closed,CONTRIBUTOR,af6075a1c,24,2,0,,
pytorch,executorch,2023-11-01,closed,CONTRIBUTOR,a63e53439,4,1,0,,
pytorch,executorch,2023-11-01,closed,CONTRIBUTOR,aab967e72,299,27,0,,
pytorch,executorch,2023-11-01,closed,CONTRIBUTOR,aa3081bfa,84,4,0,,
pytorch,executorch,2023-11-01,closed,CONTRIBUTOR,af38e9f69,92,5,0,,
pytorch,executorch,2023-11-01,closed,CONTRIBUTOR,aab967e72,27,2,0,,
pytorch,executorch,2023-11-01,closed,CONTRIBUTOR,aacdfa15d,3,2,0,,
pytorch,executorch,2023-11-01,closed,CONTRIBUTOR,aa3081bfa,75,3,0,,
pytorch,executorch,2023-11-01,closed,CONTRIBUTOR,ae1df586d,93,8,0,,
pytorch,executorch,2023-11-01,closed,NONE,a622cf3cf,6,1,0,,
pytorch,executorch,2023-11-01,closed,CONTRIBUTOR,aab967e72,18,1,0,,
pytorch,executorch,2023-11-01,closed,CONTRIBUTOR,a92f64428,32,1,1,379,
pytorch,executorch,2023-11-01,closed,CONTRIBUTOR,acde10e71,1,1,0,,
pytorch,executorch,2023-11-01,closed,CONTRIBUTOR,a76060dbc,4,1,0,,
pytorch,executorch,2023-11-01,closed,CONTRIBUTOR,a18c03ea5,17,1,0,,
pytorch,executorch,2023-11-01,closed,CONTRIBUTOR,a18c03ea5,2,1,0,,
pytorch,executorch,2023-11-01,closed,CONTRIBUTOR,a0672f764,101,3,0,,
pytorch,executorch,2023-11-01,closed,CONTRIBUTOR,a7be41a7a,16,3,0,,
pytorch,executorch,2023-11-01,closed,CONTRIBUTOR,a767861ed,387,16,0,,
pytorch,executorch,2023-11-01,closed,CONTRIBUTOR,aa11b33e5,195,10,2,167,
pytorch,executorch,2023-11-01,closed,CONTRIBUTOR,acb41adbb,2,1,0,,
pytorch,executorch,2023-11-01,closed,CONTRIBUTOR,ab9aa8009,49,7,0,,
pytorch,executorch,2023-11-01,closed,CONTRIBUTOR,aacdfa15d,55,3,0,,
pytorch,executorch,2023-11-01,closed,CONTRIBUTOR,a767861ed,139,10,0,,
pytorch,executorch,2023-11-01,closed,CONTRIBUTOR,aa3081bfa,802,7,0,,
pytorch,executorch,2023-12-01,closed,CONTRIBUTOR,aa11b33e5,421,13,0,,
pytorch,executorch,2023-12-01,closed,CONTRIBUTOR,ae55b7e51,14,1,0,,
pytorch,executorch,2023-12-01,closed,CONTRIBUTOR,a0672f764,16,4,0,,
pytorch,executorch,2023-12-01,closed,COLLABORATOR,a90adbde7,3334,19,2,5,
pytorch,executorch,2023-12-01,closed,CONTRIBUTOR,af38e9f69,15564,3000,0,,
pytorch,executorch,2023-12-01,closed,CONTRIBUTOR,af38e9f69,655,17,0,,
pytorch,executorch,2023-12-01,closed,CONTRIBUTOR,aab967e72,7,2,0,,
pytorch,executorch,2023-12-01,closed,CONTRIBUTOR,aab967e72,2,1,0,,
pytorch,executorch,2023-12-01,closed,CONTRIBUTOR,af38e9f69,15564,3000,0,,
pytorch,executorch,2023-12-01,closed,CONTRIBUTOR,a891c5fd9,6,1,0,,
pytorch,executorch,2023-12-01,closed,NONE,adb93f5aa,116,58,0,,
pytorch,executorch,2023-12-01,closed,CONTRIBUTOR,aab967e72,62,1,0,,
pytorch,executorch,2023-12-01,closed,CONTRIBUTOR,ab9aa8009,68,4,0,,
pytorch,executorch,2023-12-01,closed,CONTRIBUTOR,ab9aa8009,8,2,1,2,
pytorch,executorch,2023-12-01,closed,CONTRIBUTOR,a0672f764,189,5,0,,
pytorch,executorch,2023-12-01,closed,CONTRIBUTOR,a767861ed,111,5,1,1,
pytorch,executorch,2023-12-01,closed,MEMBER,a9c1e4615,5,1,0,,
pytorch,executorch,2023-12-01,closed,CONTRIBUTOR,ab9aa8009,3,1,0,,
pytorch,executorch,2023-12-01,closed,CONTRIBUTOR,af695ca18,43,2,0,,
pytorch,executorch,2023-12-01,closed,CONTRIBUTOR,ab9aa8009,122,2,0,,
pytorch,executorch,2023-12-01,closed,CONTRIBUTOR,aab967e72,11,1,0,,
pytorch,executorch,2023-12-01,closed,CONTRIBUTOR,a767861ed,15,3,0,,
pytorch,executorch,2024-01-01,closed,CONTRIBUTOR,ae55b7e51,110,5,0,,
pytorch,executorch,2024-01-01,closed,CONTRIBUTOR,a0672f764,362,11,1,119,
pytorch,executorch,2024-01-01,closed,MEMBER,a9c1e4615,113,30,0,,
pytorch,executorch,2024-01-01,closed,CONTRIBUTOR,aacdfa15d,7,4,0,,
pytorch,executorch,2024-01-01,closed,CONTRIBUTOR,aa9ac2ea5,29,1,0,,
pytorch,executorch,2024-01-01,closed,NONE,a3ba57d98,612,2,0,,
pytorch,executorch,2024-01-01,closed,CONTRIBUTOR,a4e283c3a,2,1,0,,
pytorch,executorch,2024-01-01,closed,CONTRIBUTOR,aa9ac2ea5,29,1,0,,
pytorch,executorch,2024-01-01,closed,CONTRIBUTOR,a4e283c3a,6,3,1,2,
pytorch,executorch,2024-01-01,closed,CONTRIBUTOR,a767861ed,2,1,0,,
pytorch,executorch,2024-01-01,closed,NONE,afab1bdab,2,1,0,,
pytorch,executorch,2024-01-01,closed,CONTRIBUTOR,ad5417e63,728,19,0,,
pytorch,executorch,2024-01-01,closed,CONTRIBUTOR,a41334601,18,1,1,2,
pytorch,executorch,2024-01-01,closed,CONTRIBUTOR,a41334601,37,3,0,,
pytorch,executorch,2024-01-01,closed,NONE,a3ba57d98,10,1,0,,
pytorch,executorch,2024-01-01,closed,CONTRIBUTOR,aa11b33e5,174,10,0,,
pytorch,executorch,2024-01-01,closed,CONTRIBUTOR,a0672f764,6,3,0,,
pytorch,executorch,2024-01-01,closed,MEMBER,a9c1e4615,271,16,0,,
pytorch,executorch,2024-01-01,closed,MEMBER,a9c1e4615,2675,79,1,3,
pytorch,executorch,2024-01-01,closed,CONTRIBUTOR,a41334601,1230,29,2,13,
pytorch,executorch,2024-01-01,closed,MEMBER,a9c1e4615,361,12,1,143,
pytorch,executorch,2024-01-01,closed,CONTRIBUTOR,ae55b7e51,137,8,0,,
pytorch,executorch,2024-01-01,closed,CONTRIBUTOR,ae55b7e51,173,9,0,,
pytorch,executorch,2024-01-01,closed,CONTRIBUTOR,a4e283c3a,30,5,0,,
pytorch,executorch,2024-01-01,closed,NONE,a3ba57d98,27,1,0,,
pytorch,executorch,2024-01-01,closed,CONTRIBUTOR,aacdfa15d,4,1,0,,
pytorch,executorch,2024-01-01,closed,CONTRIBUTOR,acb41adbb,63,2,1,21,
pytorch,executorch,2024-01-01,closed,CONTRIBUTOR,acb41adbb,4,1,0,,
pytorch,executorch,2024-01-01,closed,NONE,a3ba57d98,137,1,0,,
pytorch,executorch,2024-01-01,closed,CONTRIBUTOR,af6075a1c,108,3,0,,
pytorch,executorch,2024-01-01,closed,CONTRIBUTOR,af6075a1c,5,1,0,,
pytorch,executorch,2024-01-01,closed,CONTRIBUTOR,af6075a1c,117,6,0,,
pytorch,executorch,2024-01-01,closed,NONE,a3ba57d98,4,1,0,,
pytorch,executorch,2024-01-01,closed,CONTRIBUTOR,aa11b33e5,44,4,0,,
pytorch,executorch,2024-01-01,closed,CONTRIBUTOR,adad53148,64,5,0,,
pytorch,executorch,2024-01-01,closed,CONTRIBUTOR,aa11b33e5,25,5,0,,
pytorch,executorch,2024-01-01,closed,NONE,a3ba57d98,462,2,0,,
pytorch,executorch,2024-01-01,closed,CONTRIBUTOR,aa9ac2ea5,98,4,0,,
pytorch,executorch,2024-01-01,closed,CONTRIBUTOR,ae55b7e51,481,9,0,,
pytorch,executorch,2024-01-01,closed,CONTRIBUTOR,a49eacc47,37,4,3,9,
pytorch,executorch,2024-01-01,closed,CONTRIBUTOR,a92f64428,638,15,0,,
pytorch,executorch,2024-01-01,closed,CONTRIBUTOR,a0672f764,232,11,0,,
pytorch,executorch,2024-01-01,closed,CONTRIBUTOR,a0672f764,217,9,0,,
pytorch,executorch,2024-01-01,closed,CONTRIBUTOR,af6075a1c,930,7,0,,
pytorch,executorch,2024-01-01,closed,COLLABORATOR,a90adbde7,760,26,1,656,
pytorch,executorch,2024-02-01,merged,CONTRIBUTOR,aa35e944c,2298,147,0,,120
pytorch,executorch,2024-02-01,closed,CONTRIBUTOR,acb41adbb,97,1,0,,
pytorch,executorch,2024-02-01,closed,CONTRIBUTOR,aacdfa15d,4,1,0,,
pytorch,executorch,2024-02-01,closed,COLLABORATOR,a367dee8b,812,12,10,24,
pytorch,executorch,2024-02-01,closed,CONTRIBUTOR,aa11b33e5,12,1,0,,
pytorch,executorch,2024-02-01,closed,CONTRIBUTOR,aa11b33e5,41,1,0,,
pytorch,executorch,2024-02-01,closed,CONTRIBUTOR,ab9aa8009,24,3,0,,
pytorch,executorch,2024-02-01,closed,CONTRIBUTOR,a0672f764,5,1,0,,
pytorch,executorch,2024-02-01,closed,CONTRIBUTOR,a4e283c3a,48,3,0,,
pytorch,executorch,2024-02-01,closed,CONTRIBUTOR,a1febba14,24,11,1,2,
pytorch,executorch,2024-02-01,closed,CONTRIBUTOR,af38e9f69,360,3,0,,
pytorch,executorch,2024-02-01,closed,CONTRIBUTOR,af6075a1c,211,5,0,,
pytorch,executorch,2024-02-01,closed,CONTRIBUTOR,ad5417e63,32,1,0,,
pytorch,executorch,2024-02-01,closed,CONTRIBUTOR,ab9aa8009,45,2,0,,
pytorch,executorch,2024-02-01,closed,CONTRIBUTOR,acb41adbb,274,2,0,,
pytorch,executorch,2024-02-01,closed,CONTRIBUTOR,acb41adbb,3,1,0,,
pytorch,executorch,2024-02-01,closed,CONTRIBUTOR,acb41adbb,2,1,0,,
pytorch,executorch,2024-02-01,closed,CONTRIBUTOR,a0672f764,378,7,0,,
pytorch,executorch,2024-02-01,closed,CONTRIBUTOR,a0672f764,397,9,0,,
pytorch,executorch,2024-02-01,closed,CONTRIBUTOR,a18c03ea5,107,8,0,,
pytorch,executorch,2024-02-01,closed,CONTRIBUTOR,a0672f764,44,1,0,,
pytorch,executorch,2024-02-01,closed,CONTRIBUTOR,a4e283c3a,26,5,0,,
pytorch,executorch,2024-02-01,closed,NONE,a3ba57d98,105,2,0,,
pytorch,executorch,2024-02-01,closed,CONTRIBUTOR,aa9ac2ea5,6,3,1,0,
pytorch,executorch,2024-02-01,closed,CONTRIBUTOR,a18c03ea5,93,30,0,,
pytorch,executorch,2024-02-01,closed,MEMBER,a9c1e4615,17419,175,0,,
pytorch,executorch,2024-02-01,closed,CONTRIBUTOR,a0672f764,159,4,1,65,
pytorch,executorch,2024-02-01,closed,CONTRIBUTOR,aab967e72,2,1,1,475,
pytorch,executorch,2024-02-01,closed,CONTRIBUTOR,aa11b33e5,208,3,0,,
pytorch,executorch,2024-02-01,closed,CONTRIBUTOR,af6075a1c,155,6,0,,
pytorch,executorch,2024-02-01,closed,CONTRIBUTOR,ae55b7e51,9,1,1,0,
pytorch,executorch,2024-02-01,closed,CONTRIBUTOR,aba90eb5b,129,3,1,41,
pytorch,executorch,2024-02-01,closed,CONTRIBUTOR,ae4c92177,1642,28,2,12,
pytorch,executorch,2024-02-01,closed,CONTRIBUTOR,a1d8e3118,210,3,0,,
pytorch,executorch,2024-02-01,closed,CONTRIBUTOR,aa11b33e5,100,4,0,,
pytorch,executorch,2024-02-01,closed,CONTRIBUTOR,a5465ede6,206,4,0,,
pytorch,executorch,2024-02-01,closed,CONTRIBUTOR,a18c03ea5,28,3,1,438,
pytorch,executorch,2024-02-01,closed,CONTRIBUTOR,af7c559e3,879,36,1,1,
pytorch,executorch,2024-02-01,closed,CONTRIBUTOR,af6075a1c,158,5,1,41,
pytorch,executorch,2024-02-01,closed,CONTRIBUTOR,acb41adbb,1216,7,1,8,
pytorch,executorch,2024-02-01,closed,CONTRIBUTOR,a1d8e3118,8,1,1,0,
pytorch,executorch,2024-02-01,closed,CONTRIBUTOR,aa11b33e5,26,2,0,,
pytorch,executorch,2024-02-01,closed,CONTRIBUTOR,ad5417e63,74,9,1,541,
pytorch,executorch,2024-02-01,closed,NONE,a71264da3,6,1,1,1,
pytorch,executorch,2024-02-01,closed,NONE,a3ba57d98,5,1,0,,
pytorch,executorch,2024-02-01,closed,CONTRIBUTOR,af38e9f69,20,2,0,,
pytorch,executorch,2024-02-01,closed,CONTRIBUTOR,a0672f764,53,2,1,44,
pytorch,executorch,2024-03-01,closed,CONTRIBUTOR,a95a7bc64,2,1,1,21,
pytorch,executorch,2024-03-01,closed,CONTRIBUTOR,af7c559e3,14,1,1,5,
pytorch,executorch,2024-03-01,closed,CONTRIBUTOR,aa11b33e5,58,4,0,,
pytorch,executorch,2024-03-01,closed,COLLABORATOR,abb677e08,1,1,0,,
pytorch,executorch,2024-03-01,closed,CONTRIBUTOR,ae1df586d,6,2,0,,
pytorch,executorch,2024-03-01,closed,CONTRIBUTOR,aab967e72,74,2,7,14,
pytorch,executorch,2024-03-01,closed,CONTRIBUTOR,aa11b33e5,20,1,0,,
pytorch,executorch,2024-03-01,closed,CONTRIBUTOR,a4e283c3a,4,2,1,0,
pytorch,executorch,2024-03-01,closed,CONTRIBUTOR,a7a0d12b5,112,2,0,,
pytorch,executorch,2024-03-01,closed,CONTRIBUTOR,af38e9f69,903,55,2,70,
pytorch,executorch,2024-03-01,closed,CONTRIBUTOR,a0542b291,129,2,0,,
pytorch,executorch,2024-03-01,closed,CONTRIBUTOR,a5465ede6,214,5,1,91,
pytorch,executorch,2024-03-01,closed,CONTRIBUTOR,a0672f764,19,2,1,0,
pytorch,executorch,2024-03-01,closed,CONTRIBUTOR,af6075a1c,59,3,1,4,
pytorch,executorch,2024-03-01,closed,CONTRIBUTOR,aa11b33e5,30,3,1,2,
pytorch,executorch,2024-03-01,closed,CONTRIBUTOR,a7be41a7a,150,4,0,,
pytorch,executorch,2024-03-01,closed,CONTRIBUTOR,a5465ede6,82,2,1,0,
pytorch,executorch,2024-03-01,closed,CONTRIBUTOR,aa3081bfa,40,2,1,14,
pytorch,executorch,2024-03-01,closed,CONTRIBUTOR,a1febba14,2,1,0,,
pytorch,executorch,2024-03-01,closed,CONTRIBUTOR,a0f24dbd4,5,1,1,0,
pytorch,executorch,2024-03-01,closed,COLLABORATOR,a6b17a47b,93,5,1,1,
pytorch,executorch,2024-03-01,closed,CONTRIBUTOR,a0672f764,6,3,1,0,
pytorch,executorch,2024-03-01,closed,NONE,a622cf3cf,9,2,1,22,
pytorch,executorch,2024-03-01,closed,CONTRIBUTOR,acb41adbb,2,1,1,24,
pytorch,executorch,2024-03-01,closed,CONTRIBUTOR,aa11b33e5,24,3,0,,
pytorch,executorch,2024-03-01,closed,CONTRIBUTOR,aa11b33e5,92,1,0,,
pytorch,executorch,2024-03-01,closed,CONTRIBUTOR,af38e9f69,1,1,0,,
pytorch,executorch,2024-03-01,closed,CONTRIBUTOR,a5465ede6,4,1,1,0,
pytorch,executorch,2024-03-01,closed,CONTRIBUTOR,a5465ede6,85,3,1,0,
pytorch,executorch,2024-03-01,closed,CONTRIBUTOR,af7c559e3,373,9,0,,
pytorch,executorch,2024-03-01,closed,CONTRIBUTOR,aa11b33e5,9,4,0,,
pytorch,executorch,2024-03-01,closed,CONTRIBUTOR,ae1df586d,2,1,1,166,
pytorch,executorch,2024-03-01,closed,CONTRIBUTOR,aab967e72,30,3,0,,
pytorch,executorch,2024-03-01,closed,CONTRIBUTOR,af7c559e3,237,1,0,,
pytorch,executorch,2024-03-01,closed,CONTRIBUTOR,a5465ede6,307,7,1,0,
pytorch,executorch,2024-03-01,closed,NONE,a3ba57d98,10,1,0,,
pytorch,executorch,2024-03-01,closed,CONTRIBUTOR,a5465ede6,94,2,1,0,
pytorch,executorch,2024-03-01,closed,CONTRIBUTOR,a1d8e3118,45,3,3,0,
pytorch,executorch,2024-03-01,closed,CONTRIBUTOR,acb41adbb,212,2,1,33,
pytorch,executorch,2024-03-01,closed,CONTRIBUTOR,af6075a1c,122,7,1,23,
pytorch,executorch,2024-03-01,closed,NONE,a3ba57d98,151,3,1,0,
pytorch,executorch,2024-03-01,closed,CONTRIBUTOR,af7c559e3,6,1,1,0,
pytorch,executorch,2024-03-01,closed,NONE,a3ba57d98,51,2,1,9,
pytorch,executorch,2024-03-01,closed,CONTRIBUTOR,aa11b33e5,51,4,0,,
pytorch,executorch,2024-03-01,closed,CONTRIBUTOR,aacdfa15d,1,1,1,0,
pytorch,executorch,2024-03-01,closed,NONE,a3ba57d98,24,1,1,1,
pytorch,executorch,2024-03-01,closed,CONTRIBUTOR,a7be41a7a,15,1,1,9,
pytorch,executorch,2024-03-01,closed,CONTRIBUTOR,aa3081bfa,504,3,0,,
pytorch,executorch,2024-03-01,closed,CONTRIBUTOR,a500ec4e8,60,7,1,1,
pytorch,executorch,2024-03-01,closed,CONTRIBUTOR,aa11b33e5,138,1,0,,
pytorch,executorch,2024-03-01,closed,CONTRIBUTOR,aa3081bfa,62,1,0,,
pytorch,executorch,2024-03-01,closed,CONTRIBUTOR,ab9aa8009,193,10,3,39,
pytorch,executorch,2024-03-01,closed,CONTRIBUTOR,aab967e72,24,1,2,1,
pytorch,executorch,2024-03-01,closed,COLLABORATOR,a47f5b60b,19,1,1,3,
pytorch,executorch,2024-03-01,closed,CONTRIBUTOR,af695ca18,28,1,1,0,
pytorch,executorch,2024-03-01,closed,CONTRIBUTOR,aab967e72,380,9,1,28,
pytorch,executorch,2024-03-01,closed,CONTRIBUTOR,aa11b33e5,35,6,1,0,
pytorch,executorch,2024-03-01,closed,COLLABORATOR,a367dee8b,174,4,2,0,
pytorch,executorch,2024-03-01,closed,CONTRIBUTOR,aacdfa15d,298,8,0,,
pytorch,executorch,2024-03-01,closed,CONTRIBUTOR,aa11b33e5,10,1,0,,
pytorch,executorch,2024-03-01,closed,CONTRIBUTOR,aacdfa15d,344,8,0,,
pytorch,executorch,2024-03-01,closed,CONTRIBUTOR,ad5417e63,96,3,1,1146,
pytorch,executorch,2024-03-01,closed,CONTRIBUTOR,a41334601,11,1,1,0,
pytorch,executorch,2024-03-01,closed,CONTRIBUTOR,a1d8e3118,7,1,1,1,
pytorch,executorch,2024-03-01,closed,CONTRIBUTOR,a1d8e3118,498,16,1,0,
pytorch,executorch,2024-03-01,closed,CONTRIBUTOR,aab967e72,1,1,1,0,
pytorch,executorch,2024-03-01,closed,CONTRIBUTOR,a7a0d12b5,29,3,1,19,
pytorch,executorch,2024-03-01,closed,CONTRIBUTOR,af7c559e3,8,1,1,0,
pytorch,executorch,2024-03-01,closed,CONTRIBUTOR,af7c559e3,0,1,1,19,
pytorch,executorch,2024-03-01,closed,CONTRIBUTOR,ae55b7e51,12,1,2,1,
pytorch,executorch,2024-03-01,closed,MEMBER,a9c1e4615,19,1,0,,
pytorch,executorch,2024-03-01,closed,CONTRIBUTOR,a767861ed,225,8,3,1,
pytorch,executorch,2024-04-01,closed,CONTRIBUTOR,aa11b33e5,150,1,0,,
pytorch,executorch,2024-04-01,closed,CONTRIBUTOR,a1d8e3118,9065,49,1,0,
pytorch,executorch,2024-04-01,closed,CONTRIBUTOR,a7be41a7a,4,1,1,20,
pytorch,executorch,2024-04-01,closed,CONTRIBUTOR,af38e9f69,25,6,4,0,
pytorch,executorch,2024-04-01,closed,CONTRIBUTOR,a234c1573,44,3,1,5,
pytorch,executorch,2024-04-01,closed,CONTRIBUTOR,a5465ede6,726,14,1,51,
pytorch,executorch,2024-04-01,closed,NONE,a622cf3cf,341,2,2,49,
pytorch,executorch,2024-04-01,closed,CONTRIBUTOR,ae4c92177,86,6,1,39,
pytorch,executorch,2024-04-01,closed,CONTRIBUTOR,aacdfa15d,4,2,1,2,
pytorch,executorch,2024-04-01,closed,CONTRIBUTOR,a4e283c3a,66,2,0,,
pytorch,executorch,2024-04-01,closed,CONTRIBUTOR,a1d8e3118,5,1,1,0,
pytorch,executorch,2024-04-01,closed,CONTRIBUTOR,aacdfa15d,6,1,1,3,
pytorch,executorch,2024-04-01,closed,CONTRIBUTOR,ab689c736,34,1,1,2,
pytorch,executorch,2024-04-01,closed,CONTRIBUTOR,a5465ede6,358,6,1,93,
pytorch,executorch,2024-04-01,closed,CONTRIBUTOR,a5465ede6,210,4,1,93,
pytorch,executorch,2024-04-01,closed,CONTRIBUTOR,acb41adbb,2,1,1,0,
pytorch,executorch,2024-04-01,closed,CONTRIBUTOR,ab2998221,622,1,1,0,
pytorch,executorch,2024-04-01,closed,CONTRIBUTOR,af7c559e3,14,3,0,,
pytorch,executorch,2024-04-01,closed,CONTRIBUTOR,acb41adbb,15,1,1,0,
pytorch,executorch,2024-04-01,closed,CONTRIBUTOR,a0672f764,329,10,4,43,
pytorch,executorch,2024-04-01,closed,CONTRIBUTOR,af695ca18,91,2,1,3,
pytorch,executorch,2024-04-01,closed,CONTRIBUTOR,aab967e72,17,1,3,40,
pytorch,executorch,2024-04-01,closed,CONTRIBUTOR,af7c559e3,131,4,1,4,
pytorch,executorch,2024-04-01,closed,CONTRIBUTOR,a1d8e3118,176,12,2,1,
pytorch,executorch,2024-04-01,closed,CONTRIBUTOR,a891c5fd9,52,1,0,,
pytorch,executorch,2024-04-01,merged,COLLABORATOR,abb677e08,3,1,1,5,5
pytorch,executorch,2024-04-01,closed,CONTRIBUTOR,af695ca18,3,1,1,125,
pytorch,executorch,2024-04-01,closed,CONTRIBUTOR,af695ca18,51,5,0,,
pytorch,executorch,2024-04-01,closed,CONTRIBUTOR,a0672f764,14,5,1,0,
pytorch,executorch,2024-04-01,closed,COLLABORATOR,abb677e08,35,3,1,0,
pytorch,executorch,2024-04-01,closed,CONTRIBUTOR,a5465ede6,4,1,1,0,
pytorch,executorch,2024-04-01,closed,CONTRIBUTOR,a41334601,82,3,1,87,
pytorch,executorch,2024-04-01,closed,COLLABORATOR,ad655184d,2,1,1,0,
pytorch,executorch,2024-04-01,closed,CONTRIBUTOR,aab967e72,144,3,5,58,
pytorch,executorch,2024-04-01,closed,CONTRIBUTOR,af695ca18,50,3,1,28,
pytorch,executorch,2024-04-01,closed,CONTRIBUTOR,af38e9f69,1,1,1,3,
pytorch,executorch,2024-04-01,closed,CONTRIBUTOR,a6002df3d,7,1,1,14,
pytorch,executorch,2024-04-01,closed,COLLABORATOR,adb04dad0,13,2,3,27,
pytorch,executorch,2024-04-01,closed,CONTRIBUTOR,a7be41a7a,35,2,1,1,
pytorch,executorch,2024-04-01,closed,CONTRIBUTOR,af6075a1c,134,1,1,4,
pytorch,executorch,2024-04-01,closed,CONTRIBUTOR,af6075a1c,8,2,1,7,
pytorch,executorch,2024-04-01,closed,CONTRIBUTOR,aacdfa15d,6,1,0,,
pytorch,executorch,2024-04-01,closed,CONTRIBUTOR,a0f24dbd4,2,1,2,0,
pytorch,executorch,2024-04-01,closed,CONTRIBUTOR,ab63602fc,2,1,1,5,
pytorch,executorch,2024-04-01,closed,CONTRIBUTOR,a1d8e3118,22,1,1,3,
pytorch,executorch,2024-04-01,closed,CONTRIBUTOR,ad5417e63,141,2,1,0,
pytorch,executorch,2024-04-01,closed,CONTRIBUTOR,af6075a1c,1,1,3,0,
pytorch,executorch,2024-04-01,closed,CONTRIBUTOR,a0f24dbd4,2,1,1,0,
pytorch,executorch,2024-04-01,closed,CONTRIBUTOR,a0672f764,4,1,1,1,
pytorch,executorch,2024-04-01,closed,CONTRIBUTOR,a767861ed,189,3,1,0,
pytorch,executorch,2024-04-01,closed,CONTRIBUTOR,af7c559e3,28,3,1,2,
pytorch,executorch,2024-04-01,closed,CONTRIBUTOR,af7c559e3,2,1,1,0,
pytorch,executorch,2024-04-01,closed,CONTRIBUTOR,af695ca18,27,1,1,1,
pytorch,executorch,2024-04-01,closed,NONE,a6306d76e,8,1,0,,
pytorch,executorch,2024-04-01,closed,CONTRIBUTOR,aab967e72,2,1,1,0,
pytorch,executorch,2024-04-01,merged,COLLABORATOR,abb677e08,1319,9,1,5,5
pytorch,executorch,2024-04-01,closed,CONTRIBUTOR,af695ca18,66,2,1,7,
pytorch,executorch,2024-04-01,closed,CONTRIBUTOR,a0f24dbd4,7,1,1,12,
pytorch,executorch,2024-04-01,merged,CONTRIBUTOR,af7c559e3,1,1,1,10,10
pytorch,executorch,2024-04-01,merged,CONTRIBUTOR,af7c559e3,3,1,2,10,10
pytorch,executorch,2024-04-01,merged,COLLABORATOR,abb677e08,4,1,1,10,10
pytorch,executorch,2024-04-01,merged,COLLABORATOR,abb677e08,107,4,1,9,9
pytorch,executorch,2024-04-01,closed,CONTRIBUTOR,ad5417e63,24,1,1,7,
pytorch,executorch,2024-04-01,merged,CONTRIBUTOR,a0f24dbd4,5,1,1,0,0
pytorch,executorch,2024-04-01,closed,CONTRIBUTOR,ab9aa8009,4,1,2,0,
pytorch,executorch,2024-04-01,closed,CONTRIBUTOR,aab967e72,1,1,1,163,
pytorch,executorch,2024-04-01,closed,CONTRIBUTOR,a95a7bc64,30,2,0,,
pytorch,executorch,2024-04-01,closed,CONTRIBUTOR,a5465ede6,301,5,1,12,
pytorch,executorch,2024-04-01,closed,CONTRIBUTOR,aacdfa15d,31274,615,0,,
pytorch,executorch,2024-04-01,closed,CONTRIBUTOR,af7c559e3,24,3,1,332,
pytorch,executorch,2024-04-01,closed,CONTRIBUTOR,a6002df3d,4,1,1,0,
pytorch,executorch,2024-04-01,closed,COLLABORATOR,a6b17a47b,42,1,1,50,
pytorch,executorch,2024-04-01,closed,CONTRIBUTOR,aad34ce26,65,11,1,195,
pytorch,executorch,2024-04-01,merged,CONTRIBUTOR,a6002df3d,57,57,1,0,0
pytorch,executorch,2024-05-01,closed,CONTRIBUTOR,ab9aa8009,27,2,2,72,
pytorch,executorch,2024-05-01,closed,CONTRIBUTOR,ae55b7e51,63,5,1,0,
pytorch,executorch,2024-05-01,closed,CONTRIBUTOR,ae55b7e51,78,2,1,0,
pytorch,executorch,2024-05-01,closed,CONTRIBUTOR,a63e53439,841,19,1,142,
pytorch,executorch,2024-05-01,closed,CONTRIBUTOR,adad53148,269,10,1,93,
pytorch,executorch,2024-05-01,closed,CONTRIBUTOR,af38e9f69,133,17,1,96,
pytorch,executorch,2024-05-01,merged,COLLABORATOR,abb677e08,4,1,1,3,3
pytorch,executorch,2024-05-01,merged,CONTRIBUTOR,ae55b7e51,40,1,1,18,424
pytorch,executorch,2024-05-01,closed,CONTRIBUTOR,aa11b33e5,4,1,1,0,
pytorch,executorch,2024-05-01,closed,COLLABORATOR,a880cf85f,11,1,2,1,
pytorch,executorch,2024-05-01,closed,CONTRIBUTOR,af38e9f69,2814,28,0,,
pytorch,executorch,2024-05-01,closed,CONTRIBUTOR,a18c03ea5,6,1,1,43,
pytorch,executorch,2024-05-01,closed,CONTRIBUTOR,aab967e72,1,1,0,,
pytorch,executorch,2024-05-01,closed,CONTRIBUTOR,a95a7bc64,1,1,0,,
pytorch,executorch,2024-05-01,closed,CONTRIBUTOR,aa11b33e5,16,3,1,73,
pytorch,executorch,2024-05-01,closed,COLLABORATOR,aee29be93,56,1,1,172,
pytorch,executorch,2024-05-01,closed,CONTRIBUTOR,aa11b33e5,242,14,0,,
pytorch,executorch,2024-05-01,closed,CONTRIBUTOR,aab967e72,53,2,1,37,
pytorch,executorch,2024-05-01,closed,CONTRIBUTOR,a5465ede6,7,1,2,0,
pytorch,executorch,2024-05-01,closed,CONTRIBUTOR,a38d1b916,1,1,1,28,
pytorch,executorch,2024-05-01,closed,CONTRIBUTOR,aa11b33e5,2,1,1,0,
pytorch,executorch,2024-05-01,closed,CONTRIBUTOR,a63e53439,3,1,1,0,
pytorch,executorch,2024-05-01,closed,CONTRIBUTOR,af7c559e3,12,4,0,,
pytorch,executorch,2024-05-01,closed,CONTRIBUTOR,af7c559e3,24,6,1,12,
pytorch,executorch,2024-05-01,closed,CONTRIBUTOR,a1b6098c9,25,5,1,49,
pytorch,executorch,2024-05-01,merged,COLLABORATOR,abb677e08,1,1,1,23,23
pytorch,executorch,2024-05-01,closed,CONTRIBUTOR,a41334601,7,1,4,0,
pytorch,executorch,2024-05-01,closed,CONTRIBUTOR,aacdfa15d,18,1,1,0,
pytorch,executorch,2024-05-01,closed,CONTRIBUTOR,a1d8e3118,177,7,3,127,
pytorch,executorch,2024-05-01,closed,CONTRIBUTOR,af38e9f69,43,2,2,119,
pytorch,executorch,2024-05-01,closed,CONTRIBUTOR,af7c559e3,7,1,1,0,
pytorch,executorch,2024-05-01,closed,COLLABORATOR,a90adbde7,194,2,1,61,
pytorch,executorch,2024-05-01,closed,CONTRIBUTOR,aab967e72,2,1,1,20,
pytorch,executorch,2024-05-01,closed,CONTRIBUTOR,a5465ede6,271,7,1,20,
pytorch,executorch,2024-05-01,closed,CONTRIBUTOR,af38e9f69,84,14,2,53,
pytorch,executorch,2024-05-01,closed,CONTRIBUTOR,af12d40b0,73,5,1,1,
pytorch,executorch,2024-05-01,closed,CONTRIBUTOR,a0672f764,3,1,1,4,
pytorch,executorch,2024-06-01,closed,CONTRIBUTOR,a0f24dbd4,2,2,1,0,
pytorch,executorch,2024-06-01,closed,COLLABORATOR,abb677e08,39,2,0,,
pytorch,executorch,2024-06-01,merged,CONTRIBUTOR,ae55b7e51,42,1,1,0,4
pytorch,executorch,2024-06-01,closed,CONTRIBUTOR,a0f24dbd4,28,2,2,0,
pytorch,executorch,2024-06-01,closed,CONTRIBUTOR,af7c559e3,124,3,0,,
pytorch,executorch,2024-06-01,closed,CONTRIBUTOR,af12d40b0,4,1,0,,
pytorch,executorch,2024-06-01,closed,CONTRIBUTOR,af7c559e3,267,11,3,16,
pytorch,executorch,2024-06-01,closed,CONTRIBUTOR,a767861ed,65,2,1,4,
pytorch,executorch,2024-06-01,closed,CONTRIBUTOR,a428c3404,2,1,1,13,
pytorch,executorch,2024-06-01,closed,COLLABORATOR,a6b17a47b,17,4,1,101,
pytorch,executorch,2024-06-01,closed,COLLABORATOR,adb04dad0,7,1,14,14,
pytorch,executorch,2024-06-01,closed,CONTRIBUTOR,af7c559e3,2,1,1,0,
pytorch,executorch,2024-06-01,closed,CONTRIBUTOR,af7c559e3,3,1,1,65,
pytorch,executorch,2024-06-01,closed,CONTRIBUTOR,a0f24dbd4,8066,9,2,179,
pytorch,executorch,2024-06-01,closed,CONTRIBUTOR,ad5417e63,16,2,1,0,
pytorch,executorch,2024-06-01,closed,NONE,a68759886,5,1,0,,
pytorch,executorch,2024-06-01,closed,CONTRIBUTOR,ab9aa8009,2254,7,1,31,
pytorch,executorch,2024-06-01,closed,CONTRIBUTOR,a642039ad,13,1,1,0,
pytorch,executorch,2024-06-01,closed,CONTRIBUTOR,af7c559e3,10,1,1,1,
pytorch,executorch,2024-06-01,closed,CONTRIBUTOR,ab9aa8009,4,1,0,,
pytorch,executorch,2024-06-01,closed,CONTRIBUTOR,a500ec4e8,84,2,1,23,
pytorch,executorch,2024-06-01,closed,CONTRIBUTOR,ae66f3706,22,1,3,19,
pytorch,executorch,2024-06-01,closed,CONTRIBUTOR,ae55b7e51,8,1,1,1,
pytorch,executorch,2024-06-01,merged,COLLABORATOR,abb677e08,40,6,1,67,70
pytorch,executorch,2024-06-01,closed,CONTRIBUTOR,aab967e72,7,2,1,49,
pytorch,executorch,2024-06-01,closed,CONTRIBUTOR,a767861ed,124,4,1,47,
pytorch,executorch,2024-06-01,closed,CONTRIBUTOR,a1b6098c9,22,3,1,2,
pytorch,executorch,2024-06-01,closed,CONTRIBUTOR,a767861ed,42,2,2,9,
pytorch,executorch,2024-06-01,closed,CONTRIBUTOR,a5465ede6,34,3,1,0,
pytorch,executorch,2024-06-01,closed,CONTRIBUTOR,a500ec4e8,42,5,2,408,
pytorch,executorch,2024-06-01,closed,CONTRIBUTOR,acb41adbb,136,2,1,21,
pytorch,executorch,2024-06-01,closed,COLLABORATOR,aee29be93,257,8,5,141,
pytorch,executorch,2024-06-01,closed,CONTRIBUTOR,ae1df586d,128,1,0,,
pytorch,executorch,2024-07-01,closed,COLLABORATOR,aee29be93,270,8,1,13,
pytorch,executorch,2024-07-01,closed,CONTRIBUTOR,a5465ede6,44,4,1,1,
pytorch,executorch,2024-07-01,closed,CONTRIBUTOR,a5465ede6,533,40,1,1,
pytorch,executorch,2024-07-01,closed,CONTRIBUTOR,aacdfa15d,98,4,1,1,
pytorch,executorch,2024-07-01,closed,CONTRIBUTOR,ae4c92177,4331,68,7,11,
pytorch,executorch,2024-07-01,closed,CONTRIBUTOR,aacdfa15d,8,2,1,1,
pytorch,executorch,2024-07-01,closed,CONTRIBUTOR,aab967e72,61,1,0,,
pytorch,executorch,2024-07-01,closed,CONTRIBUTOR,aab967e72,25,2,1,65,
pytorch,executorch,2024-07-01,closed,CONTRIBUTOR,a41334601,5,1,1,61,
pytorch,executorch,2024-07-01,closed,CONTRIBUTOR,aa11b33e5,101,9,0,,
pytorch,executorch,2024-07-01,closed,COLLABORATOR,a90adbde7,15,1,2,1,
pytorch,executorch,2024-07-01,closed,CONTRIBUTOR,aa11b33e5,2,1,0,,
pytorch,executorch,2024-07-01,closed,CONTRIBUTOR,a95a7bc64,12,2,1,48,
pytorch,executorch,2024-07-01,closed,NONE,a3cb15a8a,40,5,1,0,
pytorch,executorch,2024-07-01,closed,CONTRIBUTOR,ae1df586d,4,1,3,1,
pytorch,executorch,2024-07-01,closed,CONTRIBUTOR,ad5417e63,63,2,1,4,
pytorch,executorch,2024-07-01,closed,CONTRIBUTOR,a767861ed,1,1,1,0,
pytorch,executorch,2024-07-01,closed,CONTRIBUTOR,a8768fb62,38,4,1,91,
pytorch,executorch,2024-07-01,merged,COLLABORATOR,abb677e08,58,1,1,8,8
pytorch,executorch,2024-07-01,closed,CONTRIBUTOR,a95a7bc64,20,2,1,68,
pytorch,executorch,2024-07-01,closed,CONTRIBUTOR,a0672f764,191,3,1,114,
pytorch,executorch,2024-07-01,closed,CONTRIBUTOR,a500ec4e8,45,5,4,1,
pytorch,executorch,2024-07-01,closed,CONTRIBUTOR,a0672f764,470,7,1,137,
pytorch,executorch,2024-07-01,closed,CONTRIBUTOR,af7c559e3,2,1,1,1,
pytorch,executorch,2024-07-01,closed,CONTRIBUTOR,a8768fb62,128460,28,0,,
pytorch,executorch,2024-07-01,closed,CONTRIBUTOR,ab9aa8009,211,1,1,18,
pytorch,executorch,2024-07-01,closed,CONTRIBUTOR,a41334601,60,1,3,9,
pytorch,executorch,2024-07-01,closed,CONTRIBUTOR,a1d8e3118,12,1,1,19,
pytorch,executorch,2024-07-01,closed,CONTRIBUTOR,a8768fb62,65,3,0,,
pytorch,executorch,2024-07-01,closed,CONTRIBUTOR,a0672f764,232,2,1,10,
pytorch,executorch,2024-07-01,closed,CONTRIBUTOR,a78ce13a0,8,3,1,8,
pytorch,executorch,2024-07-01,closed,CONTRIBUTOR,ae1df586d,34,1,4,0,
pytorch,executorch,2024-07-01,closed,CONTRIBUTOR,af7c559e3,177,5,0,,
pytorch,executorch,2024-07-01,closed,COLLABORATOR,ad655184d,2,1,2,0,
pytorch,executorch,2024-07-01,merged,COLLABORATOR,abb677e08,9,1,1,1,1
pytorch,executorch,2024-07-01,closed,CONTRIBUTOR,acb41adbb,169,2,2,0,
pytorch,executorch,2024-07-01,merged,CONTRIBUTOR,ad5417e63,110,23,1,194,1179
pytorch,executorch,2024-07-01,closed,CONTRIBUTOR,a500ec4e8,15,1,1,2,
pytorch,executorch,2024-07-01,closed,CONTRIBUTOR,aad923cef,356,4,1,92,
pytorch,executorch,2024-07-01,closed,CONTRIBUTOR,af38e9f69,221,2,1,251,
pytorch,executorch,2024-07-01,closed,CONTRIBUTOR,af38e9f69,1899,41,0,,
pytorch,executorch,2024-07-01,closed,CONTRIBUTOR,a0672f764,40,2,1,6,
pytorch,executorch,2024-07-01,closed,CONTRIBUTOR,a0b454138,2,1,1,0,
pytorch,executorch,2024-07-01,closed,CONTRIBUTOR,af7c559e3,2,2,0,,
pytorch,executorch,2024-07-01,closed,CONTRIBUTOR,af7c559e3,2,2,0,,
pytorch,executorch,2024-07-01,closed,CONTRIBUTOR,a0672f764,358,7,0,,
pytorch,executorch,2024-07-01,closed,CONTRIBUTOR,a6930a452,8,2,1,0,
pytorch,executorch,2024-07-01,closed,CONTRIBUTOR,a069eaeb7,2,1,1,160,
pytorch,executorch,2024-07-01,closed,CONTRIBUTOR,a140386df,23,2,1,4,
pytorch,executorch,2024-07-01,closed,CONTRIBUTOR,a4e283c3a,172,3,1,2,
pytorch,executorch,2024-07-01,closed,CONTRIBUTOR,a1d8e3118,393,16,1,44,
pytorch,executorch,2024-07-01,closed,CONTRIBUTOR,af38e9f69,527,5,1,23,
pytorch,executorch,2024-07-01,closed,CONTRIBUTOR,a8768fb62,57,3,0,,
pytorch,executorch,2024-08-01,closed,CONTRIBUTOR,aa81dfe6e,221,11,4,2,
pytorch,executorch,2024-08-01,closed,CONTRIBUTOR,a500ec4e8,65,1,1,0,
pytorch,executorch,2024-08-01,closed,NONE,aa4e84f55,5,1,1,1,
pytorch,executorch,2024-08-01,closed,CONTRIBUTOR,a4e283c3a,175,4,0,,
pytorch,executorch,2024-08-01,closed,CONTRIBUTOR,a7be41a7a,11,2,2,0,
pytorch,executorch,2024-08-01,closed,CONTRIBUTOR,a8768fb62,41,2,0,,
pytorch,executorch,2024-08-01,closed,CONTRIBUTOR,a0672f764,4,1,1,0,
pytorch,executorch,2024-08-01,merged,CONTRIBUTOR,af38e9f69,154,9,1,4,123
pytorch,executorch,2024-08-01,closed,CONTRIBUTOR,ac0348f2f,57,2,0,,
pytorch,executorch,2024-08-01,merged,CONTRIBUTOR,a0672f764,302,6,1,22,70
pytorch,executorch,2024-08-01,merged,CONTRIBUTOR,aa11b33e5,101,2,1,46,76
pytorch,executorch,2024-08-01,merged,CONTRIBUTOR,aa11b33e5,158,5,0,,110
pytorch,executorch,2024-08-01,merged,CONTRIBUTOR,af38e9f69,139,15,1,23,29
pytorch,executorch,2024-08-01,closed,CONTRIBUTOR,ae55b7e51,42,3,1,17,
pytorch,executorch,2024-08-01,merged,CONTRIBUTOR,af46aca0f,11,1,1,1,5
pytorch,executorch,2024-08-01,merged,CONTRIBUTOR,ae55b7e51,183,11,1,0,163
pytorch,executorch,2024-08-01,closed,CONTRIBUTOR,ae55b7e51,433386,293,1,16,
pytorch,executorch,2024-08-01,merged,CONTRIBUTOR,ae55b7e51,8,3,1,1,1
pytorch,executorch,2024-08-01,merged,CONTRIBUTOR,a0542b291,8,1,1,2,2
pytorch,executorch,2024-08-01,merged,CONTRIBUTOR,a8768fb62,29,2,1,71,72
pytorch,executorch,2024-08-01,merged,CONTRIBUTOR,a0672f764,6,1,1,0,1
pytorch,executorch,2024-08-01,merged,CONTRIBUTOR,a0672f764,22,1,1,1,3
pytorch,executorch,2024-08-01,merged,CONTRIBUTOR,a1d8e3118,199,10,1,1,1
pytorch,executorch,2024-08-01,merged,CONTRIBUTOR,ab9aa8009,5,1,1,21,25
pytorch,executorch,2024-08-01,merged,CONTRIBUTOR,a41334601,134,3,21,2,21
pytorch,executorch,2024-08-01,closed,CONTRIBUTOR,a994a791e,174,10,15,11,
pytorch,executorch,2024-08-01,closed,CONTRIBUTOR,aab967e72,12,3,1,1,
pytorch,executorch,2024-08-01,merged,CONTRIBUTOR,aa11b33e5,50,2,0,,15
pytorch,executorch,2024-08-01,merged,CONTRIBUTOR,ab9aa8009,178,10,6,0,244
pytorch,executorch,2024-08-01,merged,CONTRIBUTOR,a069eaeb7,84,2,1,112,116
pytorch,executorch,2024-08-01,merged,CONTRIBUTOR,aab967e72,1499,33,1,0,2
pytorch,executorch,2024-08-01,closed,CONTRIBUTOR,af7c559e3,126,4,2,96,
pytorch,executorch,2024-08-01,merged,CONTRIBUTOR,a3bdb81f5,8,2,2,3,73
pytorch,executorch,2024-08-01,merged,CONTRIBUTOR,af7c559e3,43,4,1,0,0
pytorch,executorch,2024-08-01,merged,CONTRIBUTOR,a63e53439,28,1,1,139,193
pytorch,executorch,2024-08-01,merged,CONTRIBUTOR,ab9aa8009,12,3,1,2,6
pytorch,executorch,2024-08-01,merged,CONTRIBUTOR,ae1df586d,2,1,1,3,3
pytorch,executorch,2024-08-01,merged,COLLABORATOR,aee29be93,9,1,3,28,100
pytorch,executorch,2024-08-01,merged,CONTRIBUTOR,aad923cef,55,2,1,10,147
pytorch,executorch,2024-08-01,merged,CONTRIBUTOR,a500ec4e8,52,3,1,1,2
pytorch,executorch,2024-08-01,merged,CONTRIBUTOR,ae77b186c,4,1,5,0,3
pytorch,executorch,2024-08-01,merged,CONTRIBUTOR,a994a791e,106,1,1,16,16
pytorch,executorch,2024-08-01,merged,CONTRIBUTOR,a994a791e,4,1,1,15,15
pytorch,executorch,2024-08-01,merged,CONTRIBUTOR,a994a791e,10,1,1,15,15
pytorch,executorch,2024-08-01,merged,CONTRIBUTOR,a4e283c3a,187,7,1,0,70
pytorch,executorch,2024-08-01,merged,CONTRIBUTOR,ae55b7e51,120,5,2,0,97
pytorch,executorch,2024-08-01,closed,CONTRIBUTOR,ab9aa8009,63,6,0,,
pytorch,executorch,2024-08-01,merged,CONTRIBUTOR,aa11b33e5,58,2,0,,3
pytorch,executorch,2024-08-01,merged,CONTRIBUTOR,af6075a1c,267,5,1,23,26
pytorch,executorch,2024-08-01,merged,CONTRIBUTOR,a0672f764,5,1,1,0,7
pytorch,executorch,2024-08-01,merged,CONTRIBUTOR,ab9aa8009,0,4,1,22,25
pytorch,executorch,2024-08-01,merged,CONTRIBUTOR,aab967e72,30,3,9,43,229
pytorch,executorch,2024-08-01,merged,CONTRIBUTOR,aa11b33e5,64,2,0,,1
pytorch,executorch,2024-08-01,merged,CONTRIBUTOR,af7c559e3,38,2,1,0,0
pytorch,executorch,2024-08-01,merged,CONTRIBUTOR,ab9aa8009,10,4,1,0,2
pytorch,executorch,2024-08-01,merged,CONTRIBUTOR,a45cebaf2,5,1,1,16,21
pytorch,executorch,2024-08-01,merged,COLLABORATOR,a47f5b60b,110,5,1,10,10
pytorch,executorch,2024-08-01,merged,CONTRIBUTOR,af7c559e3,14,1,4,121,121
pytorch,executorch,2024-08-01,merged,CONTRIBUTOR,af7c559e3,2,1,1,97,97
pytorch,executorch,2024-08-01,merged,CONTRIBUTOR,a5465ede6,212,13,1,116,119
pytorch,executorch,2024-08-01,merged,CONTRIBUTOR,a140386df,274,21,1,114,116
pytorch,executorch,2024-09-01,merged,CONTRIBUTOR,af6075a1c,4,2,1,49,51
pytorch,executorch,2024-09-01,merged,CONTRIBUTOR,a1d8e3118,22,1,1,1,2
pytorch,executorch,2024-09-01,merged,CONTRIBUTOR,a1d8e3118,227,9,1,1,2
pytorch,executorch,2024-09-01,merged,CONTRIBUTOR,aa11b33e5,392,5,0,,0
pytorch,executorch,2024-09-01,closed,CONTRIBUTOR,af7c559e3,375,4,0,,
pytorch,executorch,2024-09-01,merged,CONTRIBUTOR,af7c559e3,252,4,1,0,1
pytorch,executorch,2024-09-01,merged,CONTRIBUTOR,ab9aa8009,109,4,1,0,2
pytorch,executorch,2024-09-01,merged,CONTRIBUTOR,a5465ede6,3,1,2,1,1
pytorch,executorch,2024-09-01,closed,CONTRIBUTOR,a63e53439,420,7,1,113,
pytorch,executorch,2024-09-01,merged,CONTRIBUTOR,a41334601,6,1,1,13,20
pytorch,executorch,2024-09-01,merged,CONTRIBUTOR,ae55b7e51,132,2,1,1,1
pytorch,executorch,2024-09-01,merged,CONTRIBUTOR,a38d44838,15,2,2,1,2
pytorch,executorch,2024-09-01,merged,CONTRIBUTOR,ae55b7e51,45,4,1,20,92
pytorch,executorch,2024-09-01,merged,COLLABORATOR,a47f5b60b,195,3,15,17,20
pytorch,executorch,2024-09-01,merged,CONTRIBUTOR,a5465ede6,2,1,1,1,2
pytorch,executorch,2024-09-01,merged,CONTRIBUTOR,a5465ede6,2,1,1,0,1
pytorch,executorch,2024-09-01,closed,CONTRIBUTOR,a1d8e3118,480,9,0,,
pytorch,executorch,2024-09-01,closed,CONTRIBUTOR,a4e283c3a,2,1,0,,
pytorch,executorch,2024-09-01,closed,CONTRIBUTOR,aad34ce26,138,2,1,48,
pytorch,executorch,2024-09-01,closed,CONTRIBUTOR,aa11b33e5,49,2,0,,
pytorch,executorch,2024-09-01,closed,CONTRIBUTOR,a4e283c3a,1,1,1,3,
pytorch,executorch,2024-09-01,closed,CONTRIBUTOR,ae55b7e51,625,206,1,5,
pytorch,executorch,2024-09-01,closed,CONTRIBUTOR,af7c559e3,16,1,1,7,
pytorch,executorch,2024-09-01,closed,NONE,a47df8ac8,43,9,0,,
pytorch,executorch,2024-09-01,closed,CONTRIBUTOR,af7c559e3,35,9,1,0,
pytorch,executorch,2024-09-01,closed,COLLABORATOR,a3640c268,302,14,7,77,
pytorch,executorch,2024-09-01,closed,CONTRIBUTOR,af7c559e3,9,1,3,0,
pytorch,executorch,2024-09-01,closed,CONTRIBUTOR,a945faa98,1,1,0,,
pytorch,executorch,2024-09-01,merged,CONTRIBUTOR,a1d8e3118,113,5,0,,935
pytorch,executorch,2024-09-01,closed,CONTRIBUTOR,a63e53439,2,1,1,0,
pytorch,executorch,2024-09-01,closed,CONTRIBUTOR,af7c559e3,4,1,1,1,
pytorch,executorch,2024-09-01,closed,COLLABORATOR,a47f5b60b,138,3,8,0,
pytorch,executorch,2024-09-01,closed,CONTRIBUTOR,a92f64428,20,1,1,0,
pytorch,executorch,2024-09-01,closed,CONTRIBUTOR,ab9aa8009,94,5,1,2,
pytorch,executorch,2024-09-01,closed,CONTRIBUTOR,ae55b7e51,141,6,2,0,
pytorch,executorch,2024-09-01,closed,CONTRIBUTOR,aa11b33e5,7,2,0,,
pytorch,executorch,2024-09-01,closed,CONTRIBUTOR,a5fe8eb21,517,12,2,2,
pytorch,executorch,2024-09-01,closed,CONTRIBUTOR,af695ca18,699,12,1,14,
pytorch,executorch,2024-09-01,closed,CONTRIBUTOR,ae8a42c0d,25,4,3,4,
pytorch,executorch,2024-09-01,closed,CONTRIBUTOR,a500ec4e8,6,1,1,19,
pytorch,executorch,2024-09-01,merged,COLLABORATOR,abb677e08,72,2,1,13,13
pytorch,executorch,2024-09-01,closed,CONTRIBUTOR,af7c559e3,430,2,0,,
pytorch,executorch,2024-09-01,closed,NONE,a56bd3539,23,3,0,,
pytorch,executorch,2024-09-01,closed,CONTRIBUTOR,aa11b33e5,2,1,2,0,
pytorch,executorch,2024-09-01,closed,CONTRIBUTOR,ab689c736,2,1,1,0,
pytorch,executorch,2024-09-01,closed,CONTRIBUTOR,a63e53439,7,1,3,0,
pytorch,executorch,2024-09-01,merged,CONTRIBUTOR,ab9aa8009,6,2,1,0,0
pytorch,executorch,2024-09-01,closed,CONTRIBUTOR,a05331277,38,1,0,,
pytorch,executorch,2024-09-01,closed,CONTRIBUTOR,ab9aa8009,4,1,1,0,
pytorch,executorch,2024-09-01,closed,COLLABORATOR,a90adbde7,207,5,1,214,
pytorch,executorch,2024-09-01,closed,CONTRIBUTOR,acde10e71,162,3,0,,
pytorch,executorch,2024-09-01,merged,CONTRIBUTOR,aa11b33e5,6,1,1,1,1
pytorch,executorch,2024-09-01,closed,CONTRIBUTOR,aa11b33e5,6,1,1,1,
pytorch,executorch,2024-09-01,merged,COLLABORATOR,abb677e08,230,2,1,4,4
pytorch,executorch,2024-09-01,merged,COLLABORATOR,abb677e08,36,1,1,28,28
pytorch,executorch,2024-09-01,closed,CONTRIBUTOR,a38d44838,9,3,1,0,
pytorch,executorch,2024-09-01,closed,CONTRIBUTOR,af7c559e3,20,2,1,0,
pytorch,executorch,2024-09-01,closed,CONTRIBUTOR,a63e53439,4,2,1,2,
pytorch,executorch,2024-09-01,closed,CONTRIBUTOR,a63e53439,4,1,1,69,
pytorch,executorch,2024-09-01,closed,CONTRIBUTOR,acb41adbb,1179,15,0,,
pytorch,executorch,2024-09-01,closed,CONTRIBUTOR,acb41adbb,461,7,1,238,
pytorch,executorch,2024-09-01,closed,CONTRIBUTOR,acb41adbb,17,1,0,,
pytorch,executorch,2024-09-01,merged,COLLABORATOR,abb677e08,69,3,1,15,15
pytorch,executorch,2024-09-01,closed,CONTRIBUTOR,aa11b33e5,8,1,0,,
pytorch,executorch,2024-09-01,closed,COLLABORATOR,a90adbde7,1118,30,1,325,
pytorch,executorch,2024-09-01,closed,CONTRIBUTOR,a63e53439,12,1,0,,
pytorch,executorch,2024-09-01,closed,CONTRIBUTOR,af695ca18,1690,19,1,46,
pytorch,executorch,2024-09-01,closed,CONTRIBUTOR,a1d8e3118,692,14,1,7,
pytorch,executorch,2024-09-01,closed,CONTRIBUTOR,aa11b33e5,1750,12,0,,
pytorch,executorch,2024-09-01,closed,CONTRIBUTOR,a5465ede6,44,14,0,,
pytorch,executorch,2024-09-01,closed,CONTRIBUTOR,a63e53439,172,3,0,,
pytorch,executorch,2024-09-01,closed,CONTRIBUTOR,aab967e72,18,1,2,2,
pytorch,executorch,2024-09-01,merged,COLLABORATOR,abb677e08,2,1,1,4,4
pytorch,executorch,2024-09-01,closed,CONTRIBUTOR,af7c559e3,58,3,0,,
pytorch,executorch,2024-09-01,closed,CONTRIBUTOR,aa11b33e5,12,2,1,2,
pytorch,executorch,2024-09-01,closed,CONTRIBUTOR,a069eaeb7,2,1,1,26,
pytorch,executorch,2024-09-01,closed,CONTRIBUTOR,a0672f764,6,1,2,0,
pytorch,executorch,2024-09-01,closed,CONTRIBUTOR,acb41adbb,238,6,0,,
pytorch,executorch,2024-09-01,closed,CONTRIBUTOR,acb41adbb,19,1,0,,
pytorch,executorch,2024-09-01,closed,CONTRIBUTOR,acb41adbb,241,6,0,,
pytorch,executorch,2024-09-01,closed,CONTRIBUTOR,acb41adbb,19,1,1,0,
pytorch,executorch,2024-09-01,closed,CONTRIBUTOR,a069eaeb7,2,1,1,0,
pytorch,executorch,2024-09-01,closed,COLLABORATOR,aee29be93,160,4,3,148,
pytorch,executorch,2024-09-01,merged,COLLABORATOR,abb677e08,11,1,1,3,3
pytorch,executorch,2024-09-01,merged,COLLABORATOR,abb677e08,10,1,1,3,3
pytorch,executorch,2024-09-01,closed,CONTRIBUTOR,a7be41a7a,139,4,1,1,
pytorch,executorch,2024-09-01,merged,COLLABORATOR,abb677e08,45,1,1,5,5
pytorch,executorch,2024-09-01,merged,COLLABORATOR,abb677e08,3,1,1,5,5
pytorch,executorch,2024-09-01,merged,COLLABORATOR,abb677e08,168,21,1,5,5
pytorch,executorch,2024-10-01,closed,CONTRIBUTOR,a8768fb62,65,2,0,,
pytorch,executorch,2024-10-01,merged,CONTRIBUTOR,a1d8e3118,102,5,1,1,4
pytorch,executorch,2024-10-01,closed,CONTRIBUTOR,a38d1b916,423,5,0,,
pytorch,executorch,2024-10-01,merged,CONTRIBUTOR,a41334601,61,8,9,24,54
pytorch,executorch,2024-10-01,merged,CONTRIBUTOR,af7c559e3,6,1,1,0,1
pytorch,executorch,2024-10-01,closed,NONE,aa0387520,2,1,0,,
pytorch,executorch,2024-10-01,merged,CONTRIBUTOR,ad8c7e62b,2,1,1,4,5
pytorch,executorch,2024-10-01,merged,CONTRIBUTOR,acb41adbb,29,3,2,50,62
pytorch,executorch,2024-10-01,merged,CONTRIBUTOR,a767861ed,52,5,1,0,120
pytorch,executorch,2024-10-01,closed,CONTRIBUTOR,a069eaeb7,353,7,0,,
pytorch,executorch,2024-10-01,closed,NONE,a37e25f4b,110,37,0,,
pytorch,executorch,2024-10-01,merged,CONTRIBUTOR,a1d8e3118,1056,19,1,23,55
pytorch,executorch,2024-10-01,merged,CONTRIBUTOR,ae55b7e51,13,1,2,503,503
pytorch,executorch,2024-10-01,merged,COLLABORATOR,abb677e08,6,4,1,3,3
pytorch,executorch,2024-10-01,merged,CONTRIBUTOR,aabbb4dda,1,1,1,21,50
pytorch,executorch,2024-10-01,merged,COLLABORATOR,a880cf85f,33,2,1,120,313
pytorch,executorch,2024-10-01,merged,COLLABORATOR,abb677e08,9,1,1,0,0
pytorch,executorch,2024-10-01,merged,CONTRIBUTOR,af7c559e3,3,1,1,1,1
pytorch,executorch,2024-10-01,closed,CONTRIBUTOR,af7c559e3,2,1,0,,
pytorch,executorch,2024-10-01,merged,CONTRIBUTOR,af7c559e3,439,5,0,,0
pytorch,executorch,2024-10-01,closed,CONTRIBUTOR,af7c559e3,2,1,0,,
pytorch,executorch,2024-10-01,merged,CONTRIBUTOR,a8768fb62,14,3,1,0,25
pytorch,executorch,2024-10-01,merged,CONTRIBUTOR,ab9aa8009,15,1,1,48,94
pytorch,executorch,2024-10-01,merged,CONTRIBUTOR,af7c559e3,22,2,0,,0
pytorch,executorch,2024-10-01,closed,CONTRIBUTOR,a1d8e3118,2,1,0,,
pytorch,executorch,2024-10-01,closed,CONTRIBUTOR,a1d8e3118,2,1,0,,
pytorch,executorch,2024-10-01,closed,CONTRIBUTOR,af7c559e3,4,2,0,,
pytorch,executorch,2024-10-01,closed,CONTRIBUTOR,af7c559e3,2,2,0,,
pytorch,executorch,2024-10-01,closed,CONTRIBUTOR,aacdfa15d,11,2,1,19,
pytorch,executorch,2024-10-01,closed,CONTRIBUTOR,acde10e71,2,1,1,3,
pytorch,executorch,2024-10-01,merged,CONTRIBUTOR,a1b64b8af,14,1,1,0,92
pytorch,executorch,2024-10-01,closed,CONTRIBUTOR,a6c376742,6,2,1,9,
pytorch,executorch,2024-10-01,closed,COLLABORATOR,abb677e08,4,1,0,,
pytorch,executorch,2024-10-01,closed,CONTRIBUTOR,aab967e72,10,2,2,0,
pytorch,executorch,2024-10-01,merged,CONTRIBUTOR,a0672f764,2,1,1,0,0
pytorch,executorch,2024-10-01,closed,CONTRIBUTOR,a767861ed,13,1,1,0,
pytorch,executorch,2024-10-01,merged,COLLABORATOR,a90adbde7,567,9,1,62,134
pytorch,executorch,2024-10-01,closed,CONTRIBUTOR,af7c559e3,8,1,1,0,
pytorch,executorch,2024-10-01,closed,CONTRIBUTOR,acb41adbb,12,1,0,,
pytorch,executorch,2024-10-01,closed,CONTRIBUTOR,acb41adbb,115,5,0,,
pytorch,executorch,2024-10-01,closed,CONTRIBUTOR,aacdfa15d,3,1,1,0,
pytorch,executorch,2024-10-01,merged,CONTRIBUTOR,a5fe8eb21,221,8,2,122,314
pytorch,executorch,2024-10-01,closed,CONTRIBUTOR,af695ca18,19,1,1,1,
pytorch,executorch,2024-10-01,closed,CONTRIBUTOR,ab9aa8009,61,3,1,0,
pytorch,executorch,2024-10-01,closed,CONTRIBUTOR,a41334601,76,2,2,14,
pytorch,executorch,2024-10-01,closed,CONTRIBUTOR,aab967e72,21,5,1,14,
pytorch,executorch,2024-10-01,merged,COLLABORATOR,abb677e08,25,3,1,16,26
pytorch,executorch,2024-10-01,closed,CONTRIBUTOR,a8768fb62,58,1,0,,
pytorch,executorch,2024-10-01,closed,CONTRIBUTOR,aacdfa15d,25,3,2,4,
pytorch,executorch,2024-10-01,closed,COLLABORATOR,a3640c268,71,5,1,7,
pytorch,executorch,2024-10-01,closed,CONTRIBUTOR,aa11b33e5,113,3,1,1,
pytorch,executorch,2024-10-01,closed,CONTRIBUTOR,ae1df586d,50,2,10,0,
pytorch,executorch,2024-10-01,closed,CONTRIBUTOR,a8768fb62,98,3,0,,
pytorch,executorch,2024-10-01,closed,CONTRIBUTOR,a8768fb62,94,3,0,,
pytorch,executorch,2024-10-01,closed,CONTRIBUTOR,af7c559e3,29,2,1,0,
pytorch,executorch,2024-10-01,closed,CONTRIBUTOR,a4e283c3a,7,1,4,0,
pytorch,executorch,2024-10-01,closed,CONTRIBUTOR,aa11b33e5,61,1,0,,
pytorch,executorch,2024-10-01,closed,CONTRIBUTOR,a767861ed,8,2,1,0,
pytorch,executorch,2024-10-01,merged,COLLABORATOR,abb677e08,0,2,1,4,4
pytorch,executorch,2024-10-01,merged,COLLABORATOR,abb677e08,13,1,1,2,2
pytorch,executorch,2024-10-01,merged,COLLABORATOR,abb677e08,2,3,1,22,22
pytorch,executorch,2024-10-01,closed,CONTRIBUTOR,ad5417e63,48,1,2,0,
pytorch,executorch,2024-10-01,merged,COLLABORATOR,abb677e08,6,1,1,1,1
pytorch,executorch,2024-10-01,merged,COLLABORATOR,abb677e08,633,9,2,1,46
pytorch,executorch,2024-10-01,closed,CONTRIBUTOR,aa11b33e5,640,9,1,0,
pytorch,executorch,2024-10-01,closed,CONTRIBUTOR,aacdfa15d,4,1,1,1,
pytorch,executorch,2024-10-01,closed,CONTRIBUTOR,ae8a42c0d,159,6,1,17,
pytorch,executorch,2024-10-01,closed,CONTRIBUTOR,a5465ede6,102,9,1,20,
pytorch,executorch,2024-10-01,closed,CONTRIBUTOR,af6075a1c,560,8,1,0,
pytorch,executorch,2024-10-01,closed,CONTRIBUTOR,af6075a1c,372,4,1,0,
pytorch,executorch,2024-10-01,merged,COLLABORATOR,abb677e08,27,2,1,20,20
pytorch,executorch,2024-10-01,closed,COLLABORATOR,abb677e08,263,50,1,14,
pytorch,executorch,2024-10-01,merged,COLLABORATOR,abb677e08,127,1,1,15,15
pytorch,executorch,2024-10-01,closed,CONTRIBUTOR,ae55b7e51,105,6,5,7,
pytorch,executorch,2024-10-01,closed,CONTRIBUTOR,af46aca0f,42,9,1,20,
pytorch,executorch,2024-10-01,closed,COLLABORATOR,a47f5b60b,202,18,4,26,
pytorch,executorch,2024-10-01,merged,COLLABORATOR,a90adbde7,266,3,1,17,857
pytorch,executorch,2024-10-01,closed,CONTRIBUTOR,a767861ed,36,18,2,35,
pytorch,executorch,2024-10-01,closed,CONTRIBUTOR,a41334601,4,1,1,1,
pytorch,executorch,2024-10-01,merged,CONTRIBUTOR,a069eaeb7,259,6,7,955,978
pytorch,executorch,2024-10-01,closed,CONTRIBUTOR,aa11b33e5,12,2,0,,
pytorch,executorch,2024-10-01,closed,CONTRIBUTOR,a767861ed,77,3,2,0,
pytorch,executorch,2024-10-01,closed,CONTRIBUTOR,aa11b33e5,152,3,0,,
pytorch,executorch,2024-10-01,closed,CONTRIBUTOR,ae55b7e51,245,14,1,16,
pytorch,executorch,2024-10-01,merged,COLLABORATOR,abb677e08,311,5,1,1,1
pytorch,executorch,2024-10-01,closed,CONTRIBUTOR,a1d8e3118,1242,3,0,,
pytorch,executorch,2024-10-01,closed,CONTRIBUTOR,aa3081bfa,6,2,2,0,
pytorch,executorch,2024-10-01,closed,CONTRIBUTOR,af695ca18,657,19,1,1,
pytorch,executorch,2024-10-01,closed,CONTRIBUTOR,af7c559e3,1,1,0,,
pytorch,executorch,2024-10-01,closed,CONTRIBUTOR,af7c559e3,2,1,0,,
pytorch,executorch,2024-10-01,closed,CONTRIBUTOR,af38e9f69,1,1,1,1,
pytorch,executorch,2024-10-01,closed,COLLABORATOR,adb04dad0,14,3,1,43,
pytorch,executorch,2024-10-01,closed,CONTRIBUTOR,a63e53439,151,3,1,58,
pytorch,executorch,2024-11-01,merged,CONTRIBUTOR,aab967e72,44,2,1,9,26
pytorch,executorch,2024-11-01,merged,CONTRIBUTOR,a63e53439,155,17,1,1824,1847
pytorch,executorch,2024-11-01,merged,CONTRIBUTOR,aa11b33e5,20,2,0,,0
pytorch,executorch,2024-11-01,merged,CONTRIBUTOR,af7c559e3,4,2,1,0,1
pytorch,executorch,2024-11-01,merged,CONTRIBUTOR,adad53148,23,2,2,0,7
pytorch,executorch,2024-11-01,merged,COLLABORATOR,aee29be93,201,10,13,54,252
pytorch,executorch,2024-11-01,merged,CONTRIBUTOR,a767861ed,30,3,3,33,45
pytorch,executorch,2024-11-01,merged,CONTRIBUTOR,a767861ed,31,2,1,31,36
pytorch,executorch,2024-11-01,merged,CONTRIBUTOR,a4e283c3a,467,24,1,0,1
pytorch,executorch,2024-11-01,merged,CONTRIBUTOR,a0672f764,391,6,2,20,21
pytorch,executorch,2024-11-01,merged,COLLABORATOR,abb677e08,420,11,1,0,0
pytorch,executorch,2024-11-01,merged,CONTRIBUTOR,a891c5fd9,1,1,1,0,2
pytorch,executorch,2024-11-01,closed,CONTRIBUTOR,acb41adbb,16,1,1,150,
pytorch,executorch,2024-11-01,merged,CONTRIBUTOR,a069eaeb7,571,3,1,95,96
pytorch,executorch,2024-11-01,merged,CONTRIBUTOR,a891c5fd9,31,6,1,17,17
pytorch,executorch,2024-11-01,merged,CONTRIBUTOR,af4261d6f,14,1,3,1613,3457
pytorch,executorch,2024-11-01,merged,CONTRIBUTOR,a41334601,11,1,2,0,3
pytorch,executorch,2024-11-01,closed,CONTRIBUTOR,a069eaeb7,915,30,0,,
pytorch,executorch,2024-11-01,merged,CONTRIBUTOR,aad34ce26,125,2,2,0,0
pytorch,executorch,2024-11-01,merged,CONTRIBUTOR,aad34ce26,46,5,1,0,17
pytorch,executorch,2024-11-01,merged,COLLABORATOR,abb677e08,24,1,1,14,14
pytorch,executorch,2024-11-01,merged,COLLABORATOR,a72b791e0,74,6,1,2,2
pytorch,executorch,2024-11-01,merged,CONTRIBUTOR,a38d1b916,1,1,1,0,1
pytorch,executorch,2024-11-01,merged,CONTRIBUTOR,a069eaeb7,8,1,1,0,4
pytorch,executorch,2024-11-01,merged,CONTRIBUTOR,a767861ed,2,1,1,0,1
pytorch,executorch,2024-11-01,merged,CONTRIBUTOR,ab5644895,56,1,1,31,31
pytorch,executorch,2024-11-01,merged,CONTRIBUTOR,acde10e71,2,1,0,,1
pytorch,executorch,2024-11-01,merged,CONTRIBUTOR,ab9aa8009,44,22,2,0,0
pytorch,executorch,2024-11-01,merged,CONTRIBUTOR,aa11b33e5,81,1,2,0,0
pytorch,executorch,2024-11-01,merged,CONTRIBUTOR,adc0950e0,147,5,2,115,123
pytorch,executorch,2024-11-01,merged,CONTRIBUTOR,aa11b33e5,30,1,1,0,0
pytorch,executorch,2024-11-01,closed,NONE,a04490a3c,1915,33,1,27,
pytorch,executorch,2024-11-01,closed,CONTRIBUTOR,a069eaeb7,2,1,0,,
pytorch,executorch,2024-11-01,merged,CONTRIBUTOR,a1d8e3118,7,1,1,0,1
pytorch,executorch,2024-11-01,closed,CONTRIBUTOR,a619ab9b4,2,1,0,,
pytorch,executorch,2024-11-01,merged,COLLABORATOR,a880cf85f,464,10,4,53,676
pytorch,executorch,2024-11-01,closed,COLLABORATOR,aee29be93,15,2,0,,
pytorch,executorch,2024-11-01,merged,CONTRIBUTOR,a248e8449,730,3,1,34,344
pytorch,executorch,2024-11-01,closed,CONTRIBUTOR,ab5644895,3492,14,0,,
pytorch,executorch,2024-11-01,merged,CONTRIBUTOR,aab967e72,2,1,1,13,13
pytorch,executorch,2024-11-01,merged,CONTRIBUTOR,acb41adbb,17,9,1,0,357
pytorch,executorch,2024-11-01,merged,CONTRIBUTOR,a0672f764,132,4,5,14,20
pytorch,executorch,2024-11-01,merged,COLLABORATOR,abb677e08,14,2,1,0,0
pytorch,executorch,2024-11-01,merged,COLLABORATOR,abb677e08,38,5,1,1,1
pytorch,executorch,2024-11-01,merged,CONTRIBUTOR,a248e8449,34,2,1,126,194
pytorch,executorch,2024-11-01,merged,COLLABORATOR,ac4996c47,134,8,1,95,118
pytorch,executorch,2024-11-01,closed,CONTRIBUTOR,ab689c736,4,2,1,3,
pytorch,executorch,2024-11-01,closed,CONTRIBUTOR,af38e9f69,49,6,0,,
pytorch,executorch,2024-11-01,merged,CONTRIBUTOR,a7be41a7a,24,2,2,0,406
pytorch,executorch,2024-11-01,merged,CONTRIBUTOR,a41334601,183,3,14,151,172
pytorch,executorch,2024-11-01,merged,CONTRIBUTOR,af7c559e3,23,2,1,1,3
pytorch,executorch,2024-12-01,merged,COLLABORATOR,abb677e08,15,3,1,0,0
pytorch,executorch,2024-12-01,merged,COLLABORATOR,a1fcc11b7,50,3,1,0,65
pytorch,executorch,2024-12-01,merged,COLLABORATOR,abb677e08,17,9,1,18,18
pytorch,executorch,2024-12-01,merged,CONTRIBUTOR,af38e9f69,20,1,1,2,4
pytorch,executorch,2024-12-01,merged,CONTRIBUTOR,adc0950e0,1026,9,1,0,1
pytorch,executorch,2024-12-01,merged,CONTRIBUTOR,ad502b173,7,2,1,98,260
pytorch,executorch,2024-12-01,merged,CONTRIBUTOR,ab9aa8009,88,6,1,42,118
pytorch,executorch,2024-12-01,closed,MEMBER,a9c1e4615,4,2,0,,
pytorch,executorch,2024-12-01,merged,CONTRIBUTOR,a500ec4e8,24,2,1,147,163
pytorch,executorch,2024-12-01,merged,CONTRIBUTOR,af7c559e3,26,2,1,0,0
pytorch,executorch,2024-12-01,merged,CONTRIBUTOR,adc0950e0,104,4,1,5,48
pytorch,executorch,2024-12-01,merged,CONTRIBUTOR,a7df6205b,6,1,1,9,12
pytorch,executorch,2024-12-01,merged,COLLABORATOR,abb677e08,77,3,0,,2
pytorch,executorch,2024-12-01,merged,CONTRIBUTOR,af7c559e3,20,2,1,0,0
pytorch,executorch,2024-12-01,merged,COLLABORATOR,abb677e08,259,2,1,1,1
pytorch,executorch,2024-12-01,merged,COLLABORATOR,a367dee8b,4,1,1,0,16
pytorch,executorch,2024-12-01,merged,CONTRIBUTOR,a71186f88,120,4,3,6,32
pytorch,executorch,2024-12-01,merged,CONTRIBUTOR,a1d8e3118,6,1,1,0,48
pytorch,executorch,2024-12-01,merged,CONTRIBUTOR,adc0950e0,4,1,1,19,20
pytorch,executorch,2024-12-01,merged,COLLABORATOR,abb677e08,30,4,1,45,45
pytorch,executorch,2024-12-01,merged,COLLABORATOR,abb677e08,74,5,1,59,59
pytorch,executorch,2024-12-01,merged,COLLABORATOR,aeb3ffc19,259,5,1,554,554
pytorch,executorch,2024-12-01,merged,CONTRIBUTOR,a0f24dbd4,1,1,1,0,13
pytorch,executorch,2024-12-01,merged,COLLABORATOR,adb04dad0,337,12,1,2,4
pytorch,executorch,2024-12-01,merged,CONTRIBUTOR,a1d8e3118,93,5,1,0,2
pytorch,executorch,2024-12-01,merged,COLLABORATOR,abb677e08,78,2,1,89,89
pytorch,executorch,2024-12-01,merged,COLLABORATOR,abb677e08,110,3,1,91,91
pytorch,executorch,2024-12-01,merged,CONTRIBUTOR,ac64e036e,47,2,2,2,9
pytorch,executorch,2024-12-01,merged,COLLABORATOR,af78c7892,300,66,1,110,137
pytorch,executorch,2024-12-01,merged,CONTRIBUTOR,a38d1b916,37,2,2,42,122
pytorch,executorch,2024-12-01,merged,CONTRIBUTOR,ac64e036e,70,2,2,0,2
pytorch,executorch,2024-12-01,merged,CONTRIBUTOR,af46aca0f,38,2,1,141,143
pytorch,executorch,2024-12-01,merged,COLLABORATOR,a1fcc11b7,184,4,2,20,25
pytorch,executorch,2024-12-01,merged,COLLABORATOR,adb04dad0,1414,83,5,33,33
pytorch,executorch,2024-12-01,merged,CONTRIBUTOR,aab967e72,1,1,1,1,3
pytorch,executorch,2024-12-01,closed,CONTRIBUTOR,a06bab993,2,1,1,1,
pytorch,executorch,2024-12-01,closed,CONTRIBUTOR,a06bab993,2,1,1,1,
pytorch,executorch,2024-12-01,merged,COLLABORATOR,ac4996c47,11,1,1,505,505
pytorch,executorch,2024-12-01,merged,CONTRIBUTOR,a891c5fd9,78,2,1,0,28
pytorch,executorch,2024-12-01,merged,COLLABORATOR,a72b791e0,26,4,1,488,488
pytorch,executorch,2024-12-01,closed,CONTRIBUTOR,a4e283c3a,52,6,2,0,
pytorch,executorch,2024-12-01,merged,CONTRIBUTOR,a41334601,171,5,1,91,91
pytorch,executorch,2025-01-01,merged,CONTRIBUTOR,a63e53439,94,2,1,16,17
pytorch,executorch,2025-01-01,merged,CONTRIBUTOR,a1b64b8af,12,1,1,24,27
pytorch,executorch,2025-01-01,merged,COLLABORATOR,abb677e08,84,3,1,15,15
pytorch,executorch,2025-01-01,merged,CONTRIBUTOR,aacdfa15d,42,4,1,2,50
pytorch,executorch,2025-01-01,merged,COLLABORATOR,abb677e08,11,2,0,,1
pytorch,executorch,2025-01-01,merged,COLLABORATOR,aeb3ffc19,30,2,1,69,69
pytorch,executorch,2025-01-01,merged,MEMBER,a9c1e4615,56,2,8,0,546
pytorch,executorch,2025-01-01,closed,COLLABORATOR,aee29be93,297,5,0,,
pytorch,executorch,2025-01-01,merged,COLLABORATOR,aee29be93,296,5,2,128,144
pytorch,executorch,2025-01-01,merged,CONTRIBUTOR,a4e283c3a,66,5,1,37,38
pytorch,executorch,2025-01-01,merged,COLLABORATOR,abb677e08,38,2,1,9,14
pytorch,executorch,2025-01-01,merged,CONTRIBUTOR,a41334601,12,2,2,0,5
pytorch,executorch,2025-01-01,merged,CONTRIBUTOR,a1d8e3118,135,11,1,19,20
pytorch,executorch,2025-01-01,merged,CONTRIBUTOR,ab5644895,11,1,1,27,27
pytorch,executorch,2025-01-01,merged,COLLABORATOR,abb677e08,2,1,1,0,0
pytorch,executorch,2025-01-01,merged,COLLABORATOR,a3640c268,2354,24,1,110,110
pytorch,executorch,2025-01-01,merged,CONTRIBUTOR,a1d8e3118,10,3,1,0,0
pytorch,executorch,2025-01-01,closed,CONTRIBUTOR,ab9aa8009,4,1,0,,
pytorch,executorch,2025-01-01,merged,COLLABORATOR,abb677e08,410,8,1,22,22
pytorch,executorch,2025-01-01,merged,COLLABORATOR,abb677e08,8,1,1,2,2
pytorch,executorch,2025-01-01,merged,CONTRIBUTOR,aacdfa15d,32,6,2,3,21
pytorch,executorch,2025-01-01,merged,COLLABORATOR,abb677e08,1,1,1,43,43
pytorch,executorch,2025-01-01,merged,COLLABORATOR,abb677e08,4,2,1,43,43
pytorch,executorch,2025-01-01,merged,CONTRIBUTOR,adc0950e0,105,2,1,17,43
pytorch,executorch,2025-01-01,closed,CONTRIBUTOR,a4e283c3a,23,2,1,1,
pytorch,executorch,2025-01-01,merged,COLLABORATOR,aee29be93,108,8,6,9,288
pytorch,executorch,2025-01-01,closed,COLLABORATOR,a880cf85f,19,1,0,,
pytorch,executorch,2025-01-01,merged,CONTRIBUTOR,a1b64b8af,11,1,1,3,158
pytorch,executorch,2025-01-01,merged,CONTRIBUTOR,a4e283c3a,368,1,1,98,106
pytorch,executorch,2025-01-01,merged,CONTRIBUTOR,a63e53439,56,3,1,113,114
pytorch,executorch,2025-01-01,merged,CONTRIBUTOR,ab9aa8009,312,8,2,117,121
pytorch,executorch,2025-01-01,merged,CONTRIBUTOR,a63e53439,169,4,1,111,111
pytorch,executorch,2025-01-01,merged,COLLABORATOR,a72b791e0,26,1,1,28,28
pytorch,executorch,2025-01-01,merged,CONTRIBUTOR,a63e53439,12,2,1,24,24
pytorch,executorch,2025-01-01,merged,CONTRIBUTOR,aacdfa15d,2,1,1,0,1
pytorch,executorch,2025-01-01,merged,CONTRIBUTOR,a63e53439,24,2,1,18,18
pytorch,executorch,2025-01-01,merged,CONTRIBUTOR,a63e53439,4,2,1,1,1
pytorch,executorch,2025-01-01,merged,CONTRIBUTOR,a1d8e3118,33,1,1,0,19
pytorch,executorch,2025-01-01,merged,CONTRIBUTOR,a63e53439,32,2,1,17,18
pytorch,executorch,2025-01-01,merged,CONTRIBUTOR,ab9aa8009,193,5,3,22,115
pytorch,executorch,2025-01-01,merged,CONTRIBUTOR,a63e53439,2,1,1,0,1
pytorch,executorch,2025-01-01,merged,COLLABORATOR,adb04dad0,4,1,1,5,5
pytorch,executorch,2025-01-01,merged,CONTRIBUTOR,ae8a42c0d,143,7,1,171,340
pytorch,executorch,2025-01-01,merged,CONTRIBUTOR,a63e53439,46,3,1,117,117
pytorch,executorch,2025-01-01,merged,CONTRIBUTOR,af6075a1c,13,2,1,21,23
pytorch,executorch,2025-01-01,merged,CONTRIBUTOR,a4e283c3a,9,1,1,21,24
pytorch,executorch,2025-01-01,merged,CONTRIBUTOR,acb41adbb,171,13,1,144,145
pytorch,executorch,2025-01-01,closed,CONTRIBUTOR,a500ec4e8,4,1,0,,
pytorch,executorch,2025-01-01,merged,CONTRIBUTOR,a63e53439,29,2,2,318,336
pytorch,executorch,2025-01-01,merged,CONTRIBUTOR,a7be41a7a,120,4,2,3,24
pytorch,executorch,2025-01-01,open,CONTRIBUTOR,a76060dbc,98,1,0,,
pytorch,executorch,2025-01-01,merged,CONTRIBUTOR,a248e8449,109,3,1,148,222
pytorch,executorch,2025-01-01,closed,CONTRIBUTOR,adc0950e0,522,10,1,1,
pytorch,executorch,2025-01-01,merged,CONTRIBUTOR,a63e53439,2,1,1,54,67
pytorch,executorch,2025-01-01,merged,COLLABORATOR,abb677e08,4,1,1,21,21
pytorch,executorch,2025-01-01,merged,CONTRIBUTOR,adc0950e0,51,1,1,29,34
pytorch,executorch,2025-01-01,closed,CONTRIBUTOR,a1d8e3118,79,5,0,,
pytorch,executorch,2025-01-01,closed,CONTRIBUTOR,a1d8e3118,130,4,0,,
pytorch,executorch,2025-01-01,merged,COLLABORATOR,a5018500e,51,3,1,0,2
pytorch,executorch,2025-01-01,closed,CONTRIBUTOR,ac64e036e,1496,15,0,,
pytorch,executorch,2025-01-01,merged,CONTRIBUTOR,aab967e72,40,2,9,44,625
pytorch,executorch,2025-01-01,closed,CONTRIBUTOR,ab9aa8009,19,3,0,,
pytorch,executorch,2025-01-01,merged,CONTRIBUTOR,af7c559e3,1,1,4,0,344
pytorch,executorch,2025-02-01,merged,CONTRIBUTOR,ab9aa8009,25,3,1,96,105
pytorch,executorch,2025-02-01,merged,CONTRIBUTOR,a63e53439,109,3,1,22,23
pytorch,executorch,2025-02-01,merged,CONTRIBUTOR,ac64e036e,1,1,1,19,20
pytorch,executorch,2025-02-01,merged,CONTRIBUTOR,a7d3c0a64,17,2,1,61,69
pytorch,executorch,2025-02-01,merged,CONTRIBUTOR,a1d8e3118,270,5,1,1,2
pytorch,executorch,2025-02-01,merged,CONTRIBUTOR,a16414c3f,81,9,3,27,52
pytorch,executorch,2025-02-01,merged,CONTRIBUTOR,a06bab993,12,5,1,22,25
pytorch,executorch,2025-02-01,closed,CONTRIBUTOR,aacdfa15d,6,1,2,0,
pytorch,executorch,2025-02-01,merged,CONTRIBUTOR,ab9aa8009,227,14,1,43,162
pytorch,executorch,2025-02-01,merged,MEMBER,a9c1e4615,2,1,1,4,10
pytorch,executorch,2025-02-01,merged,COLLABORATOR,aee29be93,412,11,3,22,30
pytorch,executorch,2025-02-01,merged,COLLABORATOR,abb677e08,15,3,1,0,0
pytorch,executorch,2025-02-01,merged,CONTRIBUTOR,acb41adbb,382,3,4,13,302
pytorch,executorch,2025-02-01,merged,CONTRIBUTOR,acb41adbb,226,3,3,135,373
pytorch,executorch,2025-02-01,merged,CONTRIBUTOR,acb41adbb,106,2,3,135,428
pytorch,executorch,2025-02-01,merged,CONTRIBUTOR,a7be41a7a,52,2,1,3,4
pytorch,executorch,2025-02-01,merged,CONTRIBUTOR,a95a7bc64,10,2,1,1,3
pytorch,executorch,2025-02-01,merged,CONTRIBUTOR,a7be41a7a,43,1,1,0,7
pytorch,executorch,2025-02-01,merged,CONTRIBUTOR,a1b6098c9,22,2,1,1,5
pytorch,executorch,2025-02-01,merged,COLLABORATOR,a367dee8b,14,1,1,3,4
pytorch,executorch,2025-02-01,merged,COLLABORATOR,a3640c268,292,13,1,97,99
pytorch,executorch,2025-02-01,merged,CONTRIBUTOR,ae55b7e51,475,4,3,64,71
pytorch,executorch,2025-02-01,merged,COLLABORATOR,aee29be93,18,3,1,2,2
pytorch,executorch,2025-02-01,merged,CONTRIBUTOR,a63e53439,132,10,4,7,385
pytorch,executorch,2025-02-01,merged,CONTRIBUTOR,a63e53439,10,1,2,35,37
pytorch,executorch,2025-02-01,merged,CONTRIBUTOR,af7c559e3,26,1,1,2,5
pytorch,executorch,2025-02-01,closed,CONTRIBUTOR,a500ec4e8,12,1,2,0,
pytorch,executorch,2025-02-01,merged,CONTRIBUTOR,a63e53439,2,1,1,0,0
pytorch,executorch,2025-02-01,merged,CONTRIBUTOR,a63e53439,441,25,1,7,124
pytorch,executorch,2025-02-01,merged,CONTRIBUTOR,a16414c3f,376,2,1,2,75
pytorch,executorch,2025-02-01,merged,CONTRIBUTOR,ab9aa8009,7,3,1,0,5
pytorch,executorch,2025-02-01,merged,CONTRIBUTOR,a500ec4e8,3,1,1,73,80
pytorch,executorch,2025-02-01,merged,CONTRIBUTOR,aa11b33e5,42,1,1,2,2
pytorch,executorch,2025-02-01,merged,MEMBER,a9c1e4615,176,2,1,6,0
pytorch,executorch,2025-02-01,merged,CONTRIBUTOR,a63e53439,145,5,8,2,17
pytorch,executorch,2025-02-01,closed,CONTRIBUTOR,ac5d416ce,6,1,0,,
pytorch,executorch,2025-02-01,merged,CONTRIBUTOR,a4e283c3a,14,1,1,136,145
pytorch,executorch,2025-02-01,merged,COLLABORATOR,aa86c4b53,1,1,2,1,22
pytorch,executorch,2025-02-01,merged,CONTRIBUTOR,ab9aa8009,285,4,1,143,151
pytorch,executorch,2025-02-01,merged,CONTRIBUTOR,a0672f764,12,3,1,11,30
pytorch,executorch,2025-02-01,merged,CONTRIBUTOR,ae55b7e51,3,1,2,1,6
pytorch,executorch,2025-02-01,merged,CONTRIBUTOR,a1b64b8af,159,4,1,243,261
pytorch,executorch,2025-02-01,merged,CONTRIBUTOR,a1b6098c9,67,1,1,75,77
pytorch,executorch,2025-02-01,closed,CONTRIBUTOR,ad5417e63,85,3,0,,
pytorch,executorch,2025-02-01,merged,COLLABORATOR,a47f5b60b,36,2,1,735,786
pytorch,executorch,2025-02-01,merged,CONTRIBUTOR,a7be41a7a,216,9,1,5,25
pytorch,executorch,2025-02-01,merged,CONTRIBUTOR,aa11b33e5,2,1,1,17,17
pytorch,executorch,2025-02-01,merged,COLLABORATOR,a1fcc11b7,15,2,1,6,6
pytorch,executorch,2025-02-01,merged,CONTRIBUTOR,aa11b33e5,41,1,1,0,0
pytorch,executorch,2025-02-01,closed,CONTRIBUTOR,a4e283c3a,120,3,1,23,
pytorch,executorch,2025-02-01,merged,CONTRIBUTOR,aa11b33e5,12,1,1,0,0
pytorch,executorch,2025-02-01,merged,CONTRIBUTOR,aa11b33e5,1,1,1,0,0
pytorch,executorch,2025-02-01,merged,CONTRIBUTOR,aa11b33e5,6,1,1,0,0
pytorch,executorch,2025-02-01,closed,CONTRIBUTOR,ad5417e63,148,14,1,0,
pytorch,executorch,2025-02-01,merged,CONTRIBUTOR,aa11b33e5,2,1,1,0,0
pytorch,executorch,2025-02-01,closed,CONTRIBUTOR,a4e283c3a,61,1,0,,
pytorch,executorch,2025-03-01,merged,COLLABORATOR,aee29be93,127,4,1,1,3
pytorch,executorch,2025-03-01,merged,CONTRIBUTOR,aa11b33e5,258,18,1,1,2
pytorch,executorch,2025-03-01,merged,CONTRIBUTOR,a0672f764,18,1,2,0,10
pytorch,executorch,2025-03-01,merged,CONTRIBUTOR,af6075a1c,41,2,1,6,18
pytorch,executorch,2025-03-01,merged,CONTRIBUTOR,aa11b33e5,259,19,3,1,3
pytorch,executorch,2025-03-01,merged,CONTRIBUTOR,a1f033d7b,103,1,5,23,37
pytorch,executorch,2025-03-01,closed,NONE,a959cdda2,1,1,0,,
pytorch,executorch,2025-03-01,merged,CONTRIBUTOR,a63e53439,207,14,1,1,3
pytorch,executorch,2025-03-01,closed,CONTRIBUTOR,a63e53439,641,30,1,3,
pytorch,executorch,2025-03-01,closed,CONTRIBUTOR,a38d1b916,484,8,0,,
pytorch,executorch,2025-03-01,closed,CONTRIBUTOR,a069eaeb7,874,11,1,96,
pytorch,executorch,2025-03-01,merged,COLLABORATOR,a880cf85f,18,5,1,0,6
pytorch,executorch,2025-03-01,merged,CONTRIBUTOR,a500ec4e8,30,3,1,12,15
pytorch,executorch,2025-03-01,merged,CONTRIBUTOR,aa11b33e5,9,1,0,,0
pytorch,executorch,2025-03-01,merged,CONTRIBUTOR,af7c559e3,203,3,1,0,0
pytorch,executorch,2025-03-01,merged,CONTRIBUTOR,af7c559e3,144,1,1,0,0
pytorch,executorch,2025-03-01,merged,CONTRIBUTOR,af7c559e3,59,3,1,0,0
pytorch,executorch,2025-03-01,merged,CONTRIBUTOR,af7c559e3,68,3,2,0,0
pytorch,executorch,2025-03-01,merged,CONTRIBUTOR,af7c559e3,47,3,1,0,0
pytorch,executorch,2025-03-01,merged,CONTRIBUTOR,af7c559e3,57,3,1,0,0
pytorch,executorch,2025-03-01,merged,CONTRIBUTOR,aa11b33e5,79,2,0,,0
pytorch,executorch,2025-03-01,merged,COLLABORATOR,abb677e08,13,1,1,0,0
pytorch,executorch,2025-03-01,merged,CONTRIBUTOR,a06bab993,115,16,1,118,151
pytorch,executorch,2025-03-01,closed,CONTRIBUTOR,a069eaeb7,26,1,0,,
pytorch,executorch,2025-03-01,merged,CONTRIBUTOR,a63e53439,249,4,1,21,22
pytorch,executorch,2025-03-01,merged,CONTRIBUTOR,ae011f716,34,2,1,2,2
pytorch,executorch,2025-03-01,merged,CONTRIBUTOR,aa11b33e5,20,1,0,,0
pytorch,executorch,2025-03-01,merged,CONTRIBUTOR,a0672f764,7,2,2,0,2
pytorch,executorch,2025-03-01,merged,CONTRIBUTOR,acb41adbb,6,1,1,0,21
pytorch,executorch,2025-03-01,merged,CONTRIBUTOR,a63e53439,32,2,4,0,1827
pytorch,executorch,2025-03-01,merged,CONTRIBUTOR,ae011f716,139,7,10,1,5
pytorch,executorch,2025-03-01,merged,COLLABORATOR,abb677e08,25,3,1,5,5
pytorch,executorch,2025-03-01,merged,CONTRIBUTOR,adc0950e0,13,1,1,164,174
pytorch,executorch,2025-03-01,merged,COLLABORATOR,aee29be93,474,13,1,86,86
pytorch,executorch,2025-03-01,merged,CONTRIBUTOR,af7c559e3,310,10,1,0,3
pytorch,executorch,2025-03-01,merged,CONTRIBUTOR,ad5417e63,76,4,1,8,61
pytorch,executorch,2025-03-01,merged,CONTRIBUTOR,ae011f716,125,7,7,133,136
pytorch,executorch,2025-03-01,merged,CONTRIBUTOR,ae011f716,17,1,5,0,112
pytorch,executorch,2025-03-01,closed,CONTRIBUTOR,ab2998221,63,1,0,,
pytorch,executorch,2025-03-01,merged,CONTRIBUTOR,a500ec4e8,87,4,1,20,20
pytorch,executorch,2025-03-01,merged,CONTRIBUTOR,a4e283c3a,4,1,1,0,2
pytorch,executorch,2025-03-01,merged,COLLABORATOR,abb677e08,32,2,1,0,0
pytorch,executorch,2025-03-01,merged,CONTRIBUTOR,a63e53439,208,8,1,235,839
pytorch,executorch,2025-03-01,merged,CONTRIBUTOR,ae011f716,2,2,1,0,5
pytorch,executorch,2025-03-01,merged,COLLABORATOR,abb677e08,42,1,2,0,3
pytorch,executorch,2025-03-01,merged,CONTRIBUTOR,a0672f764,76,4,1,0,1
pytorch,executorch,2025-03-01,merged,CONTRIBUTOR,aa11b33e5,27,1,1,2,3
pytorch,executorch,2025-03-01,merged,CONTRIBUTOR,ab9aa8009,582,8,3,28,38
pytorch,executorch,2025-03-01,merged,CONTRIBUTOR,a4e283c3a,61,1,2,0,20
pytorch,executorch,2025-03-01,merged,CONTRIBUTOR,adc0950e0,59,2,1,65,68
pytorch,executorch,2025-03-01,closed,MEMBER,a9c1e4615,138,4,2,16,
pytorch,executorch,2025-03-01,merged,COLLABORATOR,abb677e08,32,2,1,536,536
pytorch,executorch,2025-03-01,merged,CONTRIBUTOR,adc0950e0,1,1,1,3,50
pytorch,executorch,2025-03-01,merged,CONTRIBUTOR,ab9aa8009,29,4,1,0,30
pytorch,executorch,2025-03-01,merged,CONTRIBUTOR,a63e53439,2,1,1,0,2
pytorch,executorch,2025-03-01,merged,COLLABORATOR,aee29be93,385,8,7,18,359
pytorch,executorch,2025-03-01,merged,CONTRIBUTOR,aa0f1524e,3,1,1,27,31
pytorch,executorch,2025-03-01,merged,CONTRIBUTOR,a069eaeb7,21,4,1,7,7
pytorch,executorch,2025-03-01,merged,CONTRIBUTOR,af7c559e3,30,1,1,1,2
pytorch,executorch,2025-03-01,merged,CONTRIBUTOR,ab9aa8009,44,2,1,0,25
pytorch,executorch,2025-03-01,closed,CONTRIBUTOR,af36a3298,395,6,1,1,
pytorch,executorch,2025-03-01,merged,CONTRIBUTOR,a72d8ea09,6,1,1,0,143
pytorch,executorch,2025-03-01,merged,CONTRIBUTOR,adc0950e0,108,3,1,2,6
pytorch,executorch,2025-03-01,merged,CONTRIBUTOR,a63e53439,6,1,2,0,1
pytorch,executorch,2025-03-01,merged,COLLABORATOR,abb677e08,189,6,1,27,27
pytorch,executorch,2025-03-01,merged,CONTRIBUTOR,a63e53439,325,3,2,94,119
pytorch,executorch,2025-03-01,merged,CONTRIBUTOR,a63e53439,362,5,3,93,119
pytorch,executorch,2025-03-01,merged,COLLABORATOR,abb677e08,3,1,1,0,1
pytorch,executorch,2025-03-01,merged,COLLABORATOR,abb677e08,7,1,1,3,3
pytorch,executorch,2025-03-01,merged,COLLABORATOR,a47f5b60b,130,5,6,39,70
pytorch,executorch,2025-03-01,merged,CONTRIBUTOR,af7c559e3,1,1,2,0,1
pytorch,executorch,2025-03-01,merged,CONTRIBUTOR,ace3b445c,49,2,7,176,216
pytorch,executorch,2025-03-01,merged,CONTRIBUTOR,adc0950e0,465,11,1,7,27
pytorch,executorch,2025-03-01,merged,CONTRIBUTOR,a1b64b8af,12,5,1,2,8
pytorch,executorch,2025-03-01,merged,CONTRIBUTOR,a1b64b8af,17,1,2,1,8
pytorch,executorch,2025-03-01,merged,CONTRIBUTOR,a1b5ed691,115,3,1,0,487
pytorch,executorch,2025-03-01,closed,CONTRIBUTOR,a3b6aa0a0,8,3,0,,
pytorch,executorch,2025-03-01,closed,CONTRIBUTOR,ae011f716,27,1,0,,
pytorch,executorch,2025-03-01,merged,CONTRIBUTOR,a63e53439,17,4,1,0,0
pytorch,executorch,2025-03-01,merged,CONTRIBUTOR,af7c559e3,10,2,2,0,2
pytorch,executorch,2025-03-01,merged,CONTRIBUTOR,aa11b33e5,2,1,1,1,1
pytorch,executorch,2025-03-01,closed,CONTRIBUTOR,a0542b291,77,2,1,5571,
pytorch,executorch,2025-03-01,merged,CONTRIBUTOR,aa11b33e5,6,1,1,0,0
pytorch,executorch,2025-03-01,merged,CONTRIBUTOR,a63e53439,1,1,1,0,0
pytorch,executorch,2025-03-01,merged,CONTRIBUTOR,a63e53439,21,3,3,0,2157
pytorch,executorch,2025-03-01,merged,CONTRIBUTOR,a63e53439,30,6,7,23,90
pytorch,executorch,2025-03-01,merged,CONTRIBUTOR,a8898cdaa,802,25,5,32,657
pytorch,executorch,2025-03-01,merged,CONTRIBUTOR,a92772212,239,6,1,159,246
pytorch,executorch,2025-03-01,merged,CONTRIBUTOR,ae011f716,161,13,2,41,94
pytorch,executorch,2025-03-01,merged,CONTRIBUTOR,ae011f716,78,36,2,0,6
pytorch,executorch,2025-03-01,merged,CONTRIBUTOR,ae011f716,2,2,1,1,1
pytorch,executorch,2025-03-01,merged,CONTRIBUTOR,a4e283c3a,32,2,1,2,49
pytorch,executorch,2025-03-01,merged,CONTRIBUTOR,a928d4c32,66,2,3,1,33
pytorch,executorch,2025-03-01,merged,CONTRIBUTOR,a63e53439,26,1,1,17,17
pytorch,executorch,2025-03-01,merged,CONTRIBUTOR,a63e53439,62,5,1,19,22
pytorch,executorch,2025-03-01,closed,COLLABORATOR,a57eebd31,73,5,1,4080,
pytorch,executorch,2025-03-01,merged,CONTRIBUTOR,aacdfa15d,18,2,1,0,0
pytorch,executorch,2025-03-01,merged,CONTRIBUTOR,aa11b33e5,2,1,1,0,0
pytorch,executorch,2025-04-01,merged,CONTRIBUTOR,a0672f764,18,1,1,0,1
pytorch,executorch,2025-04-01,merged,COLLABORATOR,aeb3ffc19,95,2,1,2,2
pytorch,executorch,2025-04-01,merged,COLLABORATOR,aee29be93,495,7,1,0,1
pytorch,executorch,2025-04-01,merged,CONTRIBUTOR,aacdfa15d,3,1,1,7,7
pytorch,executorch,2025-04-01,merged,COLLABORATOR,abb677e08,4,2,1,70,70
pytorch,executorch,2025-04-01,closed,CONTRIBUTOR,a63e53439,319,21,0,,
pytorch,executorch,2025-04-01,merged,MEMBER,a9c1e4615,116,2,1,8,10
pytorch,executorch,2025-04-01,merged,CONTRIBUTOR,a554b47a3,13,1,1,0,27
pytorch,executorch,2025-04-01,merged,COLLABORATOR,abb677e08,14,1,1,0,0
pytorch,executorch,2025-04-01,merged,COLLABORATOR,aeb3ffc19,11,1,1,5,5
pytorch,executorch,2025-04-01,merged,COLLABORATOR,aaa4644b6,1209,5,21,23,269
pytorch,executorch,2025-04-01,merged,CONTRIBUTOR,a16414c3f,28,2,1,5,6
pytorch,executorch,2025-04-01,merged,COLLABORATOR,ac4996c47,50,2,1,6,239
pytorch,executorch,2025-04-01,merged,COLLABORATOR,abf543145,332,8,1,161,161
pytorch,executorch,2025-04-01,merged,CONTRIBUTOR,a159f5c60,16,2,1,17,30
pytorch,executorch,2025-04-01,merged,CONTRIBUTOR,acb41adbb,251,5,1,31,64
pytorch,executorch,2025-04-01,merged,CONTRIBUTOR,a0542b291,4,1,1,2,4
pytorch,executorch,2025-04-01,merged,CONTRIBUTOR,aab967e72,124,7,2,0,22
pytorch,executorch,2025-04-01,merged,CONTRIBUTOR,aacdfa15d,12,1,1,1,1
pytorch,executorch,2025-04-01,closed,CONTRIBUTOR,a1b64b8af,13,1,1,3,
pytorch,executorch,2025-04-01,merged,COLLABORATOR,abb677e08,6,1,1,2,2
pytorch,executorch,2025-04-01,merged,CONTRIBUTOR,af38e9f69,10,1,2,0,0
pytorch,executorch,2025-04-01,merged,CONTRIBUTOR,ab9aa8009,2,1,1,15,18
pytorch,executorch,2025-04-01,merged,COLLABORATOR,abb677e08,24,1,1,15,15
pytorch,executorch,2025-04-01,closed,CONTRIBUTOR,acb41adbb,24,2,0,,
pytorch,executorch,2025-04-01,closed,CONTRIBUTOR,acb41adbb,2,1,0,,
pytorch,executorch,2025-04-01,closed,CONTRIBUTOR,a0500a920,16,1,0,,
pytorch,executorch,2025-04-01,merged,CONTRIBUTOR,af6075a1c,3,1,1,1,2
pytorch,executorch,2025-04-01,merged,CONTRIBUTOR,aab967e72,1,1,2,0,6
pytorch,executorch,2025-04-01,merged,COLLABORATOR,abb677e08,2,1,1,0,0
pytorch,executorch,2025-04-01,merged,CONTRIBUTOR,acb41adbb,122,1,1,1,3
pytorch,executorch,2025-04-01,closed,CONTRIBUTOR,a1b64b8af,112,2,1,70,
pytorch,executorch,2025-04-01,closed,CONTRIBUTOR,af7c559e3,26,3,0,,
pytorch,executorch,2025-04-01,merged,COLLABORATOR,abb677e08,112,2,1,4,4
pytorch,executorch,2025-04-01,merged,CONTRIBUTOR,a7be41a7a,9,2,1,26,28
pytorch,executorch,2025-04-01,merged,COLLABORATOR,abb677e08,344,3,1,0,0
pytorch,executorch,2025-04-01,merged,CONTRIBUTOR,ae1df586d,6,2,1,0,2
pytorch,executorch,2025-04-01,merged,CONTRIBUTOR,aa11b33e5,2,1,1,0,0
pytorch,executorch,2025-04-01,merged,COLLABORATOR,a550e14b3,4,1,1,0,4
pytorch,executorch,2025-04-01,merged,CONTRIBUTOR,af6075a1c,167,6,1,0,11
pytorch,executorch,2025-04-01,merged,CONTRIBUTOR,ae4c92177,15,1,1,13,13
pytorch,executorch,2025-04-01,merged,COLLABORATOR,a90adbde7,39,3,1,37,37
pytorch,executorch,2025-04-01,merged,COLLABORATOR,abb677e08,255,4,1,1,1
pytorch,executorch,2025-04-01,merged,CONTRIBUTOR,af38e9f69,1,1,1,0,3
pytorch,executorch,2025-04-01,merged,CONTRIBUTOR,a0542b291,6,1,1,0,4
pytorch,executorch,2025-04-01,merged,CONTRIBUTOR,adc0950e0,7,1,1,46,75
pytorch,executorch,2025-04-01,merged,CONTRIBUTOR,a604c6cea,19,2,1,0,17
pytorch,executorch,2025-04-01,merged,CONTRIBUTOR,aa11b33e5,113,3,3,11,11
pytorch,executorch,2025-04-01,merged,CONTRIBUTOR,aa11b33e5,0,1,1,11,11
pytorch,executorch,2025-04-01,merged,CONTRIBUTOR,a4e283c3a,426,7,1,108,131
pytorch,executorch,2025-04-01,closed,CONTRIBUTOR,ad5417e63,15,2,1,1,
pytorch,executorch,2025-04-01,merged,CONTRIBUTOR,a4e283c3a,16,1,1,2,94
pytorch,executorch,2025-04-01,closed,CONTRIBUTOR,a0542b291,3,1,2,1,
pytorch,executorch,2025-04-01,merged,CONTRIBUTOR,acb41adbb,68,2,3,0,96
pytorch,executorch,2025-04-01,merged,CONTRIBUTOR,ab9aa8009,24,2,1,1,73
pytorch,executorch,2025-04-01,merged,CONTRIBUTOR,a500ec4e8,110,2,1,20,25
pytorch,executorch,2025-04-01,merged,COLLABORATOR,abb677e08,6,1,1,0,0
pytorch,executorch,2025-04-01,merged,COLLABORATOR,abb677e08,310,3,1,0,0
pytorch,executorch,2025-04-01,merged,CONTRIBUTOR,aa11b33e5,6,2,1,0,0
pytorch,executorch,2025-04-01,merged,CONTRIBUTOR,aacff657d,50,2,1,25,27
pytorch,executorch,2025-04-01,merged,CONTRIBUTOR,aab967e72,13,4,1,1,4
pytorch,executorch,2025-04-01,merged,COLLABORATOR,abb677e08,341,7,1,20,20
pytorch,executorch,2025-04-01,merged,COLLABORATOR,a880cf85f,83,1,1,3,4
pytorch,executorch,2025-04-01,merged,COLLABORATOR,a880cf85f,18,2,1,15,19
pytorch,executorch,2025-04-01,merged,CONTRIBUTOR,a38d1b916,159,8,1,121,126
pytorch,executorch,2025-04-01,closed,CONTRIBUTOR,af7c559e3,1120,10,0,,
pytorch,executorch,2025-04-01,merged,CONTRIBUTOR,a63e53439,120,8,3,1,2
pytorch,executorch,2025-04-01,merged,CONTRIBUTOR,a069eaeb7,1755,32,1,0,0
pytorch,executorch,2025-04-01,closed,CONTRIBUTOR,a4e283c3a,7,2,0,,
pytorch,executorch,2025-04-01,merged,COLLABORATOR,aeb3ffc19,275,7,1,2,2
pytorch,executorch,2025-04-01,merged,CONTRIBUTOR,a4e283c3a,1755,32,3,1,14
pytorch,executorch,2025-04-01,merged,CONTRIBUTOR,a38d1b916,1,1,1,0,0
pytorch,executorch,2025-04-01,merged,CONTRIBUTOR,a63e53439,167,13,3,2,334
pytorch,executorch,2025-04-01,closed,CONTRIBUTOR,a500ec4e8,305,4,1,59,
pytorch,executorch,2025-04-01,merged,COLLABORATOR,abb677e08,44,3,1,12,12
pytorch,executorch,2025-04-01,closed,NONE,a58117302,634,8,0,,
pytorch,executorch,2025-04-01,merged,COLLABORATOR,a880cf85f,185,5,1,18,19
pytorch,executorch,2025-04-01,merged,CONTRIBUTOR,aa11b33e5,16,2,1,1,1
pytorch,executorch,2025-04-01,merged,CONTRIBUTOR,ab9aa8009,11,1,2,0,101
pytorch,executorch,2025-04-01,merged,CONTRIBUTOR,a7fee0b61,4,1,1,0,24
pytorch,executorch,2025-04-01,closed,CONTRIBUTOR,a92f64428,647,6,5,140,
pytorch,executorch,2025-04-01,merged,CONTRIBUTOR,aa11b33e5,4,1,1,0,0
pytorch,executorch,2025-04-01,merged,CONTRIBUTOR,a38d1b916,92,8,1,22,22
pytorch,executorch,2025-04-01,closed,CONTRIBUTOR,a069eaeb7,2,1,1,0,
pytorch,executorch,2025-04-01,merged,CONTRIBUTOR,a069eaeb7,66,1,1,0,2
pytorch,executorch,2025-04-01,merged,CONTRIBUTOR,a63e53439,6,1,1,0,5
pytorch,executorch,2025-04-01,merged,CONTRIBUTOR,aa11b33e5,4,1,1,0,1
pytorch,executorch,2025-05-01,merged,CONTRIBUTOR,af1169efc,82,2,2,1341,1348
pytorch,executorch,2025-05-01,merged,CONTRIBUTOR,af7c559e3,14,3,3,0,5
pytorch,executorch,2025-05-01,merged,CONTRIBUTOR,a38d1b916,4,1,1,0,0
pytorch,executorch,2025-05-01,merged,CONTRIBUTOR,aa11b33e5,1,1,1,0,0
pytorch,executorch,2025-05-01,merged,CONTRIBUTOR,a38d1b916,2,1,1,0,1
pytorch,executorch,2025-05-01,merged,CONTRIBUTOR,a069eaeb7,2,1,1,96,96
pytorch,executorch,2025-05-01,merged,CONTRIBUTOR,aa11b33e5,155,3,0,,0
pytorch,executorch,2025-05-01,merged,COLLABORATOR,a5018500e,1983,18,1,5,5
pytorch,executorch,2025-05-01,closed,NONE,af0579d5e,35,2,2,93,
pytorch,executorch,2025-05-01,merged,COLLABORATOR,abb677e08,8,1,1,0,0
pytorch,executorch,2025-05-01,merged,CONTRIBUTOR,af7c559e3,9,2,4,1,33
pytorch,executorch,2025-05-01,merged,COLLABORATOR,abb677e08,483,34,1,0,0
pytorch,executorch,2025-05-01,merged,COLLABORATOR,a57eebd31,25,1,1,2,2
pytorch,executorch,2025-05-01,merged,CONTRIBUTOR,af7c559e3,6,1,1,0,2
pytorch,executorch,2025-05-01,merged,COLLABORATOR,aeb3ffc19,24,1,1,4,4
pytorch,executorch,2025-05-01,closed,CONTRIBUTOR,a6243e9b5,2,1,0,,
pytorch,executorch,2025-05-01,merged,CONTRIBUTOR,af7c559e3,2,1,1,120,124
pytorch,executorch,2025-05-01,closed,CONTRIBUTOR,a554b47a3,2,1,0,,
pytorch,executorch,2025-05-01,closed,CONTRIBUTOR,a069eaeb7,6,1,0,,
pytorch,executorch,2025-05-01,merged,CONTRIBUTOR,af7c559e3,26,6,2,0,1
pytorch,executorch,2025-05-01,merged,CONTRIBUTOR,a4e283c3a,4,1,1,0,1
pytorch,executorch,2025-05-01,merged,CONTRIBUTOR,a0672f764,276,7,2,0,69
pytorch,executorch,2025-05-01,merged,COLLABORATOR,af78c7892,4,1,1,14,14
pytorch,executorch,2025-05-01,merged,CONTRIBUTOR,a248e8449,162,2,1,23,1177
pytorch,executorch,2025-05-01,merged,CONTRIBUTOR,ae1df586d,78,1,5,3,30
pytorch,executorch,2025-05-01,merged,CONTRIBUTOR,a0672f764,5,4,1,0,1
pytorch,executorch,2025-05-01,closed,CONTRIBUTOR,a0f24dbd4,2,1,1,0,
pytorch,executorch,2025-05-01,closed,CONTRIBUTOR,a1d8e3118,420,18,0,,
pytorch,executorch,2025-05-01,merged,COLLABORATOR,abb677e08,26,2,1,0,0
pytorch,executorch,2025-05-01,merged,CONTRIBUTOR,af38e9f69,83,2,1,58,119
pytorch,executorch,2025-05-01,merged,COLLABORATOR,adb04dad0,72,9,1,23,23
pytorch,executorch,2025-05-01,merged,CONTRIBUTOR,a069eaeb7,3,1,1,0,18
pytorch,executorch,2025-05-01,merged,CONTRIBUTOR,ab9aa8009,242,5,1,1,127
pytorch,executorch,2025-05-01,closed,CONTRIBUTOR,ad5417e63,18067,95,3,19,
pytorch,executorch,2025-05-01,merged,CONTRIBUTOR,add3061f5,2,1,1,2,2
pytorch,executorch,2025-05-01,merged,CONTRIBUTOR,ae011f716,91,20,1,2,7
pytorch,executorch,2025-05-01,merged,CONTRIBUTOR,aacff657d,155,3,1,3,7
pytorch,executorch,2025-05-01,merged,CONTRIBUTOR,a069eaeb7,5,1,2,0,25
pytorch,executorch,2025-05-01,merged,CONTRIBUTOR,a13a41d97,42,1,2,23,116
pytorch,executorch,2025-05-01,merged,CONTRIBUTOR,a13a41d97,7,1,4,23,92
pytorch,executorch,2025-05-01,merged,CONTRIBUTOR,ae011f716,40,1,1,19,19
pytorch,executorch,2025-05-01,closed,CONTRIBUTOR,a26de686b,18332,108,0,,
pytorch,executorch,2025-05-01,merged,COLLABORATOR,a880cf85f,4,1,1,60,61
pytorch,executorch,2025-05-01,merged,COLLABORATOR,ac4996c47,11,4,1,0,6
pytorch,executorch,2025-05-01,closed,CONTRIBUTOR,aa35e944c,5,1,0,,
pytorch,executorch,2025-05-01,merged,CONTRIBUTOR,ad5417e63,43,5,1,24,25
pytorch,executorch,2025-05-01,merged,CONTRIBUTOR,ae011f716,16,2,1,8,18
pytorch,executorch,2025-05-01,merged,CONTRIBUTOR,a26de686b,146,10,4,0,191
pytorch,executorch,2025-05-01,merged,CONTRIBUTOR,aacff657d,2,1,1,0,195
pytorch,executorch,2025-05-01,merged,CONTRIBUTOR,af7c559e3,117,6,1,21,22
pytorch,executorch,2025-05-01,merged,COLLABORATOR,abb677e08,47,2,1,4,4
pytorch,executorch,2025-05-01,merged,CONTRIBUTOR,a38d1b916,80,14,2,13,13
pytorch,executorch,2025-05-01,merged,CONTRIBUTOR,a7cabc148,153,4,1,24,141
pytorch,executorch,2025-05-01,merged,CONTRIBUTOR,a38d1b916,161,17,2,0,175
pytorch,executorch,2025-05-01,merged,CONTRIBUTOR,a38d1b916,27,4,1,2,4
pytorch,executorch,2025-05-01,closed,CONTRIBUTOR,a38d1b916,411,29,2,0,
pytorch,executorch,2025-05-01,merged,CONTRIBUTOR,aab967e72,6,1,1,0,2
pytorch,executorch,2025-05-01,merged,CONTRIBUTOR,aa11b33e5,30,1,1,2,2
pytorch,executorch,2025-05-01,merged,COLLABORATOR,abb677e08,158,7,1,1,15
pytorch,executorch,2025-05-01,closed,CONTRIBUTOR,af7c559e3,2,1,0,,
pytorch,executorch,2025-05-01,merged,CONTRIBUTOR,aa11b33e5,24,2,1,1,2
pytorch,executorch,2025-05-01,merged,CONTRIBUTOR,af7c559e3,79,3,7,1846,1967
pytorch,executorch,2025-05-01,merged,COLLABORATOR,adb04dad0,4,1,1,4,4
pytorch,executorch,2025-05-01,merged,CONTRIBUTOR,ae011f716,17,5,1,5,6
pytorch,executorch,2025-05-01,merged,CONTRIBUTOR,ae011f716,34,2,3,1,2
pytorch,executorch,2025-05-01,merged,CONTRIBUTOR,a13a41d97,110,1,1,25,27
pytorch,executorch,2025-05-01,merged,COLLABORATOR,abb677e08,88,3,1,0,3
pytorch,executorch,2025-05-01,merged,CONTRIBUTOR,a7cabc148,628,6,1,165,172
pytorch,executorch,2025-05-01,merged,CONTRIBUTOR,aa11b33e5,1,1,1,0,0
pytorch,executorch,2025-05-01,merged,CONTRIBUTOR,ae6ceb858,66,1,1,0,8
pytorch,executorch,2025-05-01,merged,CONTRIBUTOR,aa8ddf531,115,1,3,1,5
pytorch,executorch,2025-05-01,merged,CONTRIBUTOR,ae011f716,57,10,1,2,2
pytorch,executorch,2025-05-01,closed,CONTRIBUTOR,ae011f716,74,7,6,20,
pytorch,executorch,2025-05-01,merged,CONTRIBUTOR,adc0950e0,54,1,1,18,19
pytorch,executorch,2025-05-01,closed,NONE,ad41ba631,9,1,1,135,
pytorch,executorch,2025-05-01,merged,CONTRIBUTOR,ae011f716,20,6,1,12,14
pytorch,executorch,2025-05-01,merged,CONTRIBUTOR,aa11b33e5,313,3,1,13,13
pytorch,executorch,2025-05-01,merged,CONTRIBUTOR,add3061f5,67,2,1,122,128
pytorch,executorch,2025-05-01,merged,CONTRIBUTOR,a0672f764,10,1,1,171,175
pytorch,executorch,2025-05-01,closed,CONTRIBUTOR,adc0950e0,5371,25,1,123,
pytorch,executorch,2025-06-01,merged,CONTRIBUTOR,aa11b33e5,50,1,0,,0
pytorch,executorch,2025-06-01,merged,COLLABORATOR,abb677e08,44,1,1,2,2
pytorch,executorch,2025-06-01,merged,COLLABORATOR,a47f5b60b,1410,16,1,92,92
pytorch,executorch,2025-06-01,merged,CONTRIBUTOR,ab9aa8009,76,4,4,281,282
pytorch,executorch,2025-06-01,merged,CONTRIBUTOR,aa8ddf531,92,1,1,68,69
pytorch,executorch,2025-06-01,merged,CONTRIBUTOR,aa11b33e5,274,7,1,4,20
pytorch,executorch,2025-06-01,merged,COLLABORATOR,abb677e08,40,3,1,2,3
pytorch,executorch,2025-06-01,closed,CONTRIBUTOR,ab95c0767,192,2,0,,
pytorch,executorch,2025-06-01,closed,CONTRIBUTOR,aacdfa15d,69,5,0,,
pytorch,executorch,2025-06-01,merged,CONTRIBUTOR,af6075a1c,23,2,1,0,26
pytorch,executorch,2025-06-01,closed,CONTRIBUTOR,a7cabc148,16,4,0,,
pytorch,executorch,2025-06-01,merged,CONTRIBUTOR,ad5417e63,362,14,12,139,298
pytorch,executorch,2025-06-01,closed,COLLABORATOR,abb677e08,59,3,1,0,
pytorch,executorch,2025-06-01,closed,CONTRIBUTOR,ae1df586d,15,5,0,,
pytorch,executorch,2025-06-01,merged,CONTRIBUTOR,a29111dfd,75,2,3,21,33
pytorch,executorch,2025-06-01,merged,CONTRIBUTOR,af6075a1c,146,9,1,2,9
pytorch,executorch,2025-06-01,merged,CONTRIBUTOR,ae1df586d,8,4,2,4,30
pytorch,executorch,2025-06-01,merged,COLLABORATOR,a550e14b3,277,4,1,7,7
pytorch,executorch,2025-06-01,merged,CONTRIBUTOR,a3b6aa0a0,12,1,1,10,10
pytorch,executorch,2025-06-01,merged,MEMBER,a9c1e4615,376,6,3,180,324
pytorch,executorch,2025-06-01,merged,COLLABORATOR,abb677e08,3,1,1,19,19
pytorch,executorch,2025-06-01,merged,CONTRIBUTOR,ae1df586d,225,1,3,1,3
pytorch,executorch,2025-06-01,merged,CONTRIBUTOR,a069eaeb7,0,0,0,,0
pytorch,executorch,2025-06-01,closed,NONE,ac9810d59,4,1,0,,
pytorch,executorch,2025-06-01,closed,MEMBER,a9c1e4615,478,2,0,,
pytorch,executorch,2025-06-01,closed,MEMBER,a9c1e4615,532,9,0,,
pytorch,executorch,2025-06-01,merged,COLLABORATOR,abb677e08,329,3,1,9,9
pytorch,executorch,2025-06-01,merged,COLLABORATOR,a1a65264d,88,8,7,45,505
pytorch,executorch,2025-06-01,closed,MEMBER,a9c1e4615,23228,329,0,,
pytorch,executorch,2025-06-01,merged,CONTRIBUTOR,a63e53439,3,1,2,0,25
pytorch,executorch,2025-06-01,merged,MEMBER,a9c1e4615,6,1,1,0,0
pytorch,executorch,2025-06-01,merged,COLLABORATOR,a72b791e0,104,4,1,2,2
pytorch,executorch,2025-06-01,merged,CONTRIBUTOR,acc6a38f7,7,1,1,0,100
pytorch,executorch,2025-06-01,merged,CONTRIBUTOR,a1d8e3118,674,8,1,116,118
pytorch,executorch,2025-06-01,merged,CONTRIBUTOR,a140386df,550,3,1,71,75
pytorch,executorch,2025-06-01,merged,COLLABORATOR,af78c7892,47,2,1,2,2
pytorch,executorch,2025-06-01,merged,COLLABORATOR,a72b791e0,135,4,1,0,2
pytorch,executorch,2025-06-01,merged,CONTRIBUTOR,a069eaeb7,523,16,1,35,114
pytorch,executorch,2025-06-01,merged,CONTRIBUTOR,a26de686b,146,10,3,120,147
pytorch,executorch,2025-06-01,merged,COLLABORATOR,a550e14b3,23,1,1,4,4
pytorch,executorch,2025-06-01,closed,NONE,a160b5970,190,9,11,558,
pytorch,executorch,2025-06-01,merged,MEMBER,a9c1e4615,98,2,2,0,184
pytorch,executorch,2025-06-01,merged,CONTRIBUTOR,aab967e72,20,2,1,5,11
pytorch,executorch,2025-06-01,closed,CONTRIBUTOR,acb41adbb,24,4,0,,
pytorch,executorch,2025-06-01,closed,CONTRIBUTOR,ad5417e63,226,6,0,,
pytorch,executorch,2025-06-01,closed,CONTRIBUTOR,ad5417e63,40,5,0,,
pytorch,executorch,2025-06-01,merged,CONTRIBUTOR,a7cabc148,3321,42,1,0,6
pytorch,executorch,2025-06-01,closed,NONE,a8474507c,8,1,0,,
pytorch,executorch,2025-06-01,closed,COLLABORATOR,abb677e08,191,2,1,0,
pytorch,executorch,2025-06-01,closed,COLLABORATOR,abb677e08,258,28,1,0,
pytorch,executorch,2025-06-01,merged,COLLABORATOR,abb677e08,8,1,1,0,0
pytorch,executorch,2025-06-01,merged,CONTRIBUTOR,aa11b33e5,108,4,0,,0
pytorch,executorch,2025-06-01,merged,MEMBER,a9c1e4615,1871,26,2,131,133
pytorch,executorch,2025-06-01,merged,CONTRIBUTOR,a0672f764,338,5,1,37,144
pytorch,executorch,2025-06-01,closed,CONTRIBUTOR,ab9aa8009,60,7,0,,
pytorch,executorch,2025-06-01,closed,CONTRIBUTOR,a0672f764,21,2,2,47,
pytorch,executorch,2025-06-01,merged,CONTRIBUTOR,a069eaeb7,19,1,1,1,7
pytorch,executorch,2025-06-01,merged,CONTRIBUTOR,a7be41a7a,1287,70,1,0,1
pytorch,executorch,2025-06-01,merged,COLLABORATOR,abb677e08,126,7,1,3,4
pytorch,executorch,2025-06-01,merged,CONTRIBUTOR,ab9aa8009,882,18,1,3,9
pytorch,executorch,2025-06-01,merged,CONTRIBUTOR,ae011f716,4,1,1,0,1
pytorch,executorch,2025-06-01,closed,CONTRIBUTOR,ae6ceb858,5,1,5,2,
pytorch,executorch,2025-06-01,merged,CONTRIBUTOR,a7cabc148,944,7,3,52,199
pytorch,executorch,2025-06-01,merged,CONTRIBUTOR,a7cabc148,494,1,2,52,109
pytorch,executorch,2025-06-01,merged,COLLABORATOR,ac4996c47,38,6,1,39,39
pytorch,executorch,2025-06-01,merged,CONTRIBUTOR,ae011f716,19,6,2,75,77
pytorch,executorch,2025-06-01,merged,CONTRIBUTOR,af6075a1c,145,4,1,22,23
pytorch,executorch,2025-06-01,merged,COLLABORATOR,aeb3ffc19,45,1,2,5,6
pytorch,executorch,2025-06-01,merged,CONTRIBUTOR,a38d1b916,11,2,3,0,4
pytorch,executorch,2025-06-01,merged,CONTRIBUTOR,aa8ddf531,12,2,1,5,5
pytorch,executorch,2025-06-01,merged,COLLABORATOR,abb677e08,1806,39,1,0,0
pytorch,executorch,2025-06-01,merged,COLLABORATOR,abb677e08,141,9,1,0,0
pytorch,executorch,2025-06-01,closed,CONTRIBUTOR,ae1df586d,88,1,5,351,
pytorch,executorch,2025-06-01,merged,CONTRIBUTOR,a069eaeb7,2,1,1,1,8
pytorch,executorch,2025-06-01,merged,CONTRIBUTOR,ab95c0767,358,5,1,46,50
pytorch,executorch,2025-06-01,merged,CONTRIBUTOR,a26de686b,139,5,2,268,602
pytorch,executorch,2025-06-01,merged,COLLABORATOR,a72b791e0,20,2,1,1,2
pytorch,executorch,2025-06-01,merged,COLLABORATOR,a72b791e0,6,1,1,2,2
pytorch,executorch,2025-06-01,merged,COLLABORATOR,a880cf85f,41,1,1,54,54
pytorch,executorch,2025-07-01,merged,COLLABORATOR,abb677e08,130,6,1,0,0
pytorch,executorch,2025-07-01,merged,CONTRIBUTOR,a63e53439,332,4,1,48,49
pytorch,executorch,2025-07-01,merged,COLLABORATOR,abb677e08,6,3,1,191,191
pytorch,executorch,2025-07-01,merged,CONTRIBUTOR,a1b64b8af,45,3,1,21,32
pytorch,executorch,2025-07-01,merged,CONTRIBUTOR,a1b64b8af,101,8,1,20,31
pytorch,executorch,2025-07-01,merged,CONTRIBUTOR,a1b64b8af,88,4,1,25,70
pytorch,executorch,2025-07-01,merged,CONTRIBUTOR,a26de686b,165,4,1,0,11
pytorch,executorch,2025-07-01,closed,CONTRIBUTOR,aa8ddf531,53,1,0,,
pytorch,executorch,2025-07-01,merged,CONTRIBUTOR,acb41adbb,14,1,1,0,4
pytorch,executorch,2025-07-01,merged,CONTRIBUTOR,a13a41d97,9,1,1,18,20
pytorch,executorch,2025-07-01,closed,NONE,a3b6efa32,143,6,12,4,
pytorch,executorch,2025-07-01,merged,CONTRIBUTOR,af6075a1c,72,4,1,14,18
pytorch,executorch,2025-07-01,closed,CONTRIBUTOR,af7c559e3,95,5,0,,
pytorch,executorch,2025-07-01,merged,COLLABORATOR,a880cf85f,24,1,1,0,2
pytorch,executorch,2025-07-01,merged,CONTRIBUTOR,a16414c3f,417,3,1,1,103
pytorch,executorch,2025-07-01,merged,COLLABORATOR,a1fcc11b7,82,3,4,25,94
pytorch,executorch,2025-07-01,merged,COLLABORATOR,aeb3ffc19,71,2,2,1,2
pytorch,executorch,2025-07-01,merged,COLLABORATOR,abf543145,1531,37,1,6,98
pytorch,executorch,2025-07-01,merged,CONTRIBUTOR,a38d1b916,107,1,1,3,19
pytorch,executorch,2025-07-01,closed,CONTRIBUTOR,a29111dfd,1306,7,1,1,
pytorch,executorch,2025-07-01,merged,COLLABORATOR,abb677e08,1611,8,0,,1
pytorch,executorch,2025-07-01,merged,COLLABORATOR,abb677e08,220,3,1,0,1
pytorch,executorch,2025-07-01,merged,COLLABORATOR,a1fcc11b7,977,2,1,21,21
pytorch,executorch,2025-07-01,merged,CONTRIBUTOR,a9d8beaeb,39,2,1,1,28
pytorch,executorch,2025-07-01,merged,CONTRIBUTOR,a26de686b,625,7,1,197,242
pytorch,executorch,2025-07-01,merged,CONTRIBUTOR,a1f033d7b,236,11,36,0,674
pytorch,executorch,2025-07-01,merged,CONTRIBUTOR,af7c559e3,2,1,1,0,1
pytorch,executorch,2025-07-01,merged,COLLABORATOR,abb677e08,391,5,1,1,1
pytorch,executorch,2025-07-01,merged,COLLABORATOR,abb677e08,274,2,1,1,1
pytorch,executorch,2025-07-01,merged,CONTRIBUTOR,aab967e72,43,1,1,66,166
pytorch,executorch,2025-07-01,merged,CONTRIBUTOR,a0672f764,2,1,1,0,0
pytorch,executorch,2025-07-01,merged,COLLABORATOR,a1bedd82e,60,3,3,91,212
pytorch,executorch,2025-07-01,closed,CONTRIBUTOR,aa35e944c,4,1,0,,
pytorch,executorch,2025-07-01,closed,CONTRIBUTOR,aa35e944c,26,5,0,,
pytorch,executorch,2025-07-01,merged,COLLABORATOR,abb677e08,53,5,1,1,69
pytorch,executorch,2025-07-01,merged,COLLABORATOR,abb677e08,1,1,1,43,43
pytorch,executorch,2025-07-01,merged,CONTRIBUTOR,a38d1b916,361,3,3,222,234
pytorch,executorch,2025-07-01,merged,CONTRIBUTOR,a29111dfd,11,3,1,3,6
pytorch,executorch,2025-07-01,merged,COLLABORATOR,aeb3ffc19,267,5,1,68,68
pytorch,executorch,2025-07-01,merged,MEMBER,a9c1e4615,2784,17,1,107,112
pytorch,executorch,2025-07-01,merged,MEMBER,a9c1e4615,588,3,3,107,112
pytorch,executorch,2025-07-01,merged,MEMBER,a9c1e4615,954,6,1,104,109
pytorch,executorch,2025-07-01,merged,MEMBER,a9c1e4615,158,7,4,442,451
pytorch,executorch,2025-07-01,merged,CONTRIBUTOR,aa11b33e5,2,1,1,1,3
pytorch,executorch,2025-07-01,merged,COLLABORATOR,abb677e08,21,2,1,290,290
pytorch,executorch,2025-07-01,merged,COLLABORATOR,abb677e08,5,1,1,291,291
pytorch,executorch,2025-07-01,merged,COLLABORATOR,abb677e08,21,2,1,99,99
pytorch,executorch,2025-07-01,merged,CONTRIBUTOR,adac1f7fc,232,2,1,11,395
pytorch,executorch,2025-07-01,merged,CONTRIBUTOR,a069eaeb7,1927,8,1,0,142
pytorch,executorch,2025-07-01,merged,COLLABORATOR,abb677e08,21,4,2,16,16
pytorch,executorch,2025-07-01,merged,CONTRIBUTOR,aa8ddf531,14,1,1,1,2
pytorch,executorch,2025-07-01,merged,COLLABORATOR,aeb3ffc19,11,1,1,2,2
pytorch,executorch,2025-07-01,merged,MEMBER,a9c1e4615,124,4,3,17,497
pytorch,executorch,2025-07-01,merged,CONTRIBUTOR,a16414c3f,2,1,2,0,10
pytorch,executorch,2025-07-01,merged,CONTRIBUTOR,a0672f764,53,1,1,18,18
pytorch,executorch,2025-07-01,merged,MEMBER,a9c1e4615,73,2,2,67,168
pytorch,executorch,2025-07-01,merged,CONTRIBUTOR,a25dffa99,23,3,2,1,4
pytorch,executorch,2025-07-01,closed,CONTRIBUTOR,aa8ddf531,82,5,0,,
pytorch,executorch,2025-07-01,merged,CONTRIBUTOR,a94528ca4,582,7,4,107,114
pytorch,executorch,2025-07-01,merged,CONTRIBUTOR,a38d1b916,4,1,2,0,1
pytorch,executorch,2025-07-01,closed,CONTRIBUTOR,ab9aa8009,2,1,4,0,
pytorch,executorch,2025-07-01,merged,COLLABORATOR,a1fcc11b7,63,2,1,71,71
pytorch,executorch,2025-07-01,merged,CONTRIBUTOR,ab9aa8009,67,2,1,16,109
pytorch,executorch,2025-07-01,closed,CONTRIBUTOR,ae1df586d,8,2,0,,
pytorch,executorch,2025-07-01,closed,CONTRIBUTOR,ab9aa8009,53,2,0,,
pytorch,executorch,2025-07-01,closed,CONTRIBUTOR,ab9aa8009,237,8,0,,
pytorch,executorch,2025-07-01,merged,CONTRIBUTOR,aa11b33e5,76,4,2,0,20
pytorch,executorch,2025-07-01,merged,CONTRIBUTOR,a0c07a800,13,1,3,0,94
pytorch,executorch,2025-07-01,merged,CONTRIBUTOR,aa11b33e5,2,1,1,1,4
pytorch,executorch,2025-07-01,merged,COLLABORATOR,a3640c268,473,14,4,134,182
pytorch,executorch,2025-07-01,closed,CONTRIBUTOR,a38d1b916,26,2,0,,
pytorch,executorch,2025-07-01,merged,CONTRIBUTOR,a7cabc148,149,4,1,18,328
pytorch,executorch,2025-07-01,closed,CONTRIBUTOR,af38e9f69,1,1,1,1,
pytorch,executorch,2025-07-01,merged,CONTRIBUTOR,ae011f716,4,1,1,0,1
pytorch,executorch,2025-07-01,closed,CONTRIBUTOR,a63e53439,372,6,0,,
pytorch,executorch,2025-07-01,merged,CONTRIBUTOR,a7cabc148,36,1,1,93,261
pytorch,executorch,2025-07-01,merged,CONTRIBUTOR,a7cabc148,1063,6,1,175,261
pytorch,executorch,2025-07-01,merged,CONTRIBUTOR,a8898cdaa,1929,14,10,84,300
pytorch,executorch,2025-07-01,merged,CONTRIBUTOR,a63e53439,52,1,1,0,1
pytorch,executorch,2025-07-01,closed,MEMBER,a9c1e4615,365,4,0,,
pytorch,executorch,2025-07-01,closed,MEMBER,a9c1e4615,598,15,0,,
pytorch,executorch,2025-07-01,merged,CONTRIBUTOR,a140386df,815,10,1,11,156
pytorch,executorch,2025-07-01,merged,CONTRIBUTOR,a1b64b8af,32,2,1,45,53
pytorch,executorch,2025-07-01,closed,CONTRIBUTOR,a4deb1bed,273,1,0,,
pytorch,executorch,2025-07-01,merged,CONTRIBUTOR,af7c559e3,26,3,2,18,21
pytorch,executorch,2025-07-01,merged,COLLABORATOR,abb677e08,37,2,1,11,11
pytorch,executorch,2025-07-01,merged,COLLABORATOR,a47f5b60b,2196,27,34,14,1189
pytorch,executorch,2025-07-01,merged,COLLABORATOR,abb677e08,414,10,1,9,9
pytorch,executorch,2025-07-01,merged,CONTRIBUTOR,a4e283c3a,40,9,6,113,506
pytorch,executorch,2025-07-01,closed,CONTRIBUTOR,a7be41a7a,72,2,0,,
pytorch,executorch,2025-07-01,merged,CONTRIBUTOR,a0672f764,18,1,1,0,3
pytorch,executorch,2025-07-01,merged,CONTRIBUTOR,a069eaeb7,2076,7,15,92,308
pytorch,executorch,2025-07-01,closed,CONTRIBUTOR,a1b64b8af,24,1,0,,
pytorch,executorch,2025-07-01,merged,CONTRIBUTOR,a68ecb328,2,1,1,133,151
pytorch,executorch,2025-07-01,merged,CONTRIBUTOR,ad5417e63,33,7,2,3,82
pytorch,executorch,2025-07-01,merged,CONTRIBUTOR,ab21257e4,20,3,4,2,23
pytorch,executorch,2025-07-01,merged,COLLABORATOR,abb677e08,1002,6,1,0,1
pytorch,executorch,2025-07-01,merged,CONTRIBUTOR,aa11b33e5,3,1,1,0,2
pytorch,executorch,2025-07-01,merged,CONTRIBUTOR,a0672f764,19,2,1,0,1
pytorch,executorch,2025-07-01,merged,CONTRIBUTOR,a32e8dc03,153,7,1,23,23
pytorch,executorch,2025-08-01,merged,CONTRIBUTOR,aa8ddf531,20,1,1,0,11
pytorch,executorch,2025-08-01,merged,COLLABORATOR,a57eebd31,144,4,1,4,4
pytorch,executorch,2025-08-01,merged,COLLABORATOR,abb677e08,1562,55,1,0,0
pytorch,executorch,2025-08-01,merged,CONTRIBUTOR,ab9aa8009,75,4,1,0,181
pytorch,executorch,2025-08-01,merged,CONTRIBUTOR,aab967e72,6,1,1,1,5
pytorch,executorch,2025-08-01,merged,COLLABORATOR,a3640c268,458,16,1,200,204
pytorch,executorch,2025-08-01,merged,COLLABORATOR,abb677e08,40,2,1,0,15
pytorch,executorch,2025-08-01,closed,CONTRIBUTOR,a1d8e3118,13,1,0,,
pytorch,executorch,2025-08-01,closed,COLLABORATOR,abb677e08,99,2,1,70,
pytorch,executorch,2025-08-01,merged,CONTRIBUTOR,a19d105d9,6,2,1,98,120
pytorch,executorch,2025-08-01,merged,CONTRIBUTOR,a4e283c3a,4,1,1,2,82
pytorch,executorch,2025-08-01,merged,MEMBER,a9c1e4615,224,8,5,236,244
pytorch,executorch,2025-08-01,merged,MEMBER,a9c1e4615,171,5,3,84,90
pytorch,executorch,2025-08-01,merged,CONTRIBUTOR,aa0f1524e,4,1,2,0,4
pytorch,executorch,2025-08-01,merged,CONTRIBUTOR,aa11b33e5,1,1,1,0,0
pytorch,executorch,2025-08-01,merged,CONTRIBUTOR,af6075a1c,455,2,1,116,123
pytorch,executorch,2025-08-01,merged,CONTRIBUTOR,a1d8e3118,3187,39,9,170,223
pytorch,executorch,2025-08-01,closed,CONTRIBUTOR,a1d8e3118,5305,48,0,,
pytorch,executorch,2025-08-01,closed,CONTRIBUTOR,af7c559e3,130,8,0,,
pytorch,executorch,2025-08-01,merged,CONTRIBUTOR,a3ca238ff,8,1,1,0,3
pytorch,executorch,2025-08-01,merged,COLLABORATOR,a9f7a588a,1234,7,7,21,115
pytorch,executorch,2025-08-01,merged,MEMBER,a9c1e4615,315,4,3,357,357
pytorch,executorch,2025-08-01,merged,CONTRIBUTOR,a069eaeb7,236,11,1,0,8
pytorch,executorch,2025-08-01,merged,CONTRIBUTOR,a3ca238ff,294,8,1,6,8
pytorch,executorch,2025-08-01,merged,CONTRIBUTOR,a500ec4e8,19,5,1,0,2
pytorch,executorch,2025-08-01,merged,CONTRIBUTOR,ab95c0767,15,2,1,22,56
pytorch,executorch,2025-08-01,merged,COLLABORATOR,abb677e08,363,9,1,1,1
pytorch,executorch,2025-08-01,merged,COLLABORATOR,a6652dbb4,286,8,1,161,161
pytorch,executorch,2025-08-01,merged,COLLABORATOR,aa11a8c13,4298,64,70,19,337
pytorch,executorch,2025-08-01,closed,MEMBER,a9c1e4615,92,5,1,0,
pytorch,executorch,2025-08-01,closed,MEMBER,a9c1e4615,75,3,0,,
pytorch,executorch,2025-08-01,closed,CONTRIBUTOR,af7c559e3,317,13,0,,
pytorch,executorch,2025-08-01,merged,CONTRIBUTOR,a3c23856b,95,3,6,10,58
pytorch,executorch,2025-08-01,merged,CONTRIBUTOR,a31232cf7,36,1,1,0,1
pytorch,executorch,2025-08-01,closed,CONTRIBUTOR,a3c23856b,53,3,2,19,
pytorch,executorch,2025-08-01,merged,CONTRIBUTOR,a140386df,51,5,2,13,63
pytorch,executorch,2025-08-01,merged,CONTRIBUTOR,aa11b33e5,103,4,1,0,1
pytorch,executorch,2025-08-01,merged,CONTRIBUTOR,a1d8e3118,271,2,1,3,26
pytorch,executorch,2025-08-01,merged,COLLABORATOR,a9f7a588a,128,6,2,1,99
pytorch,executorch,2025-08-01,merged,COLLABORATOR,a47f5b60b,140,6,2,112,112
pytorch,executorch,2025-08-01,merged,CONTRIBUTOR,ab95c0767,1614,16,1,20,58
pytorch,executorch,2025-08-01,merged,CONTRIBUTOR,adc0950e0,21,2,2,47,160
pytorch,executorch,2025-08-01,merged,CONTRIBUTOR,adc0950e0,182,3,2,52,84
pytorch,executorch,2025-08-01,merged,COLLABORATOR,a7a0d0497,83,1,4,20,322
pytorch,executorch,2025-08-01,merged,CONTRIBUTOR,acb41adbb,9,2,1,51,194
pytorch,executorch,2025-08-01,merged,MEMBER,a9c1e4615,149,6,6,28,63
pytorch,executorch,2025-08-01,merged,MEMBER,a9c1e4615,43,3,1,59,70
pytorch,executorch,2025-08-01,merged,COLLABORATOR,abb677e08,424,7,1,12,13
pytorch,executorch,2025-08-01,merged,COLLABORATOR,abb677e08,610,18,1,2,3
pytorch,executorch,2025-08-01,closed,CONTRIBUTOR,aa0f1524e,3,1,0,,
pytorch,executorch,2025-08-01,merged,CONTRIBUTOR,a41334601,2,1,2,0,2
pytorch,executorch,2025-08-01,merged,CONTRIBUTOR,ab95c0767,276,4,1,2,5
pytorch,executorch,2025-08-01,merged,CONTRIBUTOR,a63e53439,889,7,1,21,122
pytorch,executorch,2025-08-01,merged,CONTRIBUTOR,a63e53439,874,7,1,21,121
pytorch,executorch,2025-08-01,merged,CONTRIBUTOR,a4e283c3a,15,2,1,0,2
pytorch,executorch,2025-08-01,merged,CONTRIBUTOR,aabfa0272,221,7,1,6,6
pytorch,executorch,2025-08-01,merged,COLLABORATOR,adb04dad0,394,16,4,4,97
pytorch,executorch,2025-08-01,merged,COLLABORATOR,a202d4eb7,113,8,2,11,137
pytorch,executorch,2025-08-01,merged,CONTRIBUTOR,a63e53439,867,5,1,43,143
pytorch,executorch,2025-08-01,merged,CONTRIBUTOR,a94528ca4,976,4,1,19,25
pytorch,executorch,2025-08-01,merged,CONTRIBUTOR,acb41adbb,11,1,1,0,49
pytorch,executorch,2025-08-01,merged,CONTRIBUTOR,a500ec4e8,3123,16,1,23,48
pytorch,executorch,2025-08-01,merged,CONTRIBUTOR,ab95c0767,579,9,1,12,29
pytorch,executorch,2025-08-01,merged,COLLABORATOR,a6b17a47b,456,7,5,5,33
pytorch,executorch,2025-08-01,merged,CONTRIBUTOR,a63e53439,81,5,2,2,67
pytorch,executorch,2025-08-01,merged,CONTRIBUTOR,aa11b33e5,18,1,1,0,3
pytorch,executorch,2025-08-01,merged,CONTRIBUTOR,ab9fc4641,36,13,3,46,72
pytorch,executorch,2025-08-01,merged,CONTRIBUTOR,aa8ddf531,7,1,6,2,24
pytorch,executorch,2025-08-01,closed,CONTRIBUTOR,aab967e72,6,2,1,395,
pytorch,executorch,2025-08-01,merged,COLLABORATOR,a880cf85f,49,1,7,1,188
pytorch,executorch,2025-08-01,merged,COLLABORATOR,aee29be93,4,1,2,21,21
pytorch,executorch,2025-08-01,merged,CONTRIBUTOR,ad5417e63,161,6,1,0,1
pytorch,executorch,2025-08-01,merged,CONTRIBUTOR,a1d8e3118,1194,10,1,21,25
pytorch,executorch,2025-08-01,merged,CONTRIBUTOR,a94528ca4,1291,12,26,12,69
pytorch,executorch,2025-08-01,merged,MEMBER,a9c1e4615,73,12,3,68,386
pytorch,executorch,2025-08-01,merged,COLLABORATOR,abb677e08,1039,14,1,1,1
pytorch,executorch,2025-08-01,closed,CONTRIBUTOR,aa11b33e5,28,3,2,0,
pytorch,executorch,2025-08-01,merged,CONTRIBUTOR,aa11b33e5,19,1,2,38,80
pytorch,executorch,2025-08-01,merged,COLLABORATOR,aeb3ffc19,176,6,1,5,5
pytorch,executorch,2025-08-01,merged,COLLABORATOR,a880cf85f,3,1,1,2,2
pytorch,executorch,2025-09-01,closed,CONTRIBUTOR,a63e53439,156,3,0,,
pytorch,executorch,2025-09-01,merged,CONTRIBUTOR,a63e53439,74,9,1,0,0
pytorch,executorch,2025-09-01,merged,CONTRIBUTOR,a63e53439,30,6,1,0,0
pytorch,executorch,2025-09-01,closed,CONTRIBUTOR,a63e53439,3,1,0,,
pytorch,executorch,2025-09-01,merged,COLLABORATOR,a1fcc11b7,282,2,1,6,6
pytorch,executorch,2025-09-01,merged,CONTRIBUTOR,a3ca238ff,1451,10,112,1,164
pytorch,executorch,2025-09-01,closed,CONTRIBUTOR,aab967e72,21,1,0,,
pytorch,executorch,2025-09-01,merged,CONTRIBUTOR,a63e53439,39,11,2,0,0
pytorch,executorch,2025-09-01,merged,CONTRIBUTOR,a63e53439,95,15,1,0,0
pytorch,executorch,2025-09-01,merged,CONTRIBUTOR,aab967e72,796,8,3,1,8
pytorch,executorch,2025-09-01,merged,COLLABORATOR,abb677e08,562,7,1,1,1
pytorch,executorch,2025-09-01,merged,CONTRIBUTOR,aacdfa15d,4,2,2,0,2
pytorch,executorch,2025-09-01,merged,COLLABORATOR,a88170dbc,193,3,7,22,494
pytorch,executorch,2025-09-01,closed,CONTRIBUTOR,af7c559e3,0,0,0,,
pytorch,executorch,2025-09-01,merged,CONTRIBUTOR,a63e53439,36,3,1,0,2
pytorch,executorch,2025-09-01,merged,CONTRIBUTOR,ab9aa8009,62,2,1,1,537
pytorch,executorch,2025-09-01,merged,CONTRIBUTOR,a63e53439,62,5,2,0,24
pytorch,executorch,2025-09-01,merged,CONTRIBUTOR,a8898cdaa,422,16,5,5,28
pytorch,executorch,2025-09-01,merged,CONTRIBUTOR,aacdfa15d,7,3,1,2,2
pytorch,executorch,2025-09-01,closed,CONTRIBUTOR,a7be41a7a,566,5,8,0,
pytorch,executorch,2025-09-01,merged,CONTRIBUTOR,aee437af5,1,1,2,2,197
pytorch,executorch,2025-09-01,merged,COLLABORATOR,abf543145,323,11,1,14,14
pytorch,executorch,2025-09-01,merged,CONTRIBUTOR,aa11b33e5,40,1,1,0,0
pytorch,executorch,2025-09-01,merged,CONTRIBUTOR,ad5417e63,53,5,1,5,15
pytorch,executorch,2025-09-01,closed,CONTRIBUTOR,a1d8e3118,85724,540,0,,
pytorch,executorch,2025-09-01,merged,CONTRIBUTOR,a1cbbf93b,4,1,1,6,10
pytorch,executorch,2025-09-01,merged,CONTRIBUTOR,aa11b33e5,526,12,4,2,8
pytorch,executorch,2025-09-01,merged,COLLABORATOR,abb677e08,33,4,1,2,2
pytorch,executorch,2025-09-01,merged,CONTRIBUTOR,a140386df,18,1,3,44,58
pytorch,executorch,2025-09-01,merged,CONTRIBUTOR,a4e283c3a,163,9,2,3,3
pytorch,executorch,2025-09-01,merged,COLLABORATOR,abb677e08,56,1,1,0,0
pytorch,executorch,2025-09-01,merged,COLLABORATOR,a3048e07e,1,1,1,23,23
pytorch,executorch,2025-09-01,merged,CONTRIBUTOR,a069eaeb7,2,1,1,0,0
pytorch,executorch,2025-09-01,merged,MEMBER,a9c1e4615,1,1,1,13,19
pytorch,executorch,2025-09-01,closed,MEMBER,a9c1e4615,4,1,0,,
pytorch,executorch,2025-09-01,merged,COLLABORATOR,abb677e08,705,16,1,0,2
pytorch,executorch,2025-09-01,merged,CONTRIBUTOR,a9e86d14e,102,4,1,174,174
pytorch,executorch,2025-09-01,closed,CONTRIBUTOR,af7c559e3,14,3,0,,
pytorch,executorch,2025-09-01,merged,CONTRIBUTOR,a3ca238ff,50,1,2,0,14
pytorch,executorch,2025-09-01,merged,MEMBER,a9c1e4615,348,31,24,186,191
pytorch,executorch,2025-09-01,merged,CONTRIBUTOR,a38d1b916,33,2,2,44,63
pytorch,executorch,2025-09-01,merged,CONTRIBUTOR,a069eaeb7,14,3,1,2,49
pytorch,executorch,2025-09-01,closed,COLLABORATOR,a9f7a588a,38,1,0,,
pytorch,executorch,2025-09-01,merged,CONTRIBUTOR,a7be41a7a,82,6,9,0,50
pytorch,executorch,2025-09-01,closed,COLLABORATOR,abb677e08,384,4,0,,
pytorch,executorch,2025-09-01,closed,CONTRIBUTOR,a0c07a800,38,1,0,,
pytorch,executorch,2025-09-01,merged,COLLABORATOR,aeb3ffc19,61,1,1,33,36
pytorch,executorch,2025-09-01,closed,COLLABORATOR,abb677e08,64,2,0,,
pytorch,executorch,2025-09-01,merged,COLLABORATOR,abb677e08,430,12,1,0,0
pytorch,executorch,2025-09-01,merged,CONTRIBUTOR,ab9aa8009,52,9,1,72,217
pytorch,executorch,2025-09-01,merged,CONTRIBUTOR,a7be41a7a,220,5,1,0,5
pytorch,executorch,2025-09-01,merged,CONTRIBUTOR,a1d8e3118,430,12,1,23,28
pytorch,executorch,2025-09-01,merged,CONTRIBUTOR,aab967e72,297,3,6,95,119
pytorch,executorch,2025-09-01,merged,COLLABORATOR,a6652dbb4,150,1,1,126,150
pytorch,executorch,2025-09-01,merged,CONTRIBUTOR,ad5417e63,3384,11,1,3,120
pytorch,executorch,2025-09-01,merged,CONTRIBUTOR,ad5417e63,2431,10,1,2,120
pytorch,executorch,2025-09-01,merged,MEMBER,a9c1e4615,22,4,5,1,4
pytorch,executorch,2025-09-01,merged,COLLABORATOR,aee29be93,19,1,1,49,78
pytorch,executorch,2025-09-01,merged,COLLABORATOR,aee29be93,228,3,1,51,52
pytorch,executorch,2025-09-01,merged,COLLABORATOR,a9f7a588a,147,3,4,1015,1124
pytorch,executorch,2025-09-01,merged,COLLABORATOR,a2e9cf96f,308,2,5,102,361
pytorch,executorch,2025-09-01,merged,COLLABORATOR,a72b791e0,91,3,1,30,30
pytorch,executorch,2025-09-01,merged,COLLABORATOR,abb677e08,3,1,1,24,24
pytorch,executorch,2025-09-01,merged,CONTRIBUTOR,adc0950e0,280,4,1,20,24
pytorch,executorch,2025-09-01,merged,CONTRIBUTOR,ab9aa8009,14,1,1,19,20
pytorch,executorch,2025-09-01,closed,CONTRIBUTOR,acb41adbb,2,1,1,1,
pytorch,executorch,2025-09-01,merged,COLLABORATOR,a1bedd82e,180,5,4,0,458
pytorch,executorch,2025-09-01,merged,CONTRIBUTOR,af7c559e3,17,8,1,1,2
pytorch,executorch,2025-09-01,merged,COLLABORATOR,abf543145,121,5,1,5,21
pytorch,executorch,2025-09-01,merged,COLLABORATOR,aeb3ffc19,18,1,1,6,21
pytorch,executorch,2025-09-01,merged,COLLABORATOR,abb677e08,5,1,1,11,11
pytorch,executorch,2025-09-01,closed,CONTRIBUTOR,aacdfa15d,90,7,0,,
pytorch,executorch,2025-09-01,merged,COLLABORATOR,abb677e08,282,6,1,1,3
pytorch,executorch,2025-09-01,merged,CONTRIBUTOR,a3ca238ff,29,2,1,0,5
pytorch,executorch,2025-09-01,merged,CONTRIBUTOR,acb41adbb,438,17,1,0,0
pytorch,executorch,2025-09-01,merged,COLLABORATOR,a1fcc11b7,20,1,2,20,26
pytorch,executorch,2025-09-01,merged,COLLABORATOR,af78c7892,92,19,6,23,53
pytorch,executorch,2025-09-01,merged,COLLABORATOR,abb677e08,71,2,1,23,23
pytorch,executorch,2025-09-01,merged,COLLABORATOR,abb677e08,132,4,1,73,76
pytorch,executorch,2025-09-01,merged,CONTRIBUTOR,a63e53439,3,1,1,62,62
pytorch,executorch,2025-09-01,closed,CONTRIBUTOR,ad5417e63,21,4,0,,
pytorch,executorch,2025-09-01,merged,CONTRIBUTOR,aa11b33e5,5,1,1,0,1
pytorch,executorch,2025-09-01,merged,CONTRIBUTOR,a4deb1bed,19,2,2,3,12
pytorch,executorch,2025-09-01,merged,COLLABORATOR,abb677e08,4,1,1,113,113
pytorch,executorch,2025-09-01,merged,CONTRIBUTOR,a0a15877f,11,2,1,18,48
pytorch,executorch,2025-09-01,merged,MEMBER,a9c1e4615,28,4,6,0,22
pytorch,executorch,2025-09-01,merged,CONTRIBUTOR,a0672f764,26,5,1,0,1
pytorch,executorch,2025-09-01,merged,CONTRIBUTOR,a38d1b916,342,4,1,0,5
pytorch,executorch,2025-09-01,merged,CONTRIBUTOR,af7c559e3,18,2,1,14,20
pytorch,executorch,2025-09-01,merged,MEMBER,a9c1e4615,255,9,1,18,20
pytorch,executorch,2025-09-01,merged,CONTRIBUTOR,a0672f764,306,6,3,0,8
pytorch,executorch,2025-09-01,merged,CONTRIBUTOR,ad5417e63,441,5,7,8,80
pytorch,executorch,2025-09-01,merged,MEMBER,a9c1e4615,4,1,1,18,21
pytorch,executorch,2025-09-01,merged,CONTRIBUTOR,a069eaeb7,2,1,1,3,53
pytorch,executorch,2025-09-01,merged,CONTRIBUTOR,a1d8e3118,234,9,1,218,222
pytorch,executorch,2025-09-01,merged,MEMBER,a9c1e4615,103,6,1,0,0
pytorch,executorch,2025-09-01,merged,CONTRIBUTOR,aab967e72,2,1,1,1,6
pytorch,executorch,2025-10-01,closed,COLLABORATOR,abb677e08,91,3,0,,
pytorch,executorch,2025-10-01,merged,COLLABORATOR,abb677e08,1888,12,1,0,13
pytorch,executorch,2025-10-01,closed,CONTRIBUTOR,a1d8e3118,537,13,0,,
pytorch,executorch,2025-10-01,merged,CONTRIBUTOR,a0672f764,231,4,5,0,1
pytorch,executorch,2025-10-01,closed,CONTRIBUTOR,ad5417e63,0,0,2,0,
pytorch,executorch,2025-10-01,merged,COLLABORATOR,abb677e08,19,2,1,2,2
pytorch,executorch,2025-10-01,merged,CONTRIBUTOR,aab967e72,4,1,1,4,5
pytorch,executorch,2025-10-01,merged,CONTRIBUTOR,aacdfa15d,6,1,3,3,3
pytorch,executorch,2025-10-01,merged,CONTRIBUTOR,ac16ad44e,7,1,1,2,21
pytorch,executorch,2025-10-01,closed,CONTRIBUTOR,a92e5b6d8,148,4,0,,
pytorch,executorch,2025-10-01,merged,CONTRIBUTOR,a6e3e1227,1888,12,3,0,75
pytorch,executorch,2025-10-01,merged,CONTRIBUTOR,a0672f764,51,3,1,0,95
pytorch,executorch,2025-10-01,merged,CONTRIBUTOR,af6075a1c,1273,2,17,44,149
pytorch,executorch,2025-10-01,merged,CONTRIBUTOR,a3ca238ff,624,8,29,67,116
pytorch,executorch,2025-10-01,merged,CONTRIBUTOR,a28ca74e7,73,1,2,20,169
pytorch,executorch,2025-10-01,merged,CONTRIBUTOR,ab9aa8009,45,1,3,94,128
pytorch,executorch,2025-10-01,merged,COLLABORATOR,abb677e08,14,2,1,0,4
pytorch,executorch,2025-10-01,merged,CONTRIBUTOR,aa11b33e5,2,1,1,10,10
pytorch,executorch,2025-10-01,merged,CONTRIBUTOR,ad5417e63,83,10,1,0,6
pytorch,executorch,2025-10-01,merged,CONTRIBUTOR,aa11b33e5,49,2,2,0,8
pytorch,executorch,2025-10-01,merged,CONTRIBUTOR,a37fca8b9,170,3,1,0,23
pytorch,executorch,2025-10-01,merged,COLLABORATOR,a04c943a3,12,2,1,0,0
pytorch,executorch,2025-10-01,merged,CONTRIBUTOR,a8898cdaa,165,2,13,6,31
pytorch,executorch,2025-10-01,merged,COLLABORATOR,abb677e08,2,1,1,10,10
pytorch,executorch,2025-10-01,merged,CONTRIBUTOR,ad5417e63,14,8,1,0,3
pytorch,executorch,2025-10-01,closed,CONTRIBUTOR,ad5417e63,14,8,0,,
pytorch,executorch,2025-10-01,merged,MEMBER,a9c1e4615,830,37,18,40,307
pytorch,executorch,2025-10-01,merged,CONTRIBUTOR,aad9a3384,163,5,1,20,32
pytorch,executorch,2025-10-01,merged,COLLABORATOR,a7a0d0497,90,2,1,1,23
pytorch,executorch,2025-10-01,merged,COLLABORATOR,aeb3ffc19,147,1,1,30,30
pytorch,executorch,2025-10-01,merged,COLLABORATOR,a72b791e0,1240,16,3,155,247
pytorch,executorch,2025-10-01,merged,MEMBER,a9c1e4615,101,6,1,47,48
pytorch,executorch,2025-10-01,merged,COLLABORATOR,abb677e08,2,1,1,20,20
pytorch,executorch,2025-10-01,merged,CONTRIBUTOR,aad9a3384,142,5,1,0,38
pytorch,executorch,2025-10-01,merged,COLLABORATOR,abb677e08,16,2,1,17,17
pytorch,executorch,2025-10-01,merged,CONTRIBUTOR,aa11b33e5,2,1,1,36,36
pytorch,executorch,2025-10-01,merged,CONTRIBUTOR,a13a41d97,22,1,1,72,120
pytorch,executorch,2025-10-01,merged,CONTRIBUTOR,a13a41d97,2,1,1,120,181
pytorch,executorch,2025-10-01,merged,CONTRIBUTOR,a0c07a800,7,1,2,0,849
pytorch,executorch,2025-10-01,closed,CONTRIBUTOR,a40946f32,4,1,0,,
pytorch,executorch,2025-10-01,merged,CONTRIBUTOR,a38d1b916,561,6,3,117,354
pytorch,executorch,2025-10-01,merged,COLLABORATOR,a1fcc11b7,146,2,1,271,357
pytorch,executorch,2025-10-01,merged,CONTRIBUTOR,a3ca238ff,16,2,6,7,90
pytorch,executorch,2025-10-01,closed,CONTRIBUTOR,a0672f764,83,3,2,12,
pytorch,executorch,2025-10-01,merged,COLLABORATOR,abb677e08,410,11,1,13,13
pytorch,executorch,2025-10-01,closed,CONTRIBUTOR,a0672f764,1433,21,0,,
pytorch,executorch,2025-10-01,merged,CONTRIBUTOR,a140386df,109,2,1,46,71
pytorch,executorch,2025-10-01,merged,COLLABORATOR,abb677e08,16,1,1,2,2
pytorch,executorch,2025-10-01,merged,CONTRIBUTOR,ab9aa8009,171,5,1,69,79
pytorch,executorch,2025-10-01,merged,CONTRIBUTOR,adc0950e0,60,1,1,0,98
pytorch,executorch,2025-10-01,merged,COLLABORATOR,abb677e08,15,2,1,0,0
pytorch,executorch,2025-10-01,closed,CONTRIBUTOR,aab967e72,10,1,2,171,
pytorch,executorch,2025-10-01,closed,CONTRIBUTOR,ab9aa8009,61,2,0,,
pytorch,executorch,2025-10-01,merged,MEMBER,a9c1e4615,4,1,1,21,21
pytorch,executorch,2025-10-01,merged,COLLABORATOR,aa86c4b53,831,19,1,269,356
pytorch,executorch,2025-10-01,merged,CONTRIBUTOR,a3ca238ff,4,1,1,0,0
pytorch,executorch,2025-10-01,merged,COLLABORATOR,abb677e08,224,5,1,0,0
pytorch,executorch,2025-10-01,merged,CONTRIBUTOR,a1b64b8af,35,1,1,25,56
pytorch,executorch,2025-10-01,merged,CONTRIBUTOR,a248e8449,247,3,1,0,23
pytorch,executorch,2025-10-01,merged,CONTRIBUTOR,a0672f764,62,18,4,25,45
pytorch,executorch,2025-10-01,merged,MEMBER,a9c1e4615,2,1,1,20,20
pytorch,executorch,2025-10-01,merged,COLLABORATOR,a1a65264d,306,7,1,357,357
pytorch,executorch,2025-10-01,merged,COLLABORATOR,aeb3ffc19,9,8,1,2,2
pytorch,executorch,2025-10-01,merged,CONTRIBUTOR,a0672f764,18,1,1,3,3
pytorch,executorch,2025-10-01,merged,COLLABORATOR,aee29be93,190,4,1,69,69
pytorch,executorch,2025-10-01,merged,CONTRIBUTOR,af6075a1c,1,1,1,1,1
pytorch,executorch,2025-10-01,closed,CONTRIBUTOR,ad5417e63,8,2,1,0,
pytorch,executorch,2025-10-01,merged,CONTRIBUTOR,a94528ca4,23,6,1,0,1
pytorch,executorch,2025-10-01,merged,CONTRIBUTOR,ab9aa8009,2,1,2,0,0
pytorch,executorch,2025-10-01,merged,COLLABORATOR,a1a65264d,104,12,1,72,72
pytorch,executorch,2025-10-01,merged,CONTRIBUTOR,aacdfa15d,4,1,1,1,1
pytorch,executorch,2025-10-01,merged,CONTRIBUTOR,aacdfa15d,2355,3,1,2,6
pytorch,executorch,2025-10-01,merged,CONTRIBUTOR,a1b64b8af,7,1,1,51,61
pytorch,executorch,2025-10-01,merged,CONTRIBUTOR,a140386df,433,34,1,33,117
pytorch,executorch,2025-10-01,merged,CONTRIBUTOR,a548539d6,2,1,2,210,271
pytorch,executorch,2025-10-01,merged,CONTRIBUTOR,a7be41a7a,13,1,1,436,436
pytorch,executorch,2025-10-01,closed,COLLABORATOR,abb677e08,115,11,0,,
pytorch,executorch,2025-10-01,merged,MEMBER,a9c1e4615,8,2,2,0,0
pytorch,executorch,2025-10-01,merged,CONTRIBUTOR,aacdfa15d,114,1,1,24,24
pytorch,executorch,2025-10-01,merged,CONTRIBUTOR,a7be41a7a,25,1,1,2,5
pytorch,executorch,2025-10-01,merged,CONTRIBUTOR,ad5417e63,429,8,5,68,98
pytorch,executorch,2025-10-01,merged,CONTRIBUTOR,a7be41a7a,99,8,1,1,2
pytorch,executorch,2025-10-01,merged,COLLABORATOR,a04c943a3,416,9,14,0,1344
pytorch,executorch,2025-10-01,closed,CONTRIBUTOR,ab9aa8009,21,1,3,13,
pytorch,executorch,2025-10-01,merged,CONTRIBUTOR,adc0950e0,73,6,1,120,125
pytorch,executorch,2025-10-01,closed,CONTRIBUTOR,a7be41a7a,2,1,0,,
pytorch,executorch,2025-10-01,merged,COLLABORATOR,abb677e08,11,1,1,23,23
pytorch,executorch,2025-10-01,merged,CONTRIBUTOR,a37fca8b9,387,3,1,103,108
pytorch,executorch,2025-10-01,merged,CONTRIBUTOR,ac031d6e3,371,9,1,3,3
pytorch,executorch,2025-10-01,merged,CONTRIBUTOR,a3ca238ff,240,3,4,10,17
pytorch,executorch,2025-10-01,merged,CONTRIBUTOR,a1d8e3118,29,6,1,53,148
pytorch,executorch,2025-10-01,merged,CONTRIBUTOR,a1d8e3118,33,5,1,53,148
pytorch,executorch,2025-10-01,merged,COLLABORATOR,abb677e08,403,4,1,5,6
pytorch,executorch,2025-10-01,merged,CONTRIBUTOR,a37fca8b9,244,3,1,19,46
pytorch,executorch,2025-10-01,merged,CONTRIBUTOR,ad5417e63,2,1,1,0,18
pytorch,executorch,2025-10-01,closed,COLLABORATOR,abb677e08,8,1,0,,
pytorch,executorch,2025-10-01,merged,CONTRIBUTOR,aacdfa15d,35,1,1,1,1
pytorch,executorch,2025-10-01,merged,CONTRIBUTOR,aacdfa15d,1,1,1,0,0
pytorch,executorch,2025-10-01,merged,CONTRIBUTOR,aa11b33e5,2,1,1,15,16
pytorch,executorch,2025-10-01,merged,CONTRIBUTOR,a0a15877f,2154,10,1,1,10
pytorch,executorch,2025-11-01,merged,MEMBER,a9c1e4615,3,1,2,0,18
pytorch,executorch,2025-11-01,closed,CONTRIBUTOR,ad5417e63,629,12,3,3,
pytorch,executorch,2025-11-01,closed,CONTRIBUTOR,a8da6f3e3,0,0,0,,
pytorch,executorch,2025-11-01,merged,COLLABORATOR,af78c7892,65,6,1,4,5
pytorch,executorch,2025-11-01,closed,COLLABORATOR,a880cf85f,33,5,0,,
pytorch,executorch,2025-11-01,merged,CONTRIBUTOR,a89a6f0af,4,1,3,40,71
pytorch,executorch,2025-11-01,merged,CONTRIBUTOR,ab95c0767,26,1,3,17,66
pytorch,executorch,2025-11-01,closed,MEMBER,a9c1e4615,125,4,2,1951,
pytorch,executorch,2025-11-01,closed,CONTRIBUTOR,a38d1b916,2,1,0,,
pytorch,executorch,2025-11-01,merged,CONTRIBUTOR,acb41adbb,46,2,2,3,560
pytorch,executorch,2025-11-01,closed,CONTRIBUTOR,aab967e72,11611,56,0,,
pytorch,executorch,2025-11-01,merged,COLLABORATOR,a1a65264d,71,2,3,9,15
pytorch,executorch,2025-11-01,merged,CONTRIBUTOR,a31232cf7,41,1,1,0,289
pytorch,executorch,2025-11-01,closed,CONTRIBUTOR,a1d8e3118,6,1,3,0,
pytorch,executorch,2025-11-01,merged,CONTRIBUTOR,a7be41a7a,1,1,1,0,2
pytorch,executorch,2025-11-01,closed,CONTRIBUTOR,a31232cf7,2,1,0,,
pytorch,executorch,2025-11-01,merged,CONTRIBUTOR,acb41adbb,48,2,2,156,603
pytorch,executorch,2025-11-01,merged,CONTRIBUTOR,a94528ca4,41,2,7,5,171
pytorch,executorch,2025-11-01,closed,CONTRIBUTOR,acb41adbb,36,2,4,0,
pytorch,executorch,2025-11-01,merged,CONTRIBUTOR,a1d8e3118,298,8,1,23,27
pytorch,executorch,2025-11-01,merged,CONTRIBUTOR,a1d8e3118,33,1,1,23,27
pytorch,executorch,2025-11-01,merged,COLLABORATOR,aeb3ffc19,56,2,1,25,25
pytorch,executorch,2025-11-01,merged,COLLABORATOR,abb677e08,22,4,1,1,1
pytorch,executorch,2025-11-01,merged,COLLABORATOR,a1a65264d,18,1,1,1,3
pytorch,executorch,2025-11-01,merged,COLLABORATOR,a57eebd31,42,7,1,4,73
pytorch,executorch,2025-11-01,merged,CONTRIBUTOR,a1d8e3118,22,4,1,15,15
pytorch,executorch,2025-11-01,closed,CONTRIBUTOR,acb41adbb,36,2,2,0,
pytorch,executorch,2025-11-01,merged,COLLABORATOR,abb677e08,50,2,1,3,3
pytorch,executorch,2025-11-01,merged,COLLABORATOR,abb677e08,434,25,1,2,2
pytorch,executorch,2025-11-01,merged,COLLABORATOR,aeb3ffc19,17,1,1,23,23
pytorch,executorch,2025-11-01,merged,COLLABORATOR,a880cf85f,38,1,1,2,3
pytorch,executorch,2025-11-01,merged,CONTRIBUTOR,ab9aa8009,4,1,1,137,140
pytorch,executorch,2025-11-01,merged,CONTRIBUTOR,a1d8e3118,402,18,1,0,20
pytorch,executorch,2025-11-01,merged,CONTRIBUTOR,a069eaeb7,2,1,1,44,45
pytorch,executorch,2025-11-01,merged,CONTRIBUTOR,acb41adbb,693,10,2,25,733
pytorch,executorch,2025-11-01,merged,CONTRIBUTOR,ab9aa8009,59,2,3,0,151
pytorch,executorch,2025-11-01,merged,COLLABORATOR,aeb3ffc19,186,1,1,8,8
pytorch,executorch,2025-11-01,merged,CONTRIBUTOR,a7cbe33c9,6,1,1,0,6
pytorch,executorch,2025-11-01,merged,COLLABORATOR,abb677e08,146,1,1,52,52
pytorch,executorch,2025-11-01,closed,COLLABORATOR,aeb3ffc19,119,7,5,175,
pytorch,executorch,2025-11-01,merged,COLLABORATOR,aee29be93,516,19,1,62,68
pytorch,executorch,2025-11-01,merged,COLLABORATOR,abb677e08,287,4,1,0,2
pytorch,executorch,2025-11-01,merged,COLLABORATOR,a5018500e,78,1,1,4,199
pytorch,executorch,2025-11-01,merged,COLLABORATOR,aeb3ffc19,131,1,1,27,27
pytorch,executorch,2025-11-01,merged,CONTRIBUTOR,aa11b33e5,193,3,3,13,14
pytorch,executorch,2025-11-01,merged,CONTRIBUTOR,aa01e68fa,139,1,13,0,71
pytorch,executorch,2025-11-01,merged,COLLABORATOR,a80edc684,52,7,1,1995,2004
pytorch,executorch,2025-11-01,merged,CONTRIBUTOR,a1b64b8af,2,1,1,14,164
pytorch,executorch,2025-11-01,merged,CONTRIBUTOR,a1f7edf9a,7,4,3,1,141
pytorch,executorch,2025-11-01,closed,CONTRIBUTOR,ac031d6e3,123,3,0,,
pytorch,executorch,2025-11-01,merged,CONTRIBUTOR,ac031d6e3,167,6,2,0,167
pytorch,executorch,2025-11-01,merged,CONTRIBUTOR,aab967e72,120,3,1,481,481
pytorch,executorch,2025-11-01,merged,CONTRIBUTOR,ad5417e63,21,1,1,13,13
pytorch,executorch,2025-11-01,closed,CONTRIBUTOR,acb41adbb,14,2,4,4,
pytorch,executorch,2025-11-01,merged,COLLABORATOR,a72b791e0,6,2,1,95,95
pytorch,executorch,2025-11-01,merged,COLLABORATOR,a1fcc11b7,6,1,1,0,3
pytorch,executorch,2025-11-01,closed,COLLABORATOR,a47f5b60b,81,7,0,,
pytorch,executorch,2025-11-01,closed,CONTRIBUTOR,ad5417e63,2,1,0,,
pytorch,executorch,2025-11-01,closed,CONTRIBUTOR,ab9aa8009,193,5,2,479,
pytorch,executorch,2025-11-01,closed,CONTRIBUTOR,aab967e72,1,1,0,,
pytorch,executorch,2025-11-01,merged,CONTRIBUTOR,ac5b88731,195,6,1,0,504
pytorch,executorch,2025-11-01,closed,CONTRIBUTOR,a37fca8b9,7,1,1,2,
pytorch,executorch,2025-12-01,merged,CONTRIBUTOR,af6075a1c,1,1,2,0,7
pytorch,executorch,2025-12-01,merged,CONTRIBUTOR,a04b5db0b,129,4,1,4,6
pytorch,executorch,2025-12-01,merged,CONTRIBUTOR,af6075a1c,4,1,2,0,0
pytorch,executorch,2025-12-01,merged,CONTRIBUTOR,a0672f764,18,1,1,0,3
pytorch,executorch,2025-12-01,merged,CONTRIBUTOR,a1d8e3118,154,8,1,19,23
pytorch,executorch,2025-12-01,merged,COLLABORATOR,a1bedd82e,314,7,17,0,743
pytorch,executorch,2025-12-01,merged,COLLABORATOR,a9f7a588a,119,3,3,67,572
pytorch,executorch,2025-12-01,closed,CONTRIBUTOR,a94528ca4,1328,12,0,,
pytorch,executorch,2025-12-01,merged,COLLABORATOR,aeb3ffc19,17,1,1,25,25
pytorch,executorch,2025-12-01,merged,CONTRIBUTOR,a3ca238ff,72,1,1,11,11
pytorch,executorch,2025-12-01,merged,CONTRIBUTOR,a1d8e3118,18,3,2,5,22
pytorch,executorch,2025-12-01,merged,CONTRIBUTOR,ab95c0767,11,1,3,0,3
pytorch,executorch,2025-12-01,merged,CONTRIBUTOR,a140386df,80,3,1,0,3
pytorch,executorch,2025-12-01,merged,CONTRIBUTOR,ad5417e63,868,1,1,147,198
pytorch,executorch,2025-12-01,merged,COLLABORATOR,a72b791e0,463,4,1,23,26
pytorch,executorch,2025-12-01,merged,CONTRIBUTOR,a8a5229a5,2,1,1,3,22
pytorch,executorch,2025-12-01,merged,COLLABORATOR,abb677e08,50,2,1,33,35
pytorch,executorch,2025-12-01,merged,CONTRIBUTOR,ab95c0767,27,2,1,69,76
pytorch,executorch,2025-12-01,merged,CONTRIBUTOR,a069eaeb7,7,1,3,71,76
pytorch,executorch,2025-12-01,merged,CONTRIBUTOR,a37fca8b9,687,2,1,0,143
pytorch,executorch,2025-12-01,merged,CONTRIBUTOR,ab95c0767,119,2,1,93,99
pytorch,executorch,2025-12-01,merged,CONTRIBUTOR,aa11b33e5,40,1,1,0,0
pytorch,executorch,2025-12-01,merged,CONTRIBUTOR,af6075a1c,1205,3,5,0,96
pytorch,executorch,2025-12-01,closed,CONTRIBUTOR,aa0f1524e,175,3,0,,
pytorch,executorch,2025-12-01,merged,CONTRIBUTOR,ab9aa8009,167,5,1,98,103
pytorch,executorch,2025-12-01,closed,CONTRIBUTOR,acb41adbb,1,1,0,,
pytorch,executorch,2025-12-01,merged,COLLABORATOR,aee29be93,81,8,1,531,536
pytorch,executorch,2025-12-01,closed,COLLABORATOR,ad8f5840c,67,3,0,,
pytorch,executorch,2025-12-01,merged,CONTRIBUTOR,a37fca8b9,598,2,1,0,33
pytorch,executorch,2025-12-01,closed,CONTRIBUTOR,aacdfa15d,348,2,9,0,
pytorch,executorch,2025-12-01,closed,CONTRIBUTOR,a13a41d97,96,4,0,,
pytorch,executorch,2025-12-01,closed,CONTRIBUTOR,aacdfa15d,392,3,1,0,
pytorch,executorch,2025-12-01,merged,CONTRIBUTOR,ab95c0767,2,1,1,1,6
pytorch,executorch,2025-12-01,merged,CONTRIBUTOR,a3ca238ff,3,1,1,0,1
pytorch,executorch,2025-12-01,merged,COLLABORATOR,a47f5b60b,294,9,1,15,20
pytorch,executorch,2025-12-01,merged,CONTRIBUTOR,a1d8e3118,50,2,2,69,146
pytorch,executorch,2025-12-01,merged,CONTRIBUTOR,a1d8e3118,70,3,1,62,68
pytorch,executorch,2025-12-01,merged,CONTRIBUTOR,ad5417e63,373,8,1,600,609
pytorch,executorch,2025-12-01,merged,CONTRIBUTOR,a31232cf7,49,1,2,1,27
pytorch,executorch,2025-12-01,merged,COLLABORATOR,a47f5b60b,26,3,1,7,10
pytorch,executorch,2025-12-01,merged,CONTRIBUTOR,a92e5b6d8,169,1,4,0,226
pytorch,executorch,2025-12-01,merged,CONTRIBUTOR,a0672f764,621,7,1,72,82
pytorch,executorch,2025-12-01,merged,CONTRIBUTOR,a0672f764,70,2,1,3,3
pytorch,executorch,2025-12-01,merged,COLLABORATOR,a880cf85f,9,2,3,100,404
pytorch,executorch,2025-12-01,merged,COLLABORATOR,a1a65264d,57,1,1,0,4
pytorch,executorch,2025-12-01,merged,CONTRIBUTOR,a1d8e3118,40,3,1,20,30
pytorch,executorch,2025-12-01,merged,COLLABORATOR,a5018500e,219,11,4,108,787
pytorch,executorch,2025-12-01,merged,COLLABORATOR,a6b17a47b,182,7,2,0,19
pytorch,executorch,2025-12-01,closed,CONTRIBUTOR,ad5417e63,553,23,0,,
pytorch,executorch,2025-12-01,merged,CONTRIBUTOR,a1d8e3118,64,3,1,0,22
pytorch,executorch,2025-12-01,merged,CONTRIBUTOR,a1d8e3118,7,1,1,0,22
pytorch,executorch,2025-12-01,closed,CONTRIBUTOR,ad5417e63,13459,76,0,,
pytorch,executorch,2026-01-01,merged,COLLABORATOR,abb677e08,184,13,1,22,22
pytorch,executorch,2026-01-01,merged,MEMBER,a9c1e4615,7,1,1,0,1
pytorch,executorch,2026-01-01,merged,CONTRIBUTOR,a252ddcd1,14,1,2,1,63
pytorch,executorch,2026-01-01,merged,CONTRIBUTOR,a3ca238ff,96,2,31,153,749
pytorch,executorch,2026-01-01,merged,COLLABORATOR,abb677e08,12604,39,1,0,0
pytorch,executorch,2026-01-01,merged,COLLABORATOR,aa86c4b53,92,6,1,0,70
pytorch,executorch,2026-01-01,merged,COLLABORATOR,aeb3ffc19,3,1,1,3,76
pytorch,executorch,2026-01-01,merged,CONTRIBUTOR,aa35e944c,199,6,2,0,15
pytorch,executorch,2026-01-01,merged,CONTRIBUTOR,afd2ece2f,227,5,1,1,27
pytorch,executorch,2026-01-01,merged,MEMBER,a9c1e4615,3,1,1,0,0
pytorch,executorch,2026-01-01,merged,COLLABORATOR,a1a65264d,177,13,2,0,6
pytorch,executorch,2026-01-01,merged,COLLABORATOR,a47f5b60b,8,1,3,105,136
pytorch,executorch,2026-01-01,merged,COLLABORATOR,abb677e08,96,24,1,0,0
pytorch,executorch,2026-01-01,merged,COLLABORATOR,abb677e08,634,6,1,0,0
pytorch,executorch,2026-01-01,closed,CONTRIBUTOR,a8da6f3e3,203,5,0,,
pytorch,executorch,2026-01-01,merged,COLLABORATOR,abb677e08,473,4,1,0,2
pytorch,executorch,2026-01-01,merged,COLLABORATOR,abb677e08,756,4,1,0,0
pytorch,executorch,2026-01-01,merged,CONTRIBUTOR,aa35e944c,38,6,2,0,25
pytorch,executorch,2026-01-01,merged,CONTRIBUTOR,aa35e944c,40,8,1,0,10
pytorch,executorch,2026-01-01,merged,CONTRIBUTOR,aa35e944c,92,8,3,0,25
pytorch,executorch,2026-01-01,merged,CONTRIBUTOR,a01af665f,302,7,8,0,131
pytorch,executorch,2026-01-01,merged,CONTRIBUTOR,a0672f764,4,2,2,0,46
pytorch,executorch,2026-01-01,merged,CONTRIBUTOR,af7c559e3,12,1,2,0,1
pytorch,executorch,2026-01-01,merged,MEMBER,a9c1e4615,407,7,2,1,1
pytorch,executorch,2026-01-01,closed,CONTRIBUTOR,a3ca238ff,31,2,1,0,
pytorch,executorch,2026-01-01,merged,COLLABORATOR,a9f7a588a,597,10,16,3,244
pytorch,executorch,2026-01-01,merged,COLLABORATOR,a47f5b60b,1,1,2,16,31
pytorch,executorch,2026-01-01,merged,CONTRIBUTOR,a7be41a7a,35,1,2,20,21
pytorch,executorch,2026-01-01,merged,CONTRIBUTOR,a3ca238ff,5,1,3,0,9
pytorch,executorch,2026-01-01,merged,COLLABORATOR,abb677e08,2,1,1,23,23
pytorch,executorch,2026-01-01,merged,CONTRIBUTOR,af41b0f1f,5,1,7,0,133
pytorch,executorch,2026-01-01,merged,CONTRIBUTOR,acbdb4dde,180,2,1,144,747
pytorch,executorch,2026-01-01,closed,CONTRIBUTOR,a7be41a7a,92,3,1,55,
pytorch,executorch,2026-01-01,merged,COLLABORATOR,abf543145,578,8,1,19,33
pytorch,executorch,2026-01-01,merged,CONTRIBUTOR,a1d8e3118,595,22,1,18,52
pytorch,executorch,2026-01-01,merged,CONTRIBUTOR,a1d8e3118,36,4,1,18,52
pytorch,executorch,2026-01-01,merged,CONTRIBUTOR,ab9aa8009,263,6,11,0,145
pytorch,executorch,2026-01-01,merged,CONTRIBUTOR,ad5417e63,93,1,3,1,3
pytorch,executorch,2026-01-01,merged,CONTRIBUTOR,a38d1b916,2502,17,1,1,4
pytorch,executorch,2026-01-01,merged,CONTRIBUTOR,ad5417e63,434,3,1,10,18
pytorch,executorch,2026-01-01,merged,CONTRIBUTOR,aa0f1524e,108,2,1,14,14
pytorch,executorch,2026-01-01,merged,CONTRIBUTOR,a8da6f3e3,9,2,2,0,0
pytorch,executorch,2026-01-01,merged,CONTRIBUTOR,a8da6f3e3,16,1,2,0,1
pytorch,executorch,2026-01-01,closed,CONTRIBUTOR,a7be41a7a,45,8,0,,
pytorch,executorch,2026-01-01,merged,CONTRIBUTOR,a0672f764,58,3,1,0,1
pytorch,executorch,2026-01-01,merged,CONTRIBUTOR,aacdfa15d,2,1,2,0,30
pytorch,executorch,2026-01-01,closed,CONTRIBUTOR,af41b0f1f,5,1,5,0,
pytorch,executorch,2026-01-01,closed,CONTRIBUTOR,a7be41a7a,2,1,0,,
pytorch,executorch,2026-01-01,merged,COLLABORATOR,af78c7892,2,1,1,3,6
pytorch,executorch,2026-01-01,merged,MEMBER,a9c1e4615,35,2,1,99,102
pytorch,executorch,2026-01-01,merged,CONTRIBUTOR,aacdfa15d,27,1,2,0,1
pytorch,executorch,2026-01-01,merged,CONTRIBUTOR,aacdfa15d,59,1,3,0,475
pytorch,executorch,2026-01-01,merged,CONTRIBUTOR,aacdfa15d,97,1,4,0,94
pytorch,executorch,2026-01-01,closed,CONTRIBUTOR,aa35e944c,827,42,1,0,
pytorch,executorch,2026-01-01,closed,CONTRIBUTOR,aa35e944c,1377,27,1,0,
pytorch,executorch,2026-01-01,closed,CONTRIBUTOR,aa35e944c,1318,30,1,0,
pytorch,executorch,2026-01-01,closed,CONTRIBUTOR,aa35e944c,852,32,1,0,
pytorch,executorch,2026-01-01,merged,COLLABORATOR,adb04dad0,114,2,6,125,167
pytorch,executorch,2026-01-01,closed,CONTRIBUTOR,aa35e944c,499,28,1,0,
pytorch,executorch,2026-01-01,merged,CONTRIBUTOR,af6075a1c,8,1,4,0,3
pytorch,executorch,2026-01-01,closed,CONTRIBUTOR,aa35e944c,569,25,1,0,
pytorch,executorch,2026-01-01,closed,CONTRIBUTOR,a7be41a7a,250,3,0,,
pytorch,executorch,2026-01-01,merged,COLLABORATOR,a1a65264d,194,1,3,0,47
pytorch,executorch,2026-01-01,merged,COLLABORATOR,a47f5b60b,2400,41,17,232,495
pytorch,executorch,2026-01-01,merged,CONTRIBUTOR,a252ddcd1,898,9,3,35,230
pytorch,executorch,2026-01-01,closed,CONTRIBUTOR,a8da6f3e3,2295,9,0,,
pytorch,executorch,2026-01-01,merged,CONTRIBUTOR,a7be41a7a,141,3,1,1,1
pytorch,executorch,2026-01-01,merged,COLLABORATOR,a3640c268,1882,65,1,536,536
pytorch,executorch,2026-01-01,closed,CONTRIBUTOR,a8da6f3e3,1563,9,0,,
pytorch,executorch,2026-01-01,merged,CONTRIBUTOR,ad5417e63,96,24,1,510,543
pytorch,executorch,2026-01-01,merged,CONTRIBUTOR,ab3dbe4b9,239,4,3,0,22
pytorch,executorch,2026-01-01,merged,CONTRIBUTOR,aacdfa15d,39,3,5,0,21
pytorch,executorch,2026-01-01,merged,CONTRIBUTOR,ad5417e63,130,3,1,532,558
pytorch,executorch,2026-01-01,merged,CONTRIBUTOR,acb41adbb,2,1,1,0,5
pytorch,executorch,2026-01-01,merged,COLLABORATOR,a202d4eb7,1687,40,7,58,118
pytorch,executorch,2026-02-01,closed,CONTRIBUTOR,a8da6f3e3,64,2,2,0,
pytorch,executorch,2026-02-01,merged,COLLABORATOR,aeb3ffc19,471,48,1,0,1
pytorch,executorch,2026-02-01,closed,CONTRIBUTOR,ab9aa8009,152,7,0,,
pytorch,executorch,2026-02-01,merged,CONTRIBUTOR,af7c559e3,149,3,3,46,46
pytorch,executorch,2026-02-01,closed,CONTRIBUTOR,ab3dbe4b9,0,0,11,1,
pytorch,executorch,2026-02-01,merged,CONTRIBUTOR,a0672f764,121,1,1,0,1
pytorch,executorch,2026-02-01,merged,CONTRIBUTOR,af7c559e3,282,5,2,17,17
pytorch,executorch,2026-02-01,closed,CONTRIBUTOR,af7c559e3,190,6,0,,
pytorch,executorch,2026-02-01,merged,CONTRIBUTOR,af7c559e3,3,1,2,0,1
pytorch,executorch,2026-02-01,merged,CONTRIBUTOR,a1d8e3118,254,8,1,0,4
pytorch,executorch,2026-02-01,merged,CONTRIBUTOR,af7c559e3,98,2,2,1,4
pytorch,executorch,2026-02-01,closed,CONTRIBUTOR,af6075a1c,75,1,3,0,
pytorch,executorch,2026-02-01,merged,CONTRIBUTOR,aacdfa15d,63,1,2,0,98
pytorch,executorch,2026-02-01,closed,CONTRIBUTOR,a7be41a7a,954,5,0,,
pytorch,executorch,2026-02-01,merged,CONTRIBUTOR,ad5417e63,475,4,1,121,125
pytorch,executorch,2026-02-01,merged,CONTRIBUTOR,a3ca238ff,170,2,15,0,90
pytorch,executorch,2026-02-01,merged,CONTRIBUTOR,a0672f764,13,2,1,2,6
pytorch,executorch,2026-02-01,merged,CONTRIBUTOR,a1d8e3118,801,11,1,48,53
pytorch,executorch,2026-02-01,merged,CONTRIBUTOR,a38d1b916,23,2,1,0,27
pytorch,executorch,2026-02-01,merged,COLLABORATOR,abb677e08,3594,29,1,0,1
pytorch,executorch,2026-02-01,merged,COLLABORATOR,a72b791e0,6,2,3,0,237
pytorch,executorch,2026-02-01,merged,CONTRIBUTOR,ab95c0767,22,3,1,67,68
pytorch,executorch,2026-02-01,merged,COLLABORATOR,aee29be93,206,4,1,1,6
pytorch,executorch,2026-02-01,open,CONTRIBUTOR,a0672f764,6,1,0,,
pytorch,executorch,2026-02-01,merged,CONTRIBUTOR,a252ddcd1,272,7,7,9,22
pytorch,executorch,2026-02-01,merged,CONTRIBUTOR,a1d8e3118,758,1,1,1,7
pytorch,executorch,2026-02-01,closed,NONE,a8684a9a2,27,1,0,,
pytorch,executorch,2026-02-01,merged,COLLABORATOR,abb677e08,15,2,1,0,44
pytorch,executorch,2026-02-01,merged,CONTRIBUTOR,aacdfa15d,789,8,3,0,3
pytorch,executorch,2026-02-01,merged,COLLABORATOR,aeb3ffc19,220,20,1,1,17
pytorch,executorch,2026-02-01,merged,CONTRIBUTOR,a252ddcd1,91,3,1,3,3
pytorch,executorch,2026-02-01,merged,CONTRIBUTOR,a1d8e3118,75,6,1,26,44
pytorch,executorch,2026-02-01,merged,CONTRIBUTOR,a140386df,153,3,1,0,7
pytorch,executorch,2026-02-01,merged,CONTRIBUTOR,a38d1b916,589,4,1,0,7
pytorch,executorch,2026-02-01,merged,CONTRIBUTOR,af6075a1c,3,1,2,0,2
pytorch,executorch,2026-02-01,merged,COLLABORATOR,abb677e08,101,2,0,,1
pytorch,executorch,2026-02-01,merged,COLLABORATOR,a202d4eb7,99,3,1,206,206
pytorch,executorch,2026-02-01,open,COLLABORATOR,a90adbde7,278,16,0,,
pytorch,executorch,2026-02-01,merged,CONTRIBUTOR,aabfa0272,172,3,1,0,4
pytorch,executorch,2026-02-01,closed,CONTRIBUTOR,aa35e944c,27,1,1,0,
pytorch,executorch,2026-02-01,closed,CONTRIBUTOR,aa35e944c,19,1,1,0,
pytorch,executorch,2026-02-01,closed,CONTRIBUTOR,aa35e944c,79,5,1,0,
pytorch,executorch,2026-02-01,merged,MEMBER,a9c1e4615,5,2,3,0,2
pytorch,executorch,2026-02-01,closed,CONTRIBUTOR,af7c559e3,235,3,0,,
pytorch,executorch,2026-02-01,closed,CONTRIBUTOR,a3ca238ff,43,1,2,0,
pytorch,executorch,2026-02-01,closed,CONTRIBUTOR,a259d2390,551,11,0,,
pytorch,executorch,2026-02-01,merged,CONTRIBUTOR,a31232cf7,30,1,1,0,3
pytorch,executorch,2026-02-01,merged,CONTRIBUTOR,a1d8e3118,727,7,1,21,27
pytorch,executorch,2026-02-01,closed,CONTRIBUTOR,af7c559e3,161,7,7,0,
pytorch,executorch,2026-02-01,merged,CONTRIBUTOR,aad9a3384,148,5,5,0,1674
pytorch,executorch,2026-02-01,merged,CONTRIBUTOR,ab9aa8009,353,7,2,17,214
pytorch,executorch,2026-02-01,merged,COLLABORATOR,aeb3ffc19,21,2,1,2,4
pytorch,executorch,2026-02-01,merged,COLLABORATOR,a57eebd31,18,1,3,0,121
pytorch,executorch,2026-02-01,merged,CONTRIBUTOR,a500ec4e8,925,2,1,1,7
pytorch,executorch,2026-02-01,merged,CONTRIBUTOR,a500ec4e8,337,2,1,24,30
pytorch,executorch,2026-02-01,merged,CONTRIBUTOR,a38d1b916,222,7,1,0,149
pytorch,executorch,2026-02-01,merged,NONE,ac18b5e8d,59,4,1,0,22
pytorch,executorch,2026-02-01,merged,CONTRIBUTOR,a1d8e3118,3379,26,1,1,45
pytorch,executorch,2026-02-01,closed,NONE,ac18b5e8d,682,8,0,,
pytorch,executorch,2026-02-01,closed,NONE,ac18b5e8d,995,6,0,,
pytorch,executorch,2026-02-01,merged,CONTRIBUTOR,a7be41a7a,5,1,1,0,5
pytorch,executorch,2026-02-01,merged,CONTRIBUTOR,a0c07a800,152,8,9,98,303
pytorch,executorch,2026-03-01,closed,COLLABORATOR,aedd6277e,495,7,6,5,
pytorch,executorch,2026-03-01,merged,CONTRIBUTOR,ad5417e63,378,10,3,510,1394
pytorch,executorch,2026-03-01,merged,CONTRIBUTOR,a604c6cea,3,2,1,15,29
pytorch,executorch,2026-03-01,closed,CONTRIBUTOR,a37fca8b9,18,1,0,,
pytorch,executorch,2026-03-01,open,CONTRIBUTOR,a1496eafe,757,63,0,,
pytorch,executorch,2026-03-01,merged,CONTRIBUTOR,a31232cf7,23,1,1,455,478
pytorch,executorch,2026-03-01,closed,CONTRIBUTOR,a8898cdaa,97,6,0,,
pytorch,executorch,2026-03-01,closed,CONTRIBUTOR,a8da6f3e3,43,4,0,,
pytorch,executorch,2026-03-01,merged,COLLABORATOR,abb677e08,92,2,1,0,0
pytorch,executorch,2026-03-01,closed,CONTRIBUTOR,af6075a1c,16,3,0,,
pytorch,executorch,2026-03-01,closed,NONE,a0c1ddb77,224,7,1,71,
pytorch,executorch,2026-03-01,closed,CONTRIBUTOR,af6075a1c,2,1,0,,
pytorch,executorch,2026-03-01,merged,COLLABORATOR,abb677e08,1,1,1,0,0
pytorch,executorch,2026-03-01,merged,COLLABORATOR,ac4996c47,4,1,9,0,238
pytorch,executorch,2026-03-01,closed,CONTRIBUTOR,a1d8e3118,215,10,0,,
pytorch,executorch,2026-03-01,merged,CONTRIBUTOR,ad5417e63,16,1,1,21,25
pytorch,executorch,2026-03-01,merged,COLLABORATOR,aeb3ffc19,29,2,2,493,507
pytorch,executorch,2026-03-01,merged,CONTRIBUTOR,a3ca238ff,8,1,3,0,0
pytorch,executorch,2026-03-01,closed,CONTRIBUTOR,af6075a1c,42,3,0,,
pytorch,executorch,2026-03-01,merged,CONTRIBUTOR,aacdfa15d,243,2,10,0,70
pytorch,executorch,2026-03-01,merged,COLLABORATOR,abb677e08,145,4,2,0,0
pytorch,executorch,2026-03-01,merged,CONTRIBUTOR,a38d1b916,243,13,4,1,24
pytorch,executorch,2026-03-01,merged,CONTRIBUTOR,a252ddcd1,59,4,7,14,91
pytorch,executorch,2026-03-01,closed,CONTRIBUTOR,af6075a1c,6,2,0,,
pytorch,executorch,2026-03-01,closed,MEMBER,a9c1e4615,6334,62,0,,
pytorch,executorch,2026-03-01,closed,CONTRIBUTOR,a14639054,23,1,0,,
pytorch,executorch,2026-03-01,closed,CONTRIBUTOR,ad5417e63,265,6,0,,
pytorch,executorch,2026-03-01,closed,CONTRIBUTOR,ad5417e63,340,6,0,,
pytorch,executorch,2026-03-01,merged,CONTRIBUTOR,ad5417e63,188,2,2,510,1197
pytorch,executorch,2026-03-01,closed,CONTRIBUTOR,a8da6f3e3,1342,7,0,,
pytorch,executorch,2026-03-01,merged,MEMBER,a9c1e4615,469,9,2,27,47
pytorch,executorch,2026-03-01,merged,CONTRIBUTOR,a1d8e3118,389,8,1,168,177
pytorch,executorch,2026-03-01,merged,CONTRIBUTOR,a1d8e3118,378,9,2,40,177
pytorch,executorch,2026-03-01,merged,CONTRIBUTOR,a3ca238ff,222,1,6,0,11
pytorch,executorch,2026-03-01,merged,CONTRIBUTOR,a0c07a800,52,4,1,4,27
pytorch,executorch,2026-03-01,merged,COLLABORATOR,abb677e08,1473,11,1,6,6
pytorch,executorch,2026-03-01,merged,COLLABORATOR,abb677e08,1940,21,1,6,6
pytorch,executorch,2026-03-01,merged,COLLABORATOR,abb677e08,1949,21,1,6,6
pytorch,executorch,2026-03-01,merged,COLLABORATOR,a57eebd31,2,1,2,0,3
pytorch,executorch,2026-03-01,merged,CONTRIBUTOR,aacdfa15d,8,1,7,0,66
pytorch,executorch,2026-03-01,merged,CONTRIBUTOR,ab95c0767,32,1,1,2,4
pytorch,executorch,2026-03-01,merged,CONTRIBUTOR,a1d8e3118,9,1,1,2,17
pytorch,executorch,2026-03-01,merged,COLLABORATOR,a3640c268,20,3,1,41,234
pytorch,executorch,2026-03-01,closed,CONTRIBUTOR,a3c23856b,535,15,1,0,
pytorch,executorch,2026-03-01,merged,CONTRIBUTOR,a7be41a7a,97,2,1,0,1
pytorch,executorch,2026-03-01,merged,CONTRIBUTOR,a252ddcd1,17,1,1,0,2
pytorch,executorch,2026-03-01,closed,CONTRIBUTOR,a94528ca4,299,2,0,,
pytorch,executorch,2026-03-01,closed,CONTRIBUTOR,aa11b33e5,660,6,0,,
pytorch,executorch,2026-03-01,closed,CONTRIBUTOR,aa11b33e5,1939,21,0,,
pytorch,executorch,2026-03-01,closed,CONTRIBUTOR,aa11b33e5,498,5,0,,
pytorch,executorch,2026-03-01,closed,CONTRIBUTOR,aa11b33e5,61,3,0,,
pytorch,executorch,2026-03-01,closed,CONTRIBUTOR,aa11b33e5,79,3,0,,
pytorch,executorch,2026-03-01,merged,COLLABORATOR,a72b791e0,306,9,1,97,112
pytorch,executorch,2026-03-01,merged,CONTRIBUTOR,a500ec4e8,660,3,1,579,589
pytorch,executorch,2026-03-01,closed,CONTRIBUTOR,aa11b33e5,1690,10,0,,
pytorch,executorch,2026-03-01,closed,CONTRIBUTOR,aa11b33e5,180,5,0,,
pytorch,executorch,2026-03-01,closed,CONTRIBUTOR,aa11b33e5,2003,23,0,,
pytorch,executorch,2026-03-01,closed,CONTRIBUTOR,aa11b33e5,73,2,0,,
pytorch,executorch,2026-03-01,closed,CONTRIBUTOR,aa11b33e5,751,8,0,,
pytorch,executorch,2026-03-01,closed,CONTRIBUTOR,aa11b33e5,4662,16,0,,
pytorch,executorch,2026-03-01,closed,CONTRIBUTOR,aa11b33e5,38,5,0,,
pytorch,executorch,2026-03-01,closed,CONTRIBUTOR,aa11b33e5,2127,21,0,,
pytorch,executorch,2026-03-01,closed,CONTRIBUTOR,aa11b33e5,1276,12,0,,
pytorch,executorch,2026-03-01,closed,CONTRIBUTOR,aa11b33e5,73,4,0,,
pytorch,executorch,2026-03-01,closed,CONTRIBUTOR,aa11b33e5,79,3,0,,
pytorch,executorch,2026-03-01,closed,CONTRIBUTOR,ad5417e63,359,8,0,,
pytorch,executorch,2026-03-01,closed,CONTRIBUTOR,ad5417e63,359,8,0,,
pytorch,executorch,2026-03-01,merged,COLLABORATOR,abb677e08,298,12,1,1,1
pytorch,executorch,2026-03-01,closed,CONTRIBUTOR,ad5417e63,341,11,2,3,
pytorch,executorch,2026-03-01,merged,CONTRIBUTOR,a31232cf7,16,1,1,20,20
pytorch,executorch,2026-03-01,merged,CONTRIBUTOR,a0672f764,117,4,1,4,4
pytorch,executorch,2026-03-01,merged,CONTRIBUTOR,aacdfa15d,18,1,2,0,5
pytorch,executorch,2026-03-01,merged,COLLABORATOR,af78c7892,101,2,1,2,22
pytorch,executorch,2026-03-01,merged,CONTRIBUTOR,a31232cf7,25,1,1,0,1
pytorch,executorch,2026-03-01,merged,COLLABORATOR,a9f7a588a,1120,28,1,55,189
pytorch,executorch,2026-03-01,merged,COLLABORATOR,aedd6277e,59,1,1,6,45
pytorch,executorch,2026-03-01,merged,COLLABORATOR,abb677e08,346,11,1,6,6
pytorch,executorch,2026-03-01,closed,CONTRIBUTOR,a1b002ebd,51,2,10,0,
pytorch,executorch,2026-03-01,merged,CONTRIBUTOR,a1b002ebd,1070,20,20,0,73
pytorch,executorch,2026-03-01,merged,COLLABORATOR,aeb3ffc19,407,12,2,57,64
pytorch,executorch,2026-03-01,merged,CONTRIBUTOR,ad5417e63,120,3,1,646,1482
pytorch,executorch,2026-03-01,closed,NONE,a04490a3c,164,12,3,52,
pytorch,executorch,2026-03-01,merged,CONTRIBUTOR,a7be41a7a,17,1,1,14,38
pytorch,executorch,2026-03-01,merged,CONTRIBUTOR,ae7655622,5,2,2,0,8
pytorch,executorch,2026-03-01,merged,CONTRIBUTOR,a7be41a7a,1765,9,1,18,22
pytorch,executorch,2026-03-01,merged,COLLABORATOR,a57eebd31,18,1,3,0,6
pytorch,executorch,2026-03-01,merged,COLLABORATOR,a7037bcb1,17,2,1,4,5
pytorch,executorch,2026-03-01,merged,CONTRIBUTOR,af6075a1c,1,1,2,0,11
pytorch,executorch,2026-03-01,merged,CONTRIBUTOR,af6075a1c,18,5,1,0,3
pytorch,executorch,2026-03-01,merged,COLLABORATOR,abf543145,69,4,1,14,17
pytorch,executorch,2026-03-01,merged,COLLABORATOR,ab2e6866c,590,7,1,88,98
pytorch,executorch,2026-03-01,merged,CONTRIBUTOR,aacdfa15d,617,5,13,0,149
pytorch,executorch,2026-03-01,merged,CONTRIBUTOR,aacdfa15d,1554,11,28,124,167
pytorch,executorch,2026-03-01,merged,CONTRIBUTOR,a1d8e3118,3696,30,1,0,13
pytorch,executorch,2026-03-01,merged,CONTRIBUTOR,a3ca238ff,172,2,3,0,8
pytorch,executorch,2026-03-01,merged,COLLABORATOR,a72b791e0,166,5,1,0,20
pytorch,executorch,2026-03-01,merged,CONTRIBUTOR,af6075a1c,151,4,4,0,17
pytorch,executorch,2026-03-01,closed,CONTRIBUTOR,af6075a1c,21433,283,3,0,
pytorch,executorch,2026-03-01,closed,CONTRIBUTOR,a8da6f3e3,27,1,0,,
pytorch,executorch,2026-03-01,merged,NONE,af171bd1d,2619,20,18,0,1881
pytorch,executorch,2026-03-01,merged,CONTRIBUTOR,a0c07a800,2,1,1,1,5
pytorch,executorch,2026-03-01,merged,COLLABORATOR,abb677e08,151,4,1,0,0
pytorch,executorch,2026-03-01,merged,MEMBER,a9c1e4615,553,11,1,1,25
pytorch,executorch,2026-03-01,merged,COLLABORATOR,abb677e08,2834,66,1,0,0
pytorch,executorch,2026-03-01,merged,COLLABORATOR,abb677e08,2827,65,1,0,0
pytorch,executorch,2026-03-01,merged,COLLABORATOR,abb677e08,2700,59,1,0,0
pytorch,executorch,2026-03-01,merged,COLLABORATOR,abb677e08,2686,56,1,0,0
pytorch,executorch,2026-03-01,merged,COLLABORATOR,abb677e08,685,24,1,0,0
pytorch,executorch,2026-03-01,merged,CONTRIBUTOR,ad5417e63,17,1,1,1,4
pytorch,executorch,2026-03-01,closed,CONTRIBUTOR,a14639054,261,1,0,,
pytorch,executorch,2026-03-01,merged,COLLABORATOR,ab2e6866c,123,3,1,1,11
pytorch,executorch,2026-03-01,merged,CONTRIBUTOR,a3ca238ff,472,3,3,0,10
pytorch,executorch,2026-03-01,merged,COLLABORATOR,abb677e08,2132,12,1,1,1
pytorch,executorch,2026-03-01,merged,CONTRIBUTOR,a3ca238ff,60,2,2,0,12
pytorch,executorch,2026-03-01,closed,CONTRIBUTOR,a17406ee3,2,1,1,0,
pytorch,executorch,2026-03-01,closed,CONTRIBUTOR,a0542b291,29,1,0,,
pytorch,executorch,2026-03-01,merged,CONTRIBUTOR,ad5417e63,347,5,1,291,680
pytorch,executorch,2026-03-01,merged,CONTRIBUTOR,a1d8e3118,838,6,1,97,195
pytorch,executorch,2026-03-01,merged,COLLABORATOR,abb677e08,5,1,1,0,0
pytorch,executorch,2026-03-01,merged,CONTRIBUTOR,a1d8e3118,69,3,1,13,17
pytorch,executorch,2026-03-01,closed,COLLABORATOR,ad8f5840c,256,8,2,11,
pytorch,executorch,2026-03-01,merged,CONTRIBUTOR,a252ddcd1,174,4,4,4,76
pytorch,executorch,2026-04-01,closed,NONE,a40c5c9e2,537,4,0,,
pytorch,executorch,2026-04-01,merged,CONTRIBUTOR,a4e283c3a,8,1,2,0,17
pytorch,executorch,2026-04-01,merged,CONTRIBUTOR,a9978fd98,26,5,1,8,30
pytorch,executorch,2026-04-01,merged,CONTRIBUTOR,a4e283c3a,2,1,2,0,4
pytorch,executorch,2026-04-01,merged,COLLABORATOR,a880cf85f,8,2,3,0,5
pytorch,executorch,2026-04-01,merged,CONTRIBUTOR,aacff657d,19,9,1,118,121
pytorch,executorch,2026-04-01,merged,COLLABORATOR,abb677e08,347,5,1,0,3
pytorch,executorch,2026-04-01,merged,COLLABORATOR,abb677e08,1,1,1,0,0
pytorch,executorch,2026-04-01,merged,NONE,a0ec53622,104,4,4,67,599
pytorch,executorch,2026-04-01,closed,NONE,a09d28777,36,2,0,,
pytorch,executorch,2026-04-01,closed,NONE,a09d28777,9154,9,1,78,
pytorch,executorch,2026-04-01,merged,CONTRIBUTOR,a32bc7b2e,128,8,10,0,1430
pytorch,executorch,2026-04-01,merged,CONTRIBUTOR,ab9aa8009,268,1,2,0,8
pytorch,executorch,2026-04-01,merged,NONE,a0104a007,2446,23,33,0,532
pytorch,executorch,2026-04-01,open,NONE,ac16c4698,12,3,3,0,
pytorch,executorch,2026-04-01,merged,CONTRIBUTOR,a983b6cd1,2,1,1,1062,1062
pytorch,executorch,2026-04-01,merged,CONTRIBUTOR,aacdfa15d,198,15,5,0,94
pytorch,executorch,2026-04-01,closed,CONTRIBUTOR,a983b6cd1,2,1,0,,
pytorch,executorch,2026-04-01,merged,CONTRIBUTOR,a3ca238ff,26,2,2,0,2
pytorch,executorch,2026-04-01,closed,CONTRIBUTOR,a38d1b916,25,1,0,,
pytorch,executorch,2026-04-01,merged,CONTRIBUTOR,a9c915c0e,133,2,1,139,142
pytorch,executorch,2026-04-01,merged,COLLABORATOR,a80edc684,18,1,1,410,410
pytorch,executorch,2026-04-01,merged,CONTRIBUTOR,a1d8e3118,130,1,1,73,76
pytorch,executorch,2026-04-01,merged,CONTRIBUTOR,acf8462ab,99,1,1,2,5
pytorch,executorch,2026-04-01,closed,CONTRIBUTOR,a37fca8b9,1141,7,0,,
pytorch,executorch,2026-04-01,closed,CONTRIBUTOR,a37fca8b9,916,5,0,,
pytorch,executorch,2026-04-01,merged,COLLABORATOR,a202d4eb7,1526,35,7,618,699
pytorch,executorch,2026-04-01,merged,CONTRIBUTOR,a7be41a7a,7,2,1,2,3
pytorch,executorch,2026-04-01,merged,CONTRIBUTOR,aacdfa15d,198,15,2,0,0
pytorch,executorch,2026-04-01,closed,NONE,a6a636143,2,1,1,0,
pytorch,executorch,2026-04-01,closed,COLLABORATOR,aee29be93,13507,144,0,,
pytorch,executorch,2026-04-01,merged,CONTRIBUTOR,af7c559e3,2473,10,5,0,556
pytorch,executorch,2026-04-01,merged,CONTRIBUTOR,ab42ee0b5,1427,51,56,95,1303
pytorch,executorch,2026-04-01,merged,NONE,aab40c50b,16,1,2,0,13
pytorch,executorch,2026-04-01,closed,NONE,a16542382,178,2,5,85,
pytorch,executorch,2026-04-01,merged,COLLABORATOR,a47f5b60b,828,13,4,15,23
pytorch,executorch,2026-04-01,merged,CONTRIBUTOR,a4e283c3a,1960,12,3,71,95
pytorch,executorch,2026-04-01,closed,CONTRIBUTOR,ab9aa8009,61,7,1,0,
pytorch,executorch,2026-04-01,merged,COLLABORATOR,a3048e07e,5,1,1,1,1
pytorch,executorch,2026-04-01,merged,CONTRIBUTOR,ad5417e63,403,10,0,,1579
pytorch,executorch,2026-04-01,merged,CONTRIBUTOR,ab9aa8009,4,1,4,0,142
pytorch,executorch,2026-04-01,merged,CONTRIBUTOR,a159f5c60,848,7,1,3,10
pytorch,executorch,2026-04-01,merged,COLLABORATOR,a7037bcb1,589,12,2,302,368
pytorch,executorch,2026-04-01,closed,CONTRIBUTOR,ad5417e63,448,4,2,166,
pytorch,executorch,2026-04-01,closed,CONTRIBUTOR,af7c559e3,1320,9,1,0,
pytorch,executorch,2026-04-01,merged,CONTRIBUTOR,a9b3ef0fa,6,1,1,1,4
pytorch,executorch,2026-04-01,closed,CONTRIBUTOR,acb41adbb,929,3,0,,
pytorch,executorch,2026-04-01,closed,CONTRIBUTOR,acb41adbb,741,3,0,,
pytorch,executorch,2026-04-01,closed,CONTRIBUTOR,acb41adbb,3,2,0,,
pytorch,executorch,2026-04-01,closed,CONTRIBUTOR,a12451f73,2470,111,1,0,
pytorch,executorch,2026-04-01,closed,NONE,aa5a21914,4,1,0,,
pytorch,executorch,2026-04-01,merged,CONTRIBUTOR,a38d1b916,1135,7,1,0,24
pytorch,executorch,2026-04-01,merged,CONTRIBUTOR,ab9aa8009,42,5,2,0,154
pytorch,executorch,2026-04-01,merged,CONTRIBUTOR,ad5417e63,555,6,15,11,206
pytorch,executorch,2026-04-01,open,CONTRIBUTOR,a983b6cd1,2,1,0,,
pytorch,executorch,2026-04-01,closed,CONTRIBUTOR,acb41adbb,467,3,1,0,
pytorch,executorch,2026-04-01,closed,CONTRIBUTOR,acb41adbb,667,5,1,0,
pytorch,executorch,2026-04-01,merged,CONTRIBUTOR,a1d8e3118,27,5,1,0,3
pytorch,executorch,2026-04-01,merged,CONTRIBUTOR,ad5417e63,15,2,3,1,2
pytorch,executorch,2026-04-01,merged,CONTRIBUTOR,af6075a1c,335,4,2,146,147
pytorch,executorch,2026-04-01,merged,CONTRIBUTOR,af6075a1c,15,2,2,0,147
pytorch,executorch,2026-04-01,merged,CONTRIBUTOR,ad5417e63,799,5,6,165,313
pytorch,executorch,2026-05-01,merged,COLLABORATOR,a1fcc11b7,115,2,3,0,17
pytorch,executorch,2026-05-01,closed,CONTRIBUTOR,a0104a007,2091,14,12,283,
pytorch,executorch,2026-05-01,merged,CONTRIBUTOR,a7be41a7a,16,3,2,0,0
pytorch,executorch,2026-05-01,merged,CONTRIBUTOR,a38d1b916,1989,15,6,1,23
pytorch,executorch,2026-05-01,merged,CONTRIBUTOR,a3ca238ff,551,2,3,0,4
pytorch,executorch,2026-05-01,merged,CONTRIBUTOR,a7be41a7a,12,3,3,1,1
pytorch,executorch,2026-05-01,closed,CONTRIBUTOR,a0c07a800,0,0,1,1,
pytorch,executorch,2026-05-01,merged,COLLABORATOR,a3640c268,1119,17,3,304,449
pytorch,executorch,2026-05-01,merged,CONTRIBUTOR,a252ddcd1,249,8,3,305,314
pytorch,executorch,2026-05-01,merged,CONTRIBUTOR,a7be41a7a,172,8,1,1,1
pytorch,executorch,2026-05-01,merged,COLLABORATOR,a80edc684,2,1,1,9,11
pytorch,executorch,2026-05-01,merged,CONTRIBUTOR,aa11b33e5,14,3,1,0,0
pytorch,executorch,2026-05-01,merged,CONTRIBUTOR,a1d8e3118,1,1,1,17,21
pytorch,executorch,2026-05-01,closed,CONTRIBUTOR,a1d8e3118,2,1,0,,
pytorch,executorch,2026-05-01,merged,CONTRIBUTOR,af7c559e3,999,11,2,0,12
pytorch,executorch,2026-05-01,merged,COLLABORATOR,a9f7a588a,138,4,1,63,71
pytorch,executorch,2026-05-01,merged,CONTRIBUTOR,af7c559e3,40,4,2,0,15
pytorch,executorch,2026-05-01,merged,CONTRIBUTOR,ad5417e63,425,6,1,0,0
pytorch,executorch,2026-05-01,merged,CONTRIBUTOR,ad5417e63,376,8,1,0,0
pytorch,executorch,2026-05-01,merged,CONTRIBUTOR,ab95c0767,266,2,1,164,194
pytorch,executorch,2026-05-01,closed,CONTRIBUTOR,a38d1b916,79,4,0,,
pytorch,executorch,2026-05-01,merged,CONTRIBUTOR,ab95c0767,291,6,1,141,174
pytorch,executorch,2026-05-01,closed,CONTRIBUTOR,aacdfa15d,7598,34,0,,
pytorch,executorch,2026-05-01,merged,COLLABORATOR,a550e14b3,1116,5,8,19,361
pytorch,executorch,2026-05-01,merged,CONTRIBUTOR,a87aeb2b5,222,18,1,328,368
pytorch,executorch,2026-05-01,closed,CONTRIBUTOR,a31232cf7,2,1,1,167,
pytorch,executorch,2026-05-01,merged,COLLABORATOR,a04c943a3,10,4,3,0,9
pytorch,executorch,2026-05-01,merged,CONTRIBUTOR,a38d1b916,1403,85,1,17,19
pytorch,executorch,2026-05-01,merged,CONTRIBUTOR,a38d1b916,96,4,1,0,1
pytorch,executorch,2026-05-01,merged,COLLABORATOR,aeb3ffc19,15,3,1,6,17
pytorch,executorch,2026-05-01,merged,COLLABORATOR,aeb3ffc19,38,6,1,1,18
pytorch,executorch,2026-05-01,merged,CONTRIBUTOR,ac5b88731,163,5,2,373,508
pytorch,executorch,2026-05-01,closed,CONTRIBUTOR,af7c559e3,210,46,0,,
pytorch,executorch,2026-05-01,merged,CONTRIBUTOR,a6d432659,352,8,5,75,118
pytorch,executorch,2026-05-01,merged,NONE,a2b008ebc,172,5,1,88,92
pytorch,executorch,2026-05-01,merged,CONTRIBUTOR,a983b6cd1,21,1,1,87,99
pytorch,executorch,2026-05-01,merged,COLLABORATOR,abb677e08,63,7,1,89,89
pytorch,executorch,2026-05-01,closed,CONTRIBUTOR,a1d8e3118,1541,11,0,,
pytorch,executorch,2026-05-01,merged,CONTRIBUTOR,a1d8e3118,495,22,1,0,5
pytorch,executorch,2026-05-01,merged,COLLABORATOR,abb677e08,11,1,0,,120
pytorch,executorch,2026-05-01,open,CONTRIBUTOR,a4e85a3eb,862,13,0,,
pytorch,executorch,2026-05-01,merged,CONTRIBUTOR,a7be41a7a,136,7,1,0,53
pytorch,executorch,2026-05-01,merged,CONTRIBUTOR,ad5417e63,4,1,2,9,9
pytorch,executorch,2026-05-01,merged,COLLABORATOR,a1bedd82e,470,25,33,68,498
pytorch,executorch,2026-05-01,closed,MEMBER,a9c1e4615,267,22,0,,
pytorch,executorch,2026-05-01,merged,CONTRIBUTOR,a252ddcd1,401,10,15,5,44
pytorch,executorch,2026-05-01,closed,CONTRIBUTOR,a1496eafe,1182,8,0,,
pytorch,executorch,2026-05-01,merged,CONTRIBUTOR,a37fca8b9,936,7,2,6,9
pytorch,executorch,2026-05-01,closed,COLLABORATOR,ad655184d,100,6,0,,
pytorch,executorch,2026-05-01,merged,COLLABORATOR,a72b791e0,15,7,2,0,49
pytorch,executorch,2026-05-01,merged,CONTRIBUTOR,a44c0ded0,32,3,1,48,48
pytorch,executorch,2026-05-01,merged,COLLABORATOR,abb677e08,1184,13,1,1,1
pytorch,executorch,2026-05-01,merged,COLLABORATOR,abb677e08,426,13,1,4,4
pytorch,executorch,2026-05-01,closed,MEMBER,aeabdc817,26,7,1,0,
pytorch,executorch,2026-05-01,open,MEMBER,aeabdc817,74,7,1,0,
pytorch,executorch,2026-05-01,closed,MEMBER,aeabdc817,1101,5,1,0,
pytorch,executorch,2026-05-01,closed,MEMBER,aeabdc817,102,5,1,0,
pytorch,executorch,2026-05-01,open,MEMBER,aeabdc817,124,5,1,0,
pytorch,executorch,2026-05-01,closed,MEMBER,aeabdc817,110,7,1,0,
pytorch,executorch,2026-05-01,merged,CONTRIBUTOR,a983b6cd1,145,6,2,0,65
pytorch,executorch,2026-05-01,open,CONTRIBUTOR,a619ab9b4,15,1,0,,
pytorch,executorch,2026-05-01,merged,CONTRIBUTOR,a1d8e3118,355,8,1,1,8
pytorch,executorch,2026-05-01,merged,COLLABORATOR,a57eebd31,128,2,2,0,74
pytorch,executorch,2026-05-01,merged,CONTRIBUTOR,a3ca238ff,2,1,2,0,0
pytorch,executorch,2026-05-01,merged,CONTRIBUTOR,a252ddcd1,5,1,1,19,19
pytorch,executorch,2026-05-01,closed,CONTRIBUTOR,a983b6cd1,4,1,0,,
pytorch,executorch,2026-05-01,merged,COLLABORATOR,aeb3ffc19,7,2,1,3,97
pytorch,executorch,2026-05-01,closed,CONTRIBUTOR,a4e283c3a,607,7,5,131,
pytorch,executorch,2026-05-01,merged,CONTRIBUTOR,a4e283c3a,2,1,2,12,13
pytorch,executorch,2026-05-01,merged,CONTRIBUTOR,a252ddcd1,160,28,1,16,17
pytorch,executorch,2026-05-01,merged,CONTRIBUTOR,a252ddcd1,30,1,3,18,24
pytorch,executorch,2026-05-01,merged,CONTRIBUTOR,a7be41a7a,7,1,1,0,0
pytorch,executorch,2026-05-01,merged,CONTRIBUTOR,a3ca238ff,18,2,2,0,1
pytorch,executorch,2026-05-01,merged,CONTRIBUTOR,a252ddcd1,29,1,1,3,3
pytorch,executorch,2026-05-01,merged,CONTRIBUTOR,a7be41a7a,14,1,1,1,1
pytorch,executorch,2026-05-01,merged,CONTRIBUTOR,a609919a3,98,7,3,230,343
pytorch,executorch,2026-05-01,closed,CONTRIBUTOR,a7be41a7a,2,1,1,11,
pytorch,executorch,2026-05-01,merged,CONTRIBUTOR,a31232cf7,91,2,1,48,49
pytorch,executorch,2026-05-01,merged,CONTRIBUTOR,aa0f1524e,11,1,1,21,25
pytorch,executorch,2026-05-01,closed,CONTRIBUTOR,a252ddcd1,34,1,1,1531,
pytorch,executorch,2026-05-01,merged,CONTRIBUTOR,a252ddcd1,2,1,1,73,74
pytorch,executorch,2026-05-01,closed,MEMBER,a9c1e4615,54,2,0,,
pytorch,executorch,2026-05-01,closed,CONTRIBUTOR,a16542382,432,3,0,,
pytorch,executorch,2026-06-01,merged,CONTRIBUTOR,aacff657d,16,1,1,0,5
pytorch,executorch,2026-06-01,open,CONTRIBUTOR,ad5417e63,2552,12,0,,
pytorch,executorch,2026-06-01,merged,COLLABORATOR,a9f7a588a,4003,48,6,1,143
pytorch,executorch,2026-06-01,closed,COLLABORATOR,a6b17a47b,8738,43,1,0,
pytorch,executorch,2026-06-01,merged,CONTRIBUTOR,a3756e190,65,1,1,4,7
pytorch,executorch,2026-06-01,merged,CONTRIBUTOR,ad5417e63,414,5,2,0,5
pytorch,executorch,2026-06-01,closed,CONTRIBUTOR,a45d990de,240,15,0,,
pytorch,executorch,2026-06-01,merged,COLLABORATOR,a72b791e0,77,2,1,5,18
pytorch,executorch,2026-06-01,closed,CONTRIBUTOR,af7c559e3,11,1,1,0,
pytorch,executorch,2026-06-01,merged,CONTRIBUTOR,a0c07a800,690,7,1,24,133
pytorch,executorch,2026-06-01,merged,CONTRIBUTOR,ab95c0767,84,2,1,23,82
pytorch,executorch,2026-06-01,closed,CONTRIBUTOR,aacdfa15d,1455,14,0,,
pytorch,executorch,2026-06-01,merged,CONTRIBUTOR,a1d8e3118,367,9,1,1,26
pytorch,executorch,2026-06-01,merged,CONTRIBUTOR,ad5417e63,731,7,1,0,26
pytorch,executorch,2026-06-01,merged,COLLABORATOR,a7037bcb1,179,2,3,0,4
pytorch,executorch,2026-06-01,merged,CONTRIBUTOR,a500ec4e8,29,2,1,23,34
pytorch,executorch,2026-06-01,closed,CONTRIBUTOR,aacdfa15d,1494,11,0,,
pytorch,executorch,2026-06-01,open,CONTRIBUTOR,a252ddcd1,294,6,0,,
pytorch,executorch,2026-06-01,merged,CONTRIBUTOR,a87aeb2b5,442,17,1,255,255
pytorch,executorch,2026-06-01,merged,CONTRIBUTOR,a87aeb2b5,547,13,1,182,183
pytorch,executorch,2026-06-01,merged,CONTRIBUTOR,a38d1b916,6,2,1,0,0
pytorch,executorch,2026-06-01,merged,CONTRIBUTOR,a1d8e3118,2064,13,1,134,136
pytorch,executorch,2026-06-01,merged,COLLABORATOR,a72b791e0,914,2,1,0,3
pytorch,executorch,2026-06-01,merged,COLLABORATOR,aee29be93,122,5,1,73,73
pytorch,executorch,2026-06-01,merged,CONTRIBUTOR,a45d990de,517,5,1,63,110
pytorch,executorch,2026-06-01,merged,CONTRIBUTOR,a45d990de,52,1,1,23,24
pytorch,executorch,2026-06-01,merged,NONE,a79675b04,833,26,3,71,401
pytorch,executorch,2026-06-01,merged,COLLABORATOR,aee29be93,233,10,1,1,24
pytorch,executorch,2026-06-01,merged,CONTRIBUTOR,ad5417e63,430,3,4,40,69
pytorch,executorch,2026-06-01,merged,CONTRIBUTOR,ad5417e63,61,2,1,13,72
pytorch,executorch,2026-06-01,merged,COLLABORATOR,abb677e08,41,2,1,0,1
pytorch,executorch,2026-06-01,open,CONTRIBUTOR,a619ab9b4,15,1,0,,
pytorch,executorch,2026-06-01,merged,CONTRIBUTOR,a1bedd82e,526,7,9,173,286
pytorch,executorch,2026-06-01,merged,CONTRIBUTOR,ad5417e63,712,15,0,,35
pytorch,executorch,2026-06-01,merged,COLLABORATOR,a57eebd31,7,1,2,0,8
pytorch,executorch,2026-06-01,merged,CONTRIBUTOR,a3ca238ff,2511,22,22,0,179
pytorch,executorch,2026-06-01,merged,COLLABORATOR,a1fcc11b7,1272,2,4,0,17
pytorch,executorch,2026-06-01,merged,COLLABORATOR,aeb3ffc19,6,1,1,1,9
pytorch,executorch,2026-06-01,merged,COLLABORATOR,a1fcc11b7,188,5,6,0,312
pytorch,executorch,2026-06-01,merged,CONTRIBUTOR,ad5417e63,712,15,1,0,0
pytorch,executorch,2026-06-01,merged,CONTRIBUTOR,aacdfa15d,260,6,4,0,73
pytorch,executorch,2026-06-01,merged,CONTRIBUTOR,a232f0f65,27,2,1,76,78
pytorch,executorch,2026-06-01,open,MEMBER,a9c1e4615,979,10,1,283,
pytorch,executorch,2026-06-01,open,MEMBER,a9c1e4615,155,3,0,,
pytorch,executorch,2026-06-01,open,MEMBER,a9c1e4615,380,3,0,,
pytorch,executorch,2026-06-01,merged,CONTRIBUTOR,a45d990de,440,6,1,209,231
pytorch,executorch,2026-06-01,merged,COLLABORATOR,abb677e08,4076,23,1,0,0
pytorch,executorch,2026-06-01,closed,CONTRIBUTOR,aa11b33e5,48,2,1,0,
pytorch,executorch,2026-06-01,merged,CONTRIBUTOR,ac5b88731,4,1,1,3,3
pytorch,executorch,2026-06-01,merged,COLLABORATOR,af78c7892,108,2,2,0,218
pytorch,executorch,2026-06-01,merged,CONTRIBUTOR,a252ddcd1,96,3,2,15,28
pytorch,executorch,2026-06-01,open,CONTRIBUTOR,a619ab9b4,240,2,0,,
pytorch,executorch,2026-06-01,merged,COLLABORATOR,a3640c268,18,2,1,28,118
pytorch,executorch,2026-06-01,merged,COLLABORATOR,a9f7a588a,378,5,3,51,312
pytorch,executorch,2026-06-01,merged,COLLABORATOR,a9f7a588a,498,2,3,50,309
pytorch,executorch,2026-06-01,closed,CONTRIBUTOR,a45d990de,1149,13,1,25,
pytorch,executorch,2026-06-01,merged,CONTRIBUTOR,ad5417e63,119,2,4,0,122
pytorch,executorch,2026-06-01,merged,CONTRIBUTOR,a45d990de,90,3,1,188,197
pytorch,executorch,2026-06-01,merged,CONTRIBUTOR,a45d990de,77,3,1,188,207
pytorch,executorch,2026-06-01,merged,CONTRIBUTOR,a85d35868,8,1,1,2,15
pytorch,executorch,2026-06-01,merged,COLLABORATOR,aee29be93,313,10,1,8,9
pytorch,executorch,2026-06-01,open,COLLABORATOR,ac4996c47,222,2,2,0,
pytorch,executorch,2026-06-01,merged,COLLABORATOR,a880cf85f,7,1,2,0,1
pytorch,executorch,2026-06-01,closed,CONTRIBUTOR,a9b3ef0fa,0,0,0,,
pytorch,executorch,2026-06-01,merged,CONTRIBUTOR,a837fd0a1,137,2,3,109,1154
pytorch,executorch,2026-06-01,closed,CONTRIBUTOR,a1d8e3118,799,7,1,265,
pytorch,executorch,2026-06-01,closed,CONTRIBUTOR,a1d8e3118,54,5,1,265,
pytorch,executorch,2026-06-01,merged,CONTRIBUTOR,ad5417e63,794,3,2,99,107
pytorch,executorch,2026-06-01,merged,CONTRIBUTOR,a609919a3,340,13,1,85,85
pytorch,executorch,2026-06-01,merged,CONTRIBUTOR,a9b3ef0fa,64,1,1,93,95
pytorch,executorch,2026-06-01,merged,CONTRIBUTOR,a45d990de,356,6,1,188,216
pytorch,executorch,2026-06-01,merged,CONTRIBUTOR,a38d1b916,103,2,1,0,99
pytorch,executorch,2026-06-01,merged,MEMBER,aeabdc817,463,49,4,0,311
pytorch,executorch,2026-06-01,merged,CONTRIBUTOR,a45d990de,428,5,1,141,152
pytorch,executorch,2026-06-01,merged,MEMBER,aeabdc817,991,72,2,0,477
pytorch,executorch,2026-06-01,merged,CONTRIBUTOR,a38d1b916,949,15,2,93,116
pytorch,executorch,2026-06-01,open,NONE,a4d050687,45,2,0,,
pytorch,executorch,2026-06-01,merged,COLLABORATOR,abb677e08,1585,15,2,9,11
pytorch,executorch,2026-06-01,merged,CONTRIBUTOR,a94cbb390,21,1,3,0,37
pytorch,executorch,2026-06-01,open,CONTRIBUTOR,aeac7bc7f,45,11,0,,
pytorch,executorch,2026-06-01,merged,COLLABORATOR,a550e14b3,551,4,1,0,1
pytorch,executorch,2026-06-01,merged,CONTRIBUTOR,a8207af66,14,2,1,8,25
pytorch,executorch,2026-06-01,closed,CONTRIBUTOR,a3756e190,36,3,1,0,
pytorch,executorch,2026-06-01,merged,COLLABORATOR,a3640c268,41,3,1,308,308
pytorch,executorch,2026-06-01,merged,COLLABORATOR,a5018500e,499,25,1,3,51
pytorch,executorch,2026-06-01,open,CONTRIBUTOR,ad5417e63,2998,93,0,,
pytorch,executorch,2026-06-01,closed,NONE,a60b85fe4,380,14,0,,
pytorch,executorch,2026-06-01,merged,CONTRIBUTOR,adc0950e0,415,1,2,19,295
pytorch,executorch,2026-06-01,merged,COLLABORATOR,abb677e08,190,6,0,,0
pytorch,executorch,2026-06-01,merged,CONTRIBUTOR,ad5417e63,201,2,1,15,15
pytorch,executorch,2026-06-01,merged,COLLABORATOR,abf543145,121,3,1,1,1
pytorch,executorch,2026-06-01,open,COLLABORATOR,af78c7892,506,10,7,0,
pytorch,executorch,2026-06-01,merged,COLLABORATOR,abb677e08,1137,20,0,,10
pytorch,executorch,2026-06-01,merged,COLLABORATOR,a1a65264d,37,2,1,1,3
pytorch,executorch,2026-06-01,merged,COLLABORATOR,aee29be93,535,12,1,0,69
pytorch,executorch,2026-06-01,merged,COLLABORATOR,a7a0d0497,858,14,9,63,139
pytorch,executorch,2026-06-01,open,NONE,aed574800,1,1,2,0,
pytorch,executorch,2026-06-01,merged,NONE,,104,1,1,100,145
pytorch,executorch,2026-06-01,merged,NONE,,11,2,1,46,47
pytorch,executorch,2026-06-01,open,CONTRIBUTOR,a1d8e3118,150,1,0,,
pytorch,executorch,2026-06-01,closed,CONTRIBUTOR,a983b6cd1,2,1,1,0,
pytorch,executorch,2026-06-01,closed,CONTRIBUTOR,a983b6cd1,2,1,1,0,
pytorch,executorch,2026-06-01,merged,NONE,,32,3,1,0,1
pytorch,executorch,2026-06-01,merged,CONTRIBUTOR,a3ca238ff,123,4,5,0,13
pytorch,executorch,2026-06-01,merged,CONTRIBUTOR,a38d1b916,91,4,2,0,1
pytorch,executorch,2026-06-01,closed,CONTRIBUTOR,a983b6cd1,2,1,0,,
pytorch,executorch,2026-06-01,merged,NONE,,4,1,1,48,92
pytorch,executorch,2026-07-01,merged,CONTRIBUTOR,a38d1b916,152,3,1,0,0
pytorch,executorch,2026-07-01,merged,COLLABORATOR,a550e14b3,1239,11,3,160,285
pytorch,executorch,2026-07-01,merged,CONTRIBUTOR,a252ddcd1,2,1,1,0,7
pytorch,executorch,2026-07-01,merged,CONTRIBUTOR,a252ddcd1,652,32,1,0,1
pytorch,executorch,2026-07-01,merged,COLLABORATOR,abb677e08,327,5,1,1,1
pytorch,executorch,2026-07-01,merged,CONTRIBUTOR,a619ab9b4,2,1,1,116,116
pytorch,executorch,2026-07-01,merged,CONTRIBUTOR,a3ca238ff,115,4,3,0,5
pytorch,executorch,2026-07-01,merged,COLLABORATOR,a47f5b60b,371,7,2,99,139
pytorch,executorch,2026-07-01,merged,CONTRIBUTOR,a8898cdaa,113,2,1,7,9
pytorch,executorch,2026-07-01,closed,CONTRIBUTOR,a983b6cd1,2,1,0,,
pytorch,executorch,2026-07-01,merged,COLLABORATOR,abb677e08,3773,36,0,,0
pytorch,executorch,2026-07-01,merged,COLLABORATOR,abb677e08,3750,36,0,,0
pytorch,executorch,2026-07-01,merged,COLLABORATOR,abb677e08,3434,33,0,,0
pytorch,executorch,2026-07-01,merged,CONTRIBUTOR,aebcde09a,633,6,1,92,116
pytorch,executorch,2026-07-01,merged,CONTRIBUTOR,ad5417e63,3342,14,15,36,61
pytorch,executorch,2026-07-01,merged,CONTRIBUTOR,a0c07a800,37,7,1,0,3
pytorch,executorch,2026-07-01,closed,CONTRIBUTOR,aebcde09a,1069,13,0,,
pytorch,executorch,2026-07-01,merged,CONTRIBUTOR,a252ddcd1,7,2,1,0,0
pytorch,executorch,2026-07-01,merged,COLLABORATOR,a550e14b3,175,2,1,17,19
pytorch,executorch,2026-07-01,merged,COLLABORATOR,a9f7a588a,830,4,9,139,546
pytorch,executorch,2026-07-01,merged,CONTRIBUTOR,a609919a3,844,26,1,309,329
pytorch,executorch,2026-07-01,merged,CONTRIBUTOR,aebcde09a,29,2,1,15,18
pytorch,executorch,2026-07-01,merged,CONTRIBUTOR,a3ca238ff,36,2,6,0,3
pytorch,executorch,2026-07-01,merged,COLLABORATOR,abb677e08,1866,29,0,,0
pytorch,executorch,2026-07-01,merged,CONTRIBUTOR,aebcde09a,440,4,1,294,309
pytorch,executorch,2026-07-01,merged,CONTRIBUTOR,aebcde09a,126,2,1,294,309
pytorch,executorch,2026-07-01,closed,CONTRIBUTOR,aebcde09a,206,4,1,294,
pytorch,executorch,2026-07-01,merged,CONTRIBUTOR,acb4c9232,8,4,1,47,49
pytorch,executorch,2026-07-01,merged,CONTRIBUTOR,a7be41a7a,128,2,2,2,14
pytorch,executorch,2026-07-01,merged,CONTRIBUTOR,a38d1b916,82,3,1,1,3
pytorch,executorch,2026-07-01,merged,CONTRIBUTOR,aebcde09a,410,4,1,42,163
pytorch,executorch,2026-07-01,merged,CONTRIBUTOR,aebcde09a,127,1,1,42,163
pytorch,executorch,2026-07-01,merged,CONTRIBUTOR,aebcde09a,197,3,1,141,163
pytorch,executorch,2026-07-01,merged,CONTRIBUTOR,aebcde09a,170,3,1,144,163
pytorch,executorch,2026-07-01,merged,CONTRIBUTOR,a252ddcd1,2660,9,1,45,73
pytorch,executorch,2026-07-01,merged,CONTRIBUTOR,a38d1b916,194,18,1,0,4
pytorch,executorch,2026-07-01,merged,NONE,a6a0fcf6b,5,1,2,100,678
pytorch,executorch,2026-07-01,merged,CONTRIBUTOR,aebcde09a,91,2,1,146,161
pytorch,executorch,2026-07-01,merged,CONTRIBUTOR,aebcde09a,148,2,1,146,161
pytorch,executorch,2026-07-01,merged,CONTRIBUTOR,aeac7bc7f,4,1,1,14,87
pytorch,executorch,2026-07-01,merged,COLLABORATOR,abb677e08,232,1,0,,0
pytorch,executorch,2026-07-01,merged,COLLABORATOR,ab2e6866c,461,3,1,67,73
pytorch,executorch,2026-07-01,merged,CONTRIBUTOR,a0c07a800,30,1,1,93,93
pytorch,executorch,2026-07-01,open,CONTRIBUTOR,a252ddcd1,514,5,1,58,
pytorch,executorch,2026-07-01,open,CONTRIBUTOR,aeac7bc7f,196,36,0,,
pytorch,executorch,2026-07-01,closed,COLLABORATOR,ad655184d,176,9,0,,
pytorch,executorch,2026-07-01,closed,CONTRIBUTOR,a945faa98,247,24,3,0,
pytorch,executorch,2026-07-01,merged,COLLABORATOR,a550e14b3,285,6,1,5,6
pytorch,executorch,2026-07-01,merged,MEMBER,aeabdc817,1328,9,4,0,31
pytorch,executorch,2026-07-01,merged,COLLABORATOR,abb677e08,12279,121,2,1,2
pytorch,executorch,2026-07-01,merged,COLLABORATOR,abb677e08,9301,93,0,,0
pytorch,executorch,2026-07-01,merged,COLLABORATOR,abb677e08,8417,85,0,,0
pytorch,executorch,2026-07-01,merged,COLLABORATOR,abb677e08,5707,57,0,,0
pytorch,executorch,2026-07-01,closed,COLLABORATOR,abb677e08,1799,21,0,,
pytorch,executorch,2026-07-01,merged,COLLABORATOR,abb677e08,6404,72,0,,1
pytorch,executorch,2026-07-01,merged,COLLABORATOR,abb677e08,6195,71,0,,1
pytorch,executorch,2026-07-01,merged,COLLABORATOR,abb677e08,5764,67,0,,1
pytorch,executorch,2026-07-01,merged,COLLABORATOR,abb677e08,4727,56,0,,1
pytorch,executorch,2026-07-01,merged,COLLABORATOR,abb677e08,3948,45,0,,1
pytorch,executorch,2026-07-01,merged,COLLABORATOR,abb677e08,2511,30,0,,1
pytorch,executorch,2026-07-01,merged,CONTRIBUTOR,a1496eafe,432,5,10,125,313
pytorch,executorch,2026-07-01,merged,COLLABORATOR,abb677e08,18452,213,0,,1
pytorch,executorch,2026-07-01,merged,COLLABORATOR,abb677e08,17748,205,0,,1
pytorch,executorch,2026-07-01,merged,COLLABORATOR,abb677e08,17431,203,0,,1
pytorch,executorch,2026-07-01,merged,COLLABORATOR,abb677e08,13829,174,0,,1
pytorch,executorch,2026-07-01,merged,COLLABORATOR,abb677e08,12844,162,0,,1
pytorch,executorch,2026-07-01,merged,COLLABORATOR,abb677e08,12097,156,0,,1
pytorch,executorch,2026-07-01,merged,COLLABORATOR,abb677e08,11805,154,0,,1
pytorch,executorch,2026-07-01,merged,COLLABORATOR,abb677e08,11282,150,0,,1
pytorch,executorch,2026-07-01,merged,COLLABORATOR,abb677e08,10803,147,0,,1
pytorch,executorch,2026-07-01,merged,COLLABORATOR,abb677e08,10155,143,0,,1
pytorch,executorch,2026-07-01,merged,COLLABORATOR,abb677e08,8715,128,0,,0
pytorch,executorch,2026-07-01,merged,COLLABORATOR,abb677e08,6707,99,0,,0
pytorch,executorch,2026-07-01,merged,CONTRIBUTOR,aebcde09a,213,2,3,0,117
pytorch,executorch,2026-07-01,closed,COLLABORATOR,aeb3ffc19,189,1,0,,
pytorch,executorch,2026-07-01,open,COLLABORATOR,a9f7a588a,1570,7,0,,
pytorch,executorch,2026-07-01,merged,COLLABORATOR,a117cd539,2560,16,2,19,47
pytorch,executorch,2026-07-01,merged,CONTRIBUTOR,a7be41a7a,565,46,2,0,178
pytorch,executorch,2026-07-01,merged,CONTRIBUTOR,aebcde09a,362,6,1,27,47
pytorch,executorch,2026-07-01,merged,MEMBER,aeabdc817,2,1,2,0,21
pytorch,executorch,2026-07-01,merged,CONTRIBUTOR,a1d8e3118,122,22,1,0,0
pytorch,executorch,2026-07-01,merged,CONTRIBUTOR,a80a5ad15,11,2,1,2,3
pytorch,executorch,2026-07-01,merged,COLLABORATOR,aeb3ffc19,3,1,1,3,3
pytorch,executorch,2026-07-01,open,CONTRIBUTOR,ad5417e63,713,3,0,,
pytorch,executorch,2026-07-01,merged,CONTRIBUTOR,a8898cdaa,11,1,1,0,152
pytorch,executorch,2026-07-01,merged,COLLABORATOR,abb677e08,148,3,0,,0
pytorch,executorch,2026-07-01,merged,COLLABORATOR,abb677e08,101,2,0,,0
pytorch,executorch,2026-07-01,merged,CONTRIBUTOR,ad5417e63,827,3,1,8,27
pytorch,executorch,2026-07-01,merged,CONTRIBUTOR,a7be41a7a,4,1,1,11,13
pytorch,executorch,2026-07-01,open,COLLABORATOR,a3640c268,593,7,2,0,
pytorch,executorch,2026-07-01,merged,CONTRIBUTOR,a77c2f54c,174,6,2,13,20
pytorch,executorch,2026-07-01,merged,CONTRIBUTOR,a0c07a800,157,5,1,6,13
pytorch,executorch,2026-07-01,open,NONE,ad8b795d8,396,2,0,,
pytorch,executorch,2026-07-01,merged,MEMBER,aeabdc817,2,2,3,0,23
pytorch,executorch,2026-07-01,merged,CONTRIBUTOR,a263d6893,550,9,24,0,25
pytorch,executorch,2026-07-01,merged,COLLABORATOR,abb677e08,338,10,1,0,0
pytorch,executorch,2026-07-01,merged,COLLABORATOR,abb677e08,1253,11,1,0,0
pytorch,executorch,2026-07-01,open,CONTRIBUTOR,a619ab9b4,2,1,0,,
pytorch,executorch,2026-07-01,merged,COLLABORATOR,abb677e08,1040,8,1,1,2
pytorch,executorch,2026-07-01,merged,CONTRIBUTOR,a4e283c3a,1095,7,1,183,236
pytorch,executorch,2026-07-01,merged,CONTRIBUTOR,a4e283c3a,143,4,1,183,236
pytorch,executorch,2026-07-01,merged,CONTRIBUTOR,aebcde09a,1255,16,1,16,397
pytorch,executorch,2026-07-01,open,COLLABORATOR,a3048e07e,998,12,17,122,
pytorch,executorch,2026-07-01,merged,COLLABORATOR,abf543145,502,3,1,122,122
pytorch,executorch,2026-07-01,merged,CONTRIBUTOR,aebcde09a,327,3,1,8,33
pytorch,executorch,2026-07-01,merged,CONTRIBUTOR,aebcde09a,468,3,1,8,33
pytorch,executorch,2026-07-01,merged,CONTRIBUTOR,aebcde09a,254,3,1,8,33
pytorch,executorch,2026-07-01,merged,CONTRIBUTOR,aebcde09a,275,3,1,8,33
pytorch,executorch,2026-07-01,closed,CONTRIBUTOR,aebcde09a,7389,77,1,0,
pytorch,executorch,2026-07-01,merged,COLLABORATOR,abb677e08,9728,102,1,1,1
pytorch,FBGEMM,2023-08-01,closed,CONTRIBUTOR,acffb9732,4,1,0,,
pytorch,FBGEMM,2023-08-01,closed,CONTRIBUTOR,a410519f4,5,1,0,,
pytorch,FBGEMM,2023-08-01,closed,CONTRIBUTOR,a2180eb9f,36,4,0,,
pytorch,FBGEMM,2023-08-01,closed,CONTRIBUTOR,ad89c6e6c,148,2,0,,
pytorch,FBGEMM,2023-08-01,closed,CONTRIBUTOR,a2180eb9f,276,8,0,,
pytorch,FBGEMM,2023-08-01,closed,CONTRIBUTOR,acffb9732,4,2,0,,
pytorch,FBGEMM,2023-08-01,closed,CONTRIBUTOR,a1fc816b3,402,4,0,,
pytorch,FBGEMM,2023-08-01,closed,NONE,afe162631,39,1,0,,
pytorch,FBGEMM,2023-08-01,open,NONE,aeabd29ca,4,1,0,,
pytorch,FBGEMM,2023-09-01,open,CONTRIBUTOR,acffb9732,170726,484,0,,
pytorch,FBGEMM,2023-09-01,closed,CONTRIBUTOR,ac0bd2728,3,1,0,,
pytorch,FBGEMM,2023-09-01,closed,CONTRIBUTOR,ac752ee55,46,1,0,,
pytorch,FBGEMM,2023-09-01,closed,CONTRIBUTOR,aaad31f3d,51,2,0,,
pytorch,FBGEMM,2023-09-01,closed,CONTRIBUTOR,ad89c6e6c,293,18,0,,
pytorch,FBGEMM,2023-09-01,closed,CONTRIBUTOR,a2180eb9f,5,1,0,,
pytorch,FBGEMM,2023-09-01,closed,CONTRIBUTOR,a5abe2163,26,3,0,,
pytorch,FBGEMM,2023-09-01,closed,CONTRIBUTOR,ad89c6e6c,363,10,0,,
pytorch,FBGEMM,2023-09-01,closed,CONTRIBUTOR,a41e32aac,11,1,0,,
pytorch,FBGEMM,2023-10-01,closed,CONTRIBUTOR,a05ac052c,542,11,0,,
pytorch,FBGEMM,2023-10-01,closed,CONTRIBUTOR,afb62a5b9,430,3,0,,
pytorch,FBGEMM,2023-10-01,closed,NONE,afd028ac8,17,3,0,,
pytorch,FBGEMM,2023-11-01,closed,CONTRIBUTOR,afb62a5b9,143,4,0,,
pytorch,FBGEMM,2023-11-01,closed,NONE,a2b7c8e4e,24,6,0,,
pytorch,FBGEMM,2023-11-01,closed,CONTRIBUTOR,ad248a207,6,1,0,,
pytorch,FBGEMM,2023-11-01,closed,CONTRIBUTOR,afb62a5b9,210,3,0,,
pytorch,FBGEMM,2023-11-01,closed,CONTRIBUTOR,ad89c6e6c,37,7,0,,
pytorch,FBGEMM,2023-11-01,closed,CONTRIBUTOR,ad89c6e6c,13,1,0,,
pytorch,FBGEMM,2023-11-01,closed,CONTRIBUTOR,aaad31f3d,3,1,0,,
pytorch,FBGEMM,2023-12-01,closed,CONTRIBUTOR,ad89c6e6c,1094,29,0,,
pytorch,FBGEMM,2023-12-01,closed,MEMBER,a5bfa44f7,273,28,1,1,
pytorch,FBGEMM,2023-12-01,closed,CONTRIBUTOR,afb62a5b9,56,4,0,,
pytorch,FBGEMM,2023-12-01,closed,CONTRIBUTOR,ad89c6e6c,47,5,0,,
pytorch,FBGEMM,2023-12-01,closed,CONTRIBUTOR,acffb9732,5,1,0,,
pytorch,FBGEMM,2024-01-01,closed,CONTRIBUTOR,ad89c6e6c,31,2,0,,
pytorch,FBGEMM,2024-01-01,open,CONTRIBUTOR,a63e53439,73,1,0,,
pytorch,FBGEMM,2024-01-01,closed,NONE,a88dad10d,35,1,0,,
pytorch,FBGEMM,2024-01-01,closed,CONTRIBUTOR,ad89c6e6c,47,5,0,,
pytorch,FBGEMM,2024-01-01,closed,NONE,abbef0895,8,1,0,,
pytorch,FBGEMM,2024-01-01,closed,NONE,abbef0895,12,2,0,,
pytorch,FBGEMM,2024-01-01,closed,CONTRIBUTOR,aca911d7e,26,1,0,,
pytorch,FBGEMM,2024-01-01,closed,CONTRIBUTOR,ad89c6e6c,578,9,0,,
pytorch,FBGEMM,2024-01-01,closed,CONTRIBUTOR,a3c210118,19,1,0,,
pytorch,FBGEMM,2024-02-01,closed,CONTRIBUTOR,a37aaac61,143,3,0,,
pytorch,FBGEMM,2024-02-01,closed,CONTRIBUTOR,ad89c6e6c,364,4,0,,
pytorch,FBGEMM,2024-02-01,closed,CONTRIBUTOR,a2180eb9f,340,4,0,,
pytorch,FBGEMM,2024-02-01,closed,CONTRIBUTOR,a05ac052c,510,1,0,,
pytorch,FBGEMM,2024-02-01,closed,CONTRIBUTOR,a35f27e48,7,1,0,,
pytorch,FBGEMM,2024-02-01,closed,CONTRIBUTOR,a2180eb9f,124,3,0,,
pytorch,FBGEMM,2024-02-01,open,CONTRIBUTOR,a9968676a,98,14,0,,
pytorch,FBGEMM,2024-02-01,open,CONTRIBUTOR,a5cb2c494,1,1,0,,
pytorch,FBGEMM,2024-03-01,closed,CONTRIBUTOR,ad89c6e6c,2,1,0,,
pytorch,FBGEMM,2024-03-01,closed,CONTRIBUTOR,a37e25f4b,2,1,0,,
pytorch,FBGEMM,2024-03-01,closed,CONTRIBUTOR,a2180eb9f,3,1,0,,
pytorch,FBGEMM,2024-03-01,open,CONTRIBUTOR,a9e100bc6,6,1,0,,
pytorch,FBGEMM,2024-03-01,closed,CONTRIBUTOR,a2180eb9f,288,11,0,,
pytorch,FBGEMM,2024-03-01,closed,CONTRIBUTOR,af36c674f,228,5,0,,
pytorch,FBGEMM,2024-03-01,closed,CONTRIBUTOR,ad89c6e6c,1246,8,0,,
pytorch,FBGEMM,2024-03-01,open,CONTRIBUTOR,a0205f867,27,1,0,,
pytorch,FBGEMM,2024-03-01,closed,CONTRIBUTOR,a0205f867,2,1,0,,
pytorch,FBGEMM,2024-03-01,closed,CONTRIBUTOR,a2180eb9f,1305,7,0,,
pytorch,FBGEMM,2024-03-01,closed,NONE,a88dad10d,25,1,0,,
pytorch,FBGEMM,2024-03-01,closed,CONTRIBUTOR,ad89c6e6c,456,5,0,,
pytorch,FBGEMM,2024-04-01,closed,CONTRIBUTOR,a2180eb9f,2,1,0,,
pytorch,FBGEMM,2024-04-01,closed,CONTRIBUTOR,acffb9732,126,7,0,,
pytorch,FBGEMM,2024-04-01,closed,CONTRIBUTOR,ad89c6e6c,1340,9,0,,
pytorch,FBGEMM,2024-04-01,closed,CONTRIBUTOR,acffb9732,1268,15,0,,
pytorch,FBGEMM,2024-04-01,closed,CONTRIBUTOR,a2180eb9f,408,3,0,,
pytorch,FBGEMM,2024-04-01,closed,CONTRIBUTOR,a3c210118,10,2,1,0,
pytorch,FBGEMM,2024-04-01,closed,CONTRIBUTOR,a2180eb9f,1355,11,0,,
pytorch,FBGEMM,2024-05-01,closed,CONTRIBUTOR,a7e03469b,41,2,0,,
pytorch,FBGEMM,2024-05-01,closed,CONTRIBUTOR,ad7aa5d4b,2,1,0,,
pytorch,FBGEMM,2024-05-01,closed,CONTRIBUTOR,ae7a7efe1,4,1,0,,
pytorch,FBGEMM,2024-05-01,closed,CONTRIBUTOR,a2180eb9f,158,12,0,,
pytorch,FBGEMM,2024-05-01,closed,CONTRIBUTOR,ad89c6e6c,80,3,0,,
pytorch,FBGEMM,2024-05-01,closed,CONTRIBUTOR,acde10e71,732,49,0,,
pytorch,FBGEMM,2024-05-01,closed,CONTRIBUTOR,ac09922de,94,2,0,,
pytorch,FBGEMM,2024-05-01,closed,CONTRIBUTOR,a2bd5ab79,12,1,0,,
pytorch,FBGEMM,2024-05-01,closed,CONTRIBUTOR,a2180eb9f,488,6,0,,
pytorch,FBGEMM,2024-05-01,closed,CONTRIBUTOR,a2180eb9f,836,10,0,,
pytorch,FBGEMM,2024-06-01,closed,CONTRIBUTOR,a2180eb9f,164,2,0,,
pytorch,FBGEMM,2024-06-01,closed,CONTRIBUTOR,ad89c6e6c,34,2,0,,
pytorch,FBGEMM,2024-06-01,closed,CONTRIBUTOR,af188d2fd,5,1,0,,
pytorch,FBGEMM,2024-06-01,closed,CONTRIBUTOR,ad89c6e6c,461,20,0,,
pytorch,FBGEMM,2024-06-01,closed,CONTRIBUTOR,a2180eb9f,52,1,0,,
pytorch,FBGEMM,2024-06-01,closed,CONTRIBUTOR,ad89c6e6c,26,4,0,,
pytorch,FBGEMM,2024-06-01,closed,CONTRIBUTOR,ad89c6e6c,5,1,0,,
pytorch,FBGEMM,2024-06-01,closed,NONE,a9d74ba53,2,1,0,,
pytorch,FBGEMM,2024-06-01,closed,CONTRIBUTOR,ad89c6e6c,94,8,0,,
pytorch,FBGEMM,2024-06-01,closed,CONTRIBUTOR,a8c3be6c0,4,1,0,,
pytorch,FBGEMM,2024-06-01,closed,CONTRIBUTOR,ad89c6e6c,1857,28,0,,
pytorch,FBGEMM,2024-06-01,closed,CONTRIBUTOR,ac09922de,1706,10,0,,
pytorch,FBGEMM,2024-06-01,closed,CONTRIBUTOR,ad89c6e6c,18,2,1,1,
pytorch,FBGEMM,2024-06-01,closed,CONTRIBUTOR,ac09922de,218,5,0,,
pytorch,FBGEMM,2024-06-01,open,CONTRIBUTOR,a2180eb9f,747,15,0,,
pytorch,FBGEMM,2024-07-01,closed,CONTRIBUTOR,ac09922de,86,4,0,,
pytorch,FBGEMM,2024-07-01,closed,CONTRIBUTOR,a492f8db4,61,1,0,,
pytorch,FBGEMM,2024-07-01,closed,CONTRIBUTOR,a492f8db4,704,7,0,,
pytorch,FBGEMM,2024-07-01,closed,CONTRIBUTOR,ad89c6e6c,12,5,0,,
pytorch,FBGEMM,2024-07-01,closed,NONE,a65da5604,225,1,0,,
pytorch,FBGEMM,2024-07-01,closed,CONTRIBUTOR,ad89c6e6c,67,1,0,,
pytorch,FBGEMM,2024-07-01,closed,CONTRIBUTOR,a2180eb9f,211,2,0,,
pytorch,FBGEMM,2024-07-01,closed,MEMBER,a5bfa44f7,26,1,0,,
pytorch,FBGEMM,2024-07-01,closed,CONTRIBUTOR,ad89c6e6c,4,2,0,,
pytorch,FBGEMM,2024-07-01,closed,CONTRIBUTOR,ad89c6e6c,306,8,0,,
pytorch,FBGEMM,2024-07-01,open,CONTRIBUTOR,a2180eb9f,34,2,0,,
pytorch,FBGEMM,2024-07-01,closed,CONTRIBUTOR,a071ec64a,280,5,0,,
pytorch,FBGEMM,2024-07-01,closed,CONTRIBUTOR,a2180eb9f,145,7,0,,
pytorch,FBGEMM,2024-08-01,closed,CONTRIBUTOR,ad89c6e6c,240,7,0,,
pytorch,FBGEMM,2024-08-01,closed,CONTRIBUTOR,a06822a45,101,5,0,,
pytorch,FBGEMM,2024-08-01,closed,CONTRIBUTOR,ac09922de,1028,17,0,,
pytorch,FBGEMM,2024-08-01,open,NONE,a8d2c4ccb,3,1,0,,
pytorch,FBGEMM,2024-08-01,closed,CONTRIBUTOR,ab8bb0b78,405,8,0,,
pytorch,FBGEMM,2024-08-01,closed,CONTRIBUTOR,a3f07c168,11,1,0,,
pytorch,FBGEMM,2024-08-01,closed,CONTRIBUTOR,ad89c6e6c,229,8,0,,
pytorch,FBGEMM,2024-08-01,closed,CONTRIBUTOR,ad89c6e6c,386,10,0,,
pytorch,FBGEMM,2024-08-01,closed,CONTRIBUTOR,a2180eb9f,152,5,0,,
pytorch,FBGEMM,2024-08-01,closed,CONTRIBUTOR,a2180eb9f,146,2,0,,
pytorch,FBGEMM,2024-08-01,closed,CONTRIBUTOR,a071ec64a,408,8,0,,
pytorch,FBGEMM,2024-08-01,closed,CONTRIBUTOR,a071ec64a,503,9,0,,
pytorch,FBGEMM,2024-08-01,closed,CONTRIBUTOR,a296ea91a,6,3,0,,
pytorch,FBGEMM,2024-08-01,closed,CONTRIBUTOR,ad89c6e6c,10,4,0,,
pytorch,FBGEMM,2024-08-01,closed,CONTRIBUTOR,ad89c6e6c,21,1,0,,
pytorch,FBGEMM,2024-09-01,closed,CONTRIBUTOR,ad89c6e6c,68,3,0,,
pytorch,FBGEMM,2024-09-01,closed,CONTRIBUTOR,ad7aa5d4b,39,2,0,,
pytorch,FBGEMM,2024-09-01,closed,NONE,a9d74ba53,11,5,0,,
pytorch,FBGEMM,2024-09-01,closed,CONTRIBUTOR,acffb9732,1,1,0,,
pytorch,FBGEMM,2024-09-01,open,NONE,a945faa98,31,4,0,,
pytorch,FBGEMM,2024-09-01,closed,CONTRIBUTOR,ac09922de,10,3,0,,
pytorch,FBGEMM,2024-09-01,closed,CONTRIBUTOR,ad89c6e6c,81,12,0,,
pytorch,FBGEMM,2024-09-01,closed,CONTRIBUTOR,af36c674f,6,1,0,,
pytorch,FBGEMM,2024-09-01,closed,CONTRIBUTOR,ad89c6e6c,434,4,0,,
pytorch,FBGEMM,2024-09-01,closed,CONTRIBUTOR,a492f8db4,32,4,0,,
pytorch,FBGEMM,2024-09-01,open,CONTRIBUTOR,a57a410f6,25,1,0,,
pytorch,FBGEMM,2024-09-01,closed,CONTRIBUTOR,acffb9732,80,3,0,,
pytorch,FBGEMM,2024-09-01,closed,CONTRIBUTOR,ad89c6e6c,2,1,0,,
pytorch,FBGEMM,2024-09-01,closed,CONTRIBUTOR,a5abe2163,24,1,0,,
pytorch,FBGEMM,2024-09-01,closed,CONTRIBUTOR,a4c34f04c,27,5,0,,
pytorch,FBGEMM,2024-09-01,closed,CONTRIBUTOR,acffb9732,79,3,0,,
pytorch,FBGEMM,2024-09-01,closed,CONTRIBUTOR,a071ec64a,22,1,0,,
pytorch,FBGEMM,2024-09-01,closed,CONTRIBUTOR,a2180eb9f,98,8,0,,
pytorch,FBGEMM,2024-09-01,closed,CONTRIBUTOR,ad7aa5d4b,36,1,0,,
pytorch,FBGEMM,2024-10-01,closed,CONTRIBUTOR,acde10e71,22,3,0,,
pytorch,FBGEMM,2024-10-01,closed,CONTRIBUTOR,a57a410f6,39,1,0,,
pytorch,FBGEMM,2024-10-01,closed,CONTRIBUTOR,a81814959,4,1,0,,
pytorch,FBGEMM,2024-10-01,closed,NONE,a26dbcd86,2,1,0,,
pytorch,FBGEMM,2024-10-01,closed,CONTRIBUTOR,ad89c6e6c,172,6,0,,
pytorch,FBGEMM,2024-10-01,closed,CONTRIBUTOR,acffb9732,365,16,0,,
pytorch,FBGEMM,2024-10-01,closed,CONTRIBUTOR,a24a774ff,13,2,1,0,
pytorch,FBGEMM,2024-10-01,closed,CONTRIBUTOR,ad89c6e6c,620,1,0,,
pytorch,FBGEMM,2024-11-01,closed,CONTRIBUTOR,acde10e71,3,1,0,,
pytorch,FBGEMM,2024-11-01,closed,CONTRIBUTOR,ac09922de,2644,32,0,,
pytorch,FBGEMM,2024-11-01,closed,MEMBER,a3d55ec1a,469,6,0,,
pytorch,FBGEMM,2024-11-01,closed,CONTRIBUTOR,ad89c6e6c,130,6,0,,
pytorch,FBGEMM,2024-11-01,closed,CONTRIBUTOR,a296ea91a,105,1,0,,
pytorch,FBGEMM,2024-11-01,closed,NONE,a644ac45f,305,1,0,,
pytorch,FBGEMM,2024-11-01,closed,CONTRIBUTOR,acde10e71,2,1,0,,
pytorch,FBGEMM,2024-11-01,closed,CONTRIBUTOR,ad89c6e6c,16,2,0,,
pytorch,FBGEMM,2024-11-01,closed,CONTRIBUTOR,a0515557b,1,1,0,,
pytorch,FBGEMM,2024-11-01,closed,CONTRIBUTOR,ad89c6e6c,26,3,0,,
pytorch,FBGEMM,2024-11-01,closed,CONTRIBUTOR,a1b182841,23,3,1,0,
pytorch,FBGEMM,2024-11-01,closed,CONTRIBUTOR,a24a774ff,81,2,0,,
pytorch,FBGEMM,2024-11-01,closed,CONTRIBUTOR,ad89c6e6c,1685,16,0,,
pytorch,FBGEMM,2024-11-01,closed,CONTRIBUTOR,af188d2fd,6,1,0,,
pytorch,FBGEMM,2024-11-01,closed,CONTRIBUTOR,a59c8a8f5,248,5,0,,
pytorch,FBGEMM,2024-11-01,closed,NONE,a3c632659,19,2,0,,
pytorch,FBGEMM,2024-11-01,closed,CONTRIBUTOR,a8bcb8cff,876,6,0,,
pytorch,FBGEMM,2024-12-01,closed,CONTRIBUTOR,a0205f867,542,5,0,,
pytorch,FBGEMM,2024-12-01,closed,CONTRIBUTOR,ad89c6e6c,25,2,0,,
pytorch,FBGEMM,2024-12-01,closed,CONTRIBUTOR,ac09922de,5534,67,0,,
pytorch,FBGEMM,2024-12-01,closed,CONTRIBUTOR,ad89c6e6c,67,1,0,,
pytorch,FBGEMM,2024-12-01,closed,CONTRIBUTOR,a0205f867,44,4,0,,
pytorch,FBGEMM,2024-12-01,closed,CONTRIBUTOR,ac09922de,7,2,0,,
pytorch,FBGEMM,2024-12-01,closed,CONTRIBUTOR,ac09922de,6,1,0,,
pytorch,FBGEMM,2024-12-01,closed,CONTRIBUTOR,ad89c6e6c,71,5,0,,
pytorch,FBGEMM,2024-12-01,closed,CONTRIBUTOR,ad89c6e6c,57,16,0,,
pytorch,FBGEMM,2024-12-01,open,NONE,aef2978ff,615,5,0,,
pytorch,FBGEMM,2024-12-01,closed,CONTRIBUTOR,ad89c6e6c,33,7,0,,
pytorch,FBGEMM,2025-01-01,closed,CONTRIBUTOR,ac09922de,107,9,0,,
pytorch,FBGEMM,2025-01-01,closed,CONTRIBUTOR,ad89c6e6c,18,2,0,,
pytorch,FBGEMM,2025-01-01,closed,CONTRIBUTOR,ad89c6e6c,321,5,0,,
pytorch,FBGEMM,2025-01-01,closed,CONTRIBUTOR,ad89c6e6c,15,2,0,,
pytorch,FBGEMM,2025-01-01,closed,MEMBER,a3d55ec1a,333,4,0,,
pytorch,FBGEMM,2025-01-01,closed,MEMBER,a3d55ec1a,333,4,0,,
pytorch,FBGEMM,2025-01-01,closed,CONTRIBUTOR,a296ea91a,0,0,0,,
pytorch,FBGEMM,2025-01-01,closed,CONTRIBUTOR,a8d692e4e,28,3,0,,
pytorch,FBGEMM,2025-01-01,closed,CONTRIBUTOR,ac09922de,7,2,2,0,
pytorch,FBGEMM,2025-02-01,closed,CONTRIBUTOR,ad89c6e6c,115,7,0,,
pytorch,FBGEMM,2025-02-01,closed,CONTRIBUTOR,a59c8a8f5,33,3,0,,
pytorch,FBGEMM,2025-02-01,closed,CONTRIBUTOR,a24a774ff,315,3,0,,
pytorch,FBGEMM,2025-02-01,closed,CONTRIBUTOR,ad89c6e6c,0,1,0,,
pytorch,FBGEMM,2025-02-01,closed,MEMBER,ae6dfc4fb,13,4,0,,
pytorch,FBGEMM,2025-02-01,closed,CONTRIBUTOR,a071ec64a,2,1,0,,
pytorch,FBGEMM,2025-02-01,open,CONTRIBUTOR,a06822a45,10395,91,0,,
pytorch,FBGEMM,2025-02-01,closed,MEMBER,aaa1fb303,81,1,0,,
pytorch,FBGEMM,2025-03-01,closed,CONTRIBUTOR,ac09922de,47,9,1,4,
pytorch,FBGEMM,2025-03-01,closed,CONTRIBUTOR,a8bcb8cff,212,5,0,,
pytorch,FBGEMM,2025-03-01,closed,CONTRIBUTOR,ad89c6e6c,40,6,0,,
pytorch,FBGEMM,2025-03-01,closed,CONTRIBUTOR,a33595394,52,1,0,,
pytorch,FBGEMM,2025-03-01,closed,CONTRIBUTOR,ad89c6e6c,8,1,0,,
pytorch,FBGEMM,2025-03-01,closed,CONTRIBUTOR,a8bcb8cff,4,2,0,,
pytorch,FBGEMM,2025-03-01,open,CONTRIBUTOR,ac09922de,860,74,0,,
pytorch,FBGEMM,2025-03-01,closed,CONTRIBUTOR,ad89c6e6c,326,10,0,,
pytorch,FBGEMM,2025-03-01,closed,CONTRIBUTOR,a296ea91a,12,4,0,,
pytorch,FBGEMM,2025-03-01,closed,CONTRIBUTOR,a57a410f6,13,1,0,,
pytorch,FBGEMM,2025-03-01,closed,CONTRIBUTOR,a3ab33a99,327,6,0,,
pytorch,FBGEMM,2025-03-01,closed,CONTRIBUTOR,aad855e3e,25,1,0,,
pytorch,FBGEMM,2025-03-01,closed,CONTRIBUTOR,a5cb2c494,67,3,0,,
pytorch,FBGEMM,2025-03-01,open,CONTRIBUTOR,a06822a45,128,6,0,,
pytorch,FBGEMM,2025-03-01,closed,CONTRIBUTOR,ad89c6e6c,478,6,0,,
pytorch,FBGEMM,2025-03-01,open,CONTRIBUTOR,acde10e71,17,3,0,,
pytorch,FBGEMM,2025-03-01,closed,CONTRIBUTOR,a57a410f6,94,2,0,,
pytorch,FBGEMM,2025-03-01,closed,CONTRIBUTOR,ad89c6e6c,18,2,0,,
pytorch,FBGEMM,2025-03-01,closed,CONTRIBUTOR,ad89c6e6c,32,1,0,,
pytorch,FBGEMM,2025-03-01,closed,CONTRIBUTOR,aa1c13507,135,2,0,,
pytorch,FBGEMM,2025-03-01,closed,CONTRIBUTOR,ad89c6e6c,164,7,2,181,
pytorch,FBGEMM,2025-04-01,open,CONTRIBUTOR,a2180eb9f,309,4,0,,
pytorch,FBGEMM,2025-04-01,closed,CONTRIBUTOR,ad89c6e6c,4,1,0,,
pytorch,FBGEMM,2025-04-01,closed,CONTRIBUTOR,ac09922de,1513,15,0,,
pytorch,FBGEMM,2025-04-01,closed,CONTRIBUTOR,ad89c6e6c,10,1,0,,
pytorch,FBGEMM,2025-04-01,closed,CONTRIBUTOR,a071ec64a,589,8,0,,
pytorch,FBGEMM,2025-04-01,closed,CONTRIBUTOR,a0f81004a,86,3,0,,
pytorch,FBGEMM,2025-04-01,closed,CONTRIBUTOR,a09d0424b,36,1,0,,
pytorch,FBGEMM,2025-04-01,closed,MEMBER,aaa1fb303,396,4,0,,
pytorch,FBGEMM,2025-04-01,closed,MEMBER,aaa1fb303,356,6,0,,
pytorch,FBGEMM,2025-04-01,closed,NONE,a5fb74608,110,1,0,,
pytorch,FBGEMM,2025-04-01,closed,CONTRIBUTOR,ad89c6e6c,320,8,0,,
pytorch,FBGEMM,2025-04-01,closed,CONTRIBUTOR,a89dca5ef,1229,3,0,,
pytorch,FBGEMM,2025-04-01,closed,CONTRIBUTOR,ad89c6e6c,257,4,0,,
pytorch,FBGEMM,2025-04-01,closed,CONTRIBUTOR,a8531640c,13,2,0,,
pytorch,FBGEMM,2025-04-01,closed,CONTRIBUTOR,ac09922de,41,3,0,,
pytorch,FBGEMM,2025-04-01,closed,CONTRIBUTOR,a2180eb9f,14,1,0,,
pytorch,FBGEMM,2025-04-01,closed,CONTRIBUTOR,ad89c6e6c,24,2,0,,
pytorch,FBGEMM,2025-04-01,closed,CONTRIBUTOR,a05ac052c,416,2,0,,
pytorch,FBGEMM,2025-04-01,closed,CONTRIBUTOR,ad89c6e6c,8,4,0,,
pytorch,FBGEMM,2025-04-01,closed,CONTRIBUTOR,a04b4bf57,320,8,0,,
pytorch,FBGEMM,2025-04-01,closed,CONTRIBUTOR,a781871ce,49,2,0,,
pytorch,FBGEMM,2025-05-01,closed,CONTRIBUTOR,afe3bbf1c,1296,3,0,,
pytorch,FBGEMM,2025-05-01,closed,CONTRIBUTOR,ac0bd2728,28,2,0,,
pytorch,FBGEMM,2025-05-01,closed,CONTRIBUTOR,acffb9732,3,1,0,,
pytorch,FBGEMM,2025-05-01,closed,CONTRIBUTOR,ad89c6e6c,88,2,0,,
pytorch,FBGEMM,2025-05-01,open,CONTRIBUTOR,ac09922de,6,1,0,,
pytorch,FBGEMM,2025-05-01,closed,CONTRIBUTOR,acffb9732,178,3,0,,
pytorch,FBGEMM,2025-05-01,closed,MEMBER,a3d55ec1a,480,2,0,,
pytorch,FBGEMM,2025-05-01,closed,CONTRIBUTOR,af991746b,6,2,0,,
pytorch,FBGEMM,2025-05-01,closed,CONTRIBUTOR,a8531640c,389,9,0,,
pytorch,FBGEMM,2025-05-01,closed,CONTRIBUTOR,a071ec64a,1,1,0,,
pytorch,FBGEMM,2025-05-01,open,CONTRIBUTOR,ac09922de,14,2,0,,
pytorch,FBGEMM,2025-05-01,closed,CONTRIBUTOR,ad9fef04d,17,1,0,,
pytorch,FBGEMM,2025-05-01,closed,CONTRIBUTOR,a09d0424b,471,13,0,,
pytorch,FBGEMM,2025-05-01,closed,CONTRIBUTOR,ad89c6e6c,122,1,0,,
pytorch,FBGEMM,2025-05-01,closed,CONTRIBUTOR,a071ec64a,7,1,0,,
pytorch,FBGEMM,2025-05-01,closed,MEMBER,aaa1fb303,175,2,0,,
pytorch,FBGEMM,2025-05-01,closed,CONTRIBUTOR,a150f0d57,67,1,0,,
pytorch,FBGEMM,2025-05-01,closed,CONTRIBUTOR,a1b407537,14,1,0,,
pytorch,FBGEMM,2025-05-01,closed,MEMBER,a3d55ec1a,4565,54,0,,
pytorch,FBGEMM,2025-05-01,closed,NONE,ad6cc86d7,14816,41,0,,
pytorch,FBGEMM,2025-05-01,closed,CONTRIBUTOR,aba8b1063,2298,13,19,141,
pytorch,FBGEMM,2025-05-01,closed,MEMBER,a3d55ec1a,4565,54,0,,
pytorch,FBGEMM,2025-05-01,closed,MEMBER,a3d55ec1a,5195,56,0,,
pytorch,FBGEMM,2025-05-01,closed,CONTRIBUTOR,af991746b,104,1,0,,
pytorch,FBGEMM,2025-05-01,closed,CONTRIBUTOR,affa1f180,10,2,0,,
pytorch,FBGEMM,2025-05-01,closed,CONTRIBUTOR,acffb9732,28,4,0,,
pytorch,FBGEMM,2025-05-01,closed,NONE,acd1a7e73,829,8,0,,
pytorch,FBGEMM,2025-06-01,closed,CONTRIBUTOR,ac09922de,3913,92,0,,
pytorch,FBGEMM,2025-06-01,closed,CONTRIBUTOR,ac09922de,7697,164,0,,
pytorch,FBGEMM,2025-06-01,closed,CONTRIBUTOR,a59c8a8f5,10,1,0,,
pytorch,FBGEMM,2025-06-01,closed,CONTRIBUTOR,ad89c6e6c,62,5,0,,
pytorch,FBGEMM,2025-06-01,closed,CONTRIBUTOR,a1febba14,2,1,0,,
pytorch,FBGEMM,2025-06-01,closed,CONTRIBUTOR,a071ec64a,38,1,0,,
pytorch,FBGEMM,2025-06-01,open,CONTRIBUTOR,a6a1c80bc,3494,7,0,,
pytorch,FBGEMM,2025-06-01,closed,CONTRIBUTOR,a8b3ec5e6,17,1,7,1,
pytorch,FBGEMM,2025-06-01,closed,CONTRIBUTOR,ad89c6e6c,274,8,0,,
pytorch,FBGEMM,2025-06-01,open,CONTRIBUTOR,afcd40cb9,31,3,1,15,
pytorch,FBGEMM,2025-06-01,closed,CONTRIBUTOR,ad89c6e6c,17,1,0,,
pytorch,FBGEMM,2025-06-01,closed,CONTRIBUTOR,ad89c6e6c,24,2,0,,
pytorch,FBGEMM,2025-06-01,closed,CONTRIBUTOR,ad9fef04d,844,6,0,,
pytorch,FBGEMM,2025-06-01,closed,CONTRIBUTOR,ad89c6e6c,161,10,0,,
pytorch,FBGEMM,2025-06-01,closed,CONTRIBUTOR,a8531640c,103,2,0,,
pytorch,FBGEMM,2025-06-01,closed,CONTRIBUTOR,ad89c6e6c,13,2,0,,
pytorch,FBGEMM,2025-06-01,closed,MEMBER,a3d55ec1a,1455,46,0,,
pytorch,FBGEMM,2025-06-01,closed,CONTRIBUTOR,ad89c6e6c,101,3,0,,
pytorch,FBGEMM,2025-06-01,closed,CONTRIBUTOR,adf57be09,147,2,0,,
pytorch,FBGEMM,2025-06-01,closed,CONTRIBUTOR,acffb9732,37,3,0,,
pytorch,FBGEMM,2025-06-01,open,NONE,a4ee71454,775,7,0,,
pytorch,FBGEMM,2025-06-01,closed,CONTRIBUTOR,afe3bbf1c,2,1,0,,
pytorch,FBGEMM,2025-06-01,closed,CONTRIBUTOR,ad89c6e6c,37,1,0,,
pytorch,FBGEMM,2025-06-01,closed,CONTRIBUTOR,a38bf8442,97,1,0,,
pytorch,FBGEMM,2025-06-01,closed,CONTRIBUTOR,ad89c6e6c,3,2,0,,
pytorch,FBGEMM,2025-06-01,closed,CONTRIBUTOR,ad89c6e6c,6,4,0,,
pytorch,FBGEMM,2025-07-01,open,CONTRIBUTOR,a2423b993,13,1,0,,
pytorch,FBGEMM,2025-07-01,closed,CONTRIBUTOR,aeac7bc7f,242,29,0,,
pytorch,FBGEMM,2025-07-01,closed,CONTRIBUTOR,ad89c6e6c,47,1,0,,
pytorch,FBGEMM,2025-07-01,closed,NONE,a465d9863,246,2,0,,
pytorch,FBGEMM,2025-07-01,closed,CONTRIBUTOR,a16e632ad,27,1,0,,
pytorch,FBGEMM,2025-07-01,closed,CONTRIBUTOR,ad89c6e6c,44,1,0,,
pytorch,FBGEMM,2025-07-01,closed,CONTRIBUTOR,ad89c6e6c,44,1,0,,
pytorch,FBGEMM,2025-07-01,closed,CONTRIBUTOR,aeac7bc7f,564,75,0,,
pytorch,FBGEMM,2025-07-01,closed,CONTRIBUTOR,ad89c6e6c,52,1,0,,
pytorch,FBGEMM,2025-07-01,closed,CONTRIBUTOR,a071ec64a,867,13,0,,
pytorch,FBGEMM,2025-07-01,open,CONTRIBUTOR,ac09922de,134,5,0,,
pytorch,FBGEMM,2025-07-01,open,CONTRIBUTOR,a2180eb9f,4,4,0,,
pytorch,FBGEMM,2025-07-01,closed,CONTRIBUTOR,ad9fef04d,6,1,0,,
pytorch,FBGEMM,2025-07-01,open,NONE,acd1a7e73,45,2,0,,
pytorch,FBGEMM,2025-07-01,closed,CONTRIBUTOR,ad89c6e6c,225,1,0,,
pytorch,FBGEMM,2025-07-01,closed,CONTRIBUTOR,ad89c6e6c,60,2,0,,
pytorch,FBGEMM,2025-07-01,closed,CONTRIBUTOR,ad89c6e6c,6,1,0,,
pytorch,FBGEMM,2025-07-01,closed,CONTRIBUTOR,ac5487cf6,213,9,0,,
pytorch,FBGEMM,2025-07-01,closed,CONTRIBUTOR,ac5487cf6,11,1,0,,
pytorch,FBGEMM,2025-07-01,closed,CONTRIBUTOR,ac5487cf6,47,2,0,,
pytorch,FBGEMM,2025-07-01,closed,CONTRIBUTOR,a2f64faf6,24,3,0,,
pytorch,FBGEMM,2025-07-01,closed,CONTRIBUTOR,aeac7bc7f,12,1,0,,
pytorch,FBGEMM,2025-08-01,open,NONE,a4ee71454,4,1,0,,
pytorch,FBGEMM,2025-08-01,closed,CONTRIBUTOR,a381691b3,51,2,0,,
pytorch,FBGEMM,2025-08-01,closed,CONTRIBUTOR,afe3bbf1c,149,2,0,,
pytorch,FBGEMM,2025-08-01,closed,CONTRIBUTOR,ad89c6e6c,175,1,0,,
pytorch,FBGEMM,2025-08-01,closed,MEMBER,a3d55ec1a,59,1,0,,
pytorch,FBGEMM,2025-08-01,closed,CONTRIBUTOR,ad89c6e6c,177,7,0,,
pytorch,FBGEMM,2025-08-01,closed,CONTRIBUTOR,ad89c6e6c,240,21,0,,
pytorch,FBGEMM,2025-08-01,closed,CONTRIBUTOR,aeac7bc7f,16,1,0,,
pytorch,FBGEMM,2025-08-01,closed,CONTRIBUTOR,ad89c6e6c,20,2,0,,
pytorch,FBGEMM,2025-08-01,open,NONE,a0bb1179e,18,2,0,,
pytorch,FBGEMM,2025-08-01,closed,CONTRIBUTOR,ad89c6e6c,24,6,0,,
pytorch,FBGEMM,2025-08-01,closed,CONTRIBUTOR,ad89c6e6c,2,1,0,,
pytorch,FBGEMM,2025-08-01,closed,CONTRIBUTOR,ad89c6e6c,147,3,0,,
pytorch,FBGEMM,2025-08-01,closed,CONTRIBUTOR,ac5487cf6,1507,16,0,,
pytorch,FBGEMM,2025-08-01,closed,CONTRIBUTOR,ad89c6e6c,442,1,0,,
pytorch,FBGEMM,2025-08-01,closed,CONTRIBUTOR,ad89c6e6c,206,1,0,,
pytorch,FBGEMM,2025-08-01,closed,CONTRIBUTOR,aeac7bc7f,21,3,0,,
pytorch,FBGEMM,2025-08-01,closed,CONTRIBUTOR,ad89c6e6c,95,1,0,,
pytorch,FBGEMM,2025-08-01,closed,CONTRIBUTOR,ac5487cf6,786,5,0,,
pytorch,FBGEMM,2025-08-01,closed,CONTRIBUTOR,ad89c6e6c,20,1,0,,
pytorch,FBGEMM,2025-08-01,closed,CONTRIBUTOR,aca4fc457,941,5,0,,
pytorch,FBGEMM,2025-08-01,closed,CONTRIBUTOR,a2180eb9f,195,7,0,,
pytorch,FBGEMM,2025-09-01,closed,CONTRIBUTOR,af188d2fd,24,2,0,,
pytorch,FBGEMM,2025-09-01,closed,NONE,ad6cc86d7,359,1,0,,
pytorch,FBGEMM,2025-09-01,closed,NONE,ad6cc86d7,17,1,0,,
pytorch,FBGEMM,2025-09-01,closed,CONTRIBUTOR,ad89c6e6c,118,2,0,,
pytorch,FBGEMM,2025-09-01,closed,CONTRIBUTOR,a296ea91a,5,2,0,,
pytorch,FBGEMM,2025-09-01,closed,CONTRIBUTOR,ac5487cf6,250,8,0,,
pytorch,FBGEMM,2025-09-01,closed,CONTRIBUTOR,a3968169f,250,5,0,,
pytorch,FBGEMM,2025-09-01,closed,CONTRIBUTOR,ad89c6e6c,71,5,0,,
pytorch,FBGEMM,2025-09-01,closed,CONTRIBUTOR,ad9fef04d,108,6,0,,
pytorch,FBGEMM,2025-09-01,closed,CONTRIBUTOR,ad89c6e6c,6,2,0,,
pytorch,FBGEMM,2025-09-01,closed,CONTRIBUTOR,a1baf7467,61,3,0,,
pytorch,FBGEMM,2025-09-01,open,CONTRIBUTOR,aeac7bc7f,595,15,0,,
pytorch,FBGEMM,2025-09-01,closed,CONTRIBUTOR,ad89c6e6c,91,1,0,,
pytorch,FBGEMM,2025-09-01,open,CONTRIBUTOR,a4c34f04c,216,4,0,,
pytorch,FBGEMM,2025-09-01,closed,CONTRIBUTOR,ad89c6e6c,202,1,0,,
pytorch,FBGEMM,2025-09-01,closed,NONE,a186a2374,81,5,0,,
pytorch,FBGEMM,2025-09-01,closed,CONTRIBUTOR,a89dca5ef,2,1,0,,
pytorch,FBGEMM,2025-09-01,closed,CONTRIBUTOR,af188d2fd,17,3,0,,
pytorch,FBGEMM,2025-09-01,closed,CONTRIBUTOR,aeac7bc7f,1897,144,0,,
pytorch,FBGEMM,2025-09-01,closed,CONTRIBUTOR,ad89c6e6c,36,8,0,,
pytorch,FBGEMM,2025-09-01,closed,NONE,adc1aa5d0,2,1,0,,
pytorch,FBGEMM,2025-09-01,closed,NONE,a32199e81,1,1,0,,
pytorch,FBGEMM,2025-10-01,closed,NONE,a2a0d4346,122,2,4,2,
pytorch,FBGEMM,2025-10-01,closed,CONTRIBUTOR,ad89c6e6c,1,1,0,,
pytorch,FBGEMM,2025-10-01,closed,CONTRIBUTOR,ad89c6e6c,156,2,0,,
pytorch,FBGEMM,2025-10-01,closed,NONE,ae2d5cb69,297,2,0,,
pytorch,FBGEMM,2025-10-01,closed,CONTRIBUTOR,a671f7a9b,638,9,0,,
pytorch,FBGEMM,2025-10-01,closed,NONE,a4f635452,209,1,0,,
pytorch,FBGEMM,2025-10-01,closed,CONTRIBUTOR,ad9fef04d,29,2,0,,
pytorch,FBGEMM,2025-10-01,closed,NONE,a4f635452,186,1,0,,
pytorch,FBGEMM,2025-10-01,closed,CONTRIBUTOR,aca4fc457,479,2,0,,
pytorch,FBGEMM,2025-10-01,closed,CONTRIBUTOR,a06822a45,876,11,0,,
pytorch,FBGEMM,2025-10-01,open,CONTRIBUTOR,aca4fc457,67,2,0,,
pytorch,FBGEMM,2025-10-01,closed,NONE,ae69ef8f1,4,1,0,,
pytorch,FBGEMM,2025-10-01,closed,NONE,ae7f1f936,6,1,0,,
pytorch,FBGEMM,2025-10-01,open,CONTRIBUTOR,af8ae3c4f,417,5,0,,
pytorch,FBGEMM,2025-11-01,closed,CONTRIBUTOR,aca4fc457,82,1,0,,
pytorch,FBGEMM,2025-11-01,closed,CONTRIBUTOR,ad89c6e6c,83,6,0,,
pytorch,FBGEMM,2025-11-01,closed,CONTRIBUTOR,a1baf7467,45,2,0,,
pytorch,FBGEMM,2025-11-01,closed,CONTRIBUTOR,a296ea91a,35,1,3,171,
pytorch,FBGEMM,2025-11-01,closed,CONTRIBUTOR,af188d2fd,200,9,0,,
pytorch,FBGEMM,2025-11-01,closed,CONTRIBUTOR,a24adf720,164,2,0,,
pytorch,FBGEMM,2025-11-01,closed,CONTRIBUTOR,a8bcb8cff,16,1,0,,
pytorch,FBGEMM,2025-11-01,closed,CONTRIBUTOR,a8531640c,7,1,0,,
pytorch,FBGEMM,2025-12-01,open,CONTRIBUTOR,a8bcb8cff,747,6,0,,
pytorch,FBGEMM,2025-12-01,closed,CONTRIBUTOR,ad89c6e6c,14,2,0,,
pytorch,FBGEMM,2025-12-01,closed,CONTRIBUTOR,aae8ec283,177,2,0,,
pytorch,FBGEMM,2025-12-01,closed,NONE,aa315181a,423,8,0,,
pytorch,FBGEMM,2025-12-01,open,NONE,acd1a7e73,10,2,0,,
pytorch,FBGEMM,2025-12-01,closed,NONE,acd1a7e73,204,7,0,,
pytorch,FBGEMM,2025-12-01,closed,CONTRIBUTOR,af188d2fd,2,1,0,,
pytorch,FBGEMM,2025-12-01,closed,CONTRIBUTOR,af188d2fd,119,1,0,,
pytorch,FBGEMM,2025-12-01,closed,CONTRIBUTOR,ad89c6e6c,145,4,0,,
pytorch,FBGEMM,2025-12-01,closed,CONTRIBUTOR,aeac7bc7f,4,1,0,,
pytorch,FBGEMM,2025-12-01,closed,CONTRIBUTOR,af991746b,13,1,0,,
pytorch,FBGEMM,2025-12-01,closed,CONTRIBUTOR,a04b4bf57,299,5,0,,
pytorch,FBGEMM,2025-12-01,closed,CONTRIBUTOR,ad89c6e6c,148,5,0,,
pytorch,FBGEMM,2025-12-01,closed,CONTRIBUTOR,aeac7bc7f,46,4,0,,
pytorch,FBGEMM,2025-12-01,closed,CONTRIBUTOR,ad89c6e6c,399,22,0,,
pytorch,FBGEMM,2026-01-01,closed,CONTRIBUTOR,aeac7bc7f,582,34,0,,
pytorch,FBGEMM,2026-01-01,closed,CONTRIBUTOR,ad89c6e6c,256,6,0,,
pytorch,FBGEMM,2026-01-01,closed,CONTRIBUTOR,aab52350d,14,1,0,,
pytorch,FBGEMM,2026-01-01,closed,CONTRIBUTOR,ad89c6e6c,7,1,0,,
pytorch,FBGEMM,2026-01-01,closed,CONTRIBUTOR,ad89c6e6c,85,6,0,,
pytorch,FBGEMM,2026-01-01,closed,NONE,a4f635452,72,1,0,,
pytorch,FBGEMM,2026-01-01,closed,CONTRIBUTOR,aeac7bc7f,34,4,0,,
pytorch,FBGEMM,2026-01-01,closed,NONE,ae2d5cb69,6,1,0,,
pytorch,FBGEMM,2026-01-01,closed,CONTRIBUTOR,aeac7bc7f,122,7,0,,
pytorch,FBGEMM,2026-02-01,closed,CONTRIBUTOR,aeac7bc7f,412,33,0,,
pytorch,FBGEMM,2026-02-01,closed,CONTRIBUTOR,ad89c6e6c,13792,43,0,,
pytorch,FBGEMM,2026-02-01,closed,CONTRIBUTOR,ad89c6e6c,4,2,0,,
pytorch,FBGEMM,2026-02-01,closed,MEMBER,a3d55ec1a,135,2,0,,
pytorch,FBGEMM,2026-02-01,closed,CONTRIBUTOR,ad89c6e6c,16,4,0,,
pytorch,FBGEMM,2026-02-01,closed,CONTRIBUTOR,a8531640c,11,1,0,,
pytorch,FBGEMM,2026-02-01,closed,CONTRIBUTOR,ad89c6e6c,3040,87,0,,
pytorch,FBGEMM,2026-03-01,closed,CONTRIBUTOR,ad89c6e6c,29,1,0,,
pytorch,FBGEMM,2026-03-01,closed,CONTRIBUTOR,a9ab60532,218,2,0,,
pytorch,FBGEMM,2026-03-01,closed,CONTRIBUTOR,acffb9732,46,4,0,,
pytorch,FBGEMM,2026-03-01,open,NONE,aee68a020,512,4,0,,
pytorch,FBGEMM,2026-03-01,closed,CONTRIBUTOR,a492f8db4,426,7,0,,
pytorch,FBGEMM,2026-03-01,closed,CONTRIBUTOR,ac5487cf6,1403,17,0,,
pytorch,FBGEMM,2026-03-01,closed,CONTRIBUTOR,a2423b993,340,1,0,,
pytorch,FBGEMM,2026-03-01,closed,CONTRIBUTOR,acffb9732,572,71,0,,
pytorch,FBGEMM,2026-03-01,closed,CONTRIBUTOR,ad89c6e6c,13,2,0,,
pytorch,FBGEMM,2026-03-01,closed,CONTRIBUTOR,ac5487cf6,548,8,0,,
pytorch,FBGEMM,2026-03-01,closed,CONTRIBUTOR,ad89c6e6c,19,1,0,,
pytorch,FBGEMM,2026-03-01,open,CONTRIBUTOR,ad89c6e6c,34,1,0,,
pytorch,FBGEMM,2026-03-01,closed,CONTRIBUTOR,abfdf0bef,87,3,0,,
pytorch,FBGEMM,2026-03-01,closed,CONTRIBUTOR,ad89c6e6c,118,1,0,,
pytorch,FBGEMM,2026-03-01,open,CONTRIBUTOR,ad89c6e6c,54,2,0,,
pytorch,FBGEMM,2026-04-01,open,CONTRIBUTOR,ad89c6e6c,28,1,0,,
pytorch,FBGEMM,2026-04-01,closed,CONTRIBUTOR,a786601c8,687,2,0,,
pytorch,FBGEMM,2026-04-01,closed,CONTRIBUTOR,aeac7bc7f,36,3,0,,
pytorch,FBGEMM,2026-04-01,closed,CONTRIBUTOR,ad89c6e6c,136,1,0,,
pytorch,FBGEMM,2026-04-01,closed,CONTRIBUTOR,aeac7bc7f,29,1,0,,
pytorch,FBGEMM,2026-04-01,closed,CONTRIBUTOR,aeac7bc7f,178,18,0,,
pytorch,FBGEMM,2026-04-01,closed,CONTRIBUTOR,aeac7bc7f,72,2,0,,
pytorch,FBGEMM,2026-04-01,closed,CONTRIBUTOR,ac8fee512,23,1,0,,
pytorch,FBGEMM,2026-04-01,closed,CONTRIBUTOR,ac8fee512,23,1,0,,
pytorch,FBGEMM,2026-04-01,closed,CONTRIBUTOR,a8531640c,5,2,0,,
pytorch,FBGEMM,2026-04-01,closed,NONE,aa315181a,264,3,0,,
pytorch,FBGEMM,2026-04-01,closed,CONTRIBUTOR,ad89c6e6c,19,2,0,,
pytorch,FBGEMM,2026-04-01,closed,CONTRIBUTOR,ad89c6e6c,24,1,0,,
pytorch,FBGEMM,2026-04-01,closed,NONE,af2f5786e,30,1,1,337,
pytorch,FBGEMM,2026-04-01,closed,NONE,aa315181a,10,1,0,,
pytorch,FBGEMM,2026-04-01,closed,CONTRIBUTOR,ad89c6e6c,518,1,0,,
pytorch,FBGEMM,2026-04-01,open,CONTRIBUTOR,ac5487cf6,27,1,0,,
pytorch,FBGEMM,2026-04-01,closed,CONTRIBUTOR,a786601c8,37,2,0,,
pytorch,FBGEMM,2026-04-01,open,NONE,aba40b084,75,3,0,,
pytorch,FBGEMM,2026-04-01,closed,CONTRIBUTOR,a786601c8,74,2,0,,
pytorch,FBGEMM,2026-04-01,closed,CONTRIBUTOR,acffb9732,1059,6,0,,
pytorch,FBGEMM,2026-05-01,closed,NONE,ab5a340ce,2312,5,0,,
pytorch,FBGEMM,2026-05-01,closed,NONE,ae2d5cb69,538,12,0,,
pytorch,FBGEMM,2026-05-01,open,CONTRIBUTOR,a983b6cd1,22,1,0,,
pytorch,FBGEMM,2026-05-01,closed,CONTRIBUTOR,ad89c6e6c,219,5,0,,
pytorch,FBGEMM,2026-05-01,closed,CONTRIBUTOR,ad89c6e6c,45,1,0,,
pytorch,FBGEMM,2026-05-01,open,CONTRIBUTOR,a983b6cd1,3,1,0,,
pytorch,FBGEMM,2026-05-01,closed,CONTRIBUTOR,acffb9732,851,1,0,,
pytorch,FBGEMM,2026-05-01,closed,CONTRIBUTOR,a8531640c,2,1,0,,
pytorch,FBGEMM,2026-05-01,open,CONTRIBUTOR,a3befc7cd,69,2,0,,
pytorch,FBGEMM,2026-05-01,closed,NONE,a827860bd,13,2,0,,
pytorch,FBGEMM,2026-05-01,open,CONTRIBUTOR,a72e5ee0e,862,47,0,,
pytorch,FBGEMM,2026-05-01,open,CONTRIBUTOR,a37a9953d,15,1,0,,
pytorch,FBGEMM,2026-06-01,closed,CONTRIBUTOR,ad89c6e6c,66,1,0,,
pytorch,FBGEMM,2026-06-01,closed,CONTRIBUTOR,affa1f180,7,1,0,,
pytorch,FBGEMM,2026-06-01,closed,CONTRIBUTOR,acffb9732,137,1,0,,
pytorch,FBGEMM,2026-06-01,closed,CONTRIBUTOR,ad89c6e6c,1464,2,0,,
pytorch,FBGEMM,2026-06-01,closed,CONTRIBUTOR,aeac7bc7f,262,11,0,,
pytorch,FBGEMM,2026-06-01,closed,CONTRIBUTOR,ad89c6e6c,10,3,0,,
pytorch,FBGEMM,2026-06-01,closed,CONTRIBUTOR,acffb9732,32,2,0,,
pytorch,FBGEMM,2026-06-01,open,CONTRIBUTOR,ac12e505b,105,3,0,,
pytorch,FBGEMM,2026-06-01,closed,CONTRIBUTOR,ad89c6e6c,47,4,0,,
pytorch,FBGEMM,2026-06-01,closed,CONTRIBUTOR,ad89c6e6c,92,8,0,,
pytorch,FBGEMM,2026-06-01,closed,CONTRIBUTOR,ad89c6e6c,158,1,0,,
pytorch,FBGEMM,2026-06-01,closed,CONTRIBUTOR,acffb9732,41,1,0,,
pytorch,FBGEMM,2026-06-01,closed,CONTRIBUTOR,ad89c6e6c,73,5,0,,
pytorch,FBGEMM,2026-06-01,closed,CONTRIBUTOR,ad89c6e6c,101,4,0,,
pytorch,FBGEMM,2026-06-01,closed,CONTRIBUTOR,ad89c6e6c,22,1,0,,
pytorch,FBGEMM,2026-06-01,closed,CONTRIBUTOR,ad89c6e6c,570,6,0,,
pytorch,FBGEMM,2026-06-01,closed,CONTRIBUTOR,acffb9732,15,1,0,,
pytorch,FBGEMM,2026-06-01,closed,CONTRIBUTOR,aeac7bc7f,457,17,0,,
pytorch,FBGEMM,2026-06-01,closed,CONTRIBUTOR,aa22d9d8a,17,1,0,,
pytorch,FBGEMM,2026-06-01,closed,CONTRIBUTOR,a8531640c,16,4,0,,
pytorch,FBGEMM,2026-07-01,closed,NONE,ab5a340ce,686,5,0,,
pytorch,FBGEMM,2026-07-01,closed,CONTRIBUTOR,ad89c6e6c,77,2,0,,
pytorch,FBGEMM,2026-07-01,closed,CONTRIBUTOR,aeac7bc7f,6,1,0,,
pytorch,FBGEMM,2026-07-01,closed,CONTRIBUTOR,ad89c6e6c,129,2,0,,
pytorch,FBGEMM,2026-07-01,closed,CONTRIBUTOR,ad89c6e6c,84,2,0,,
pytorch,FBGEMM,2026-07-01,closed,CONTRIBUTOR,ad89c6e6c,46,3,0,,
pytorch,FBGEMM,2026-07-01,closed,CONTRIBUTOR,ad89c6e6c,47,1,0,,
pytorch,FBGEMM,2026-07-01,closed,CONTRIBUTOR,ad89c6e6c,497,17,0,,
pytorch,FBGEMM,2026-07-01,open,NONE,a9b9a0420,216,5,0,,
pytorch,FBGEMM,2026-07-01,closed,NONE,aa315181a,74,1,0,,
pytorch,FBGEMM,2026-07-01,closed,NONE,aa315181a,1340,5,0,,
pytorch,FBGEMM,2026-07-01,open,CONTRIBUTOR,ad89c6e6c,215,1,0,,
pytorch,FBGEMM,2026-07-01,closed,CONTRIBUTOR,ad89c6e6c,27,1,0,,
pytorch,FBGEMM,2026-07-01,closed,CONTRIBUTOR,ad89c6e6c,168,1,0,,
pytorch,FBGEMM,2026-07-01,closed,CONTRIBUTOR,ad89c6e6c,262,1,0,,
pytorch,pytorch,2023-08-01,closed,NONE,a4a5e07de,3,3,0,,
pytorch,pytorch,2023-08-01,closed,CONTRIBUTOR,ae1c57010,2,1,3,0,
pytorch,pytorch,2023-08-01,closed,CONTRIBUTOR,a73a9574e,481,15,0,,
pytorch,pytorch,2023-08-01,closed,CONTRIBUTOR,a4906334c,136,3,1,121,
pytorch,pytorch,2023-08-01,closed,CONTRIBUTOR,a6e3e1227,468,15,2,1,
pytorch,pytorch,2023-08-01,closed,CONTRIBUTOR,af46d2248,10,1,1,8,
pytorch,pytorch,2023-08-01,closed,CONTRIBUTOR,abd4fe483,178,4,2,264,
pytorch,pytorch,2023-08-01,merged,CONTRIBUTOR,a41334601,16,2,1,36,36
pytorch,pytorch,2023-08-01,closed,CONTRIBUTOR,a91ac4b9b,23,6,1,17,
pytorch,pytorch,2023-08-01,closed,COLLABORATOR,ab6cb35e7,2,1,0,,
pytorch,pytorch,2023-08-01,closed,COLLABORATOR,aeac7bc7f,124,10,2,2,
pytorch,pytorch,2023-08-01,open,CONTRIBUTOR,aa238cb0a,176,2,4,2,
pytorch,pytorch,2023-08-01,closed,CONTRIBUTOR,a41d447d6,31,6,2,142,
pytorch,pytorch,2023-08-01,closed,CONTRIBUTOR,a95a7bc64,268,8,6,0,
pytorch,pytorch,2023-08-01,closed,COLLABORATOR,aeb068263,2,1,2,0,
pytorch,pytorch,2023-08-01,merged,CONTRIBUTOR,aba90eb5b,30,2,1,0,147
pytorch,pytorch,2023-08-01,closed,CONTRIBUTOR,a18c03ea5,648,9,0,,
pytorch,pytorch,2023-08-01,closed,CONTRIBUTOR,ab2ece173,1189,8,0,,
pytorch,pytorch,2023-08-01,closed,COLLABORATOR,a4dac1560,47,2,1,131,
pytorch,pytorch,2023-08-01,closed,COLLABORATOR,aeac7bc7f,28,6,1,7,
pytorch,pytorch,2023-08-01,closed,CONTRIBUTOR,a263b1a55,3,1,1,0,
pytorch,pytorch,2023-08-01,closed,NONE,a5e4d53f3,100,2,5,14,
pytorch,pytorch,2023-08-01,closed,COLLABORATOR,a9d3065cc,26,2,1,2,
pytorch,pytorch,2023-08-01,closed,CONTRIBUTOR,a41334601,158,2,1,2,
pytorch,pytorch,2023-08-01,closed,CONTRIBUTOR,a0672f764,84,5,1,0,
pytorch,pytorch,2023-08-01,closed,CONTRIBUTOR,ae66f3706,346,1,0,,
pytorch,pytorch,2023-08-01,closed,CONTRIBUTOR,a94cbb390,3,1,4,4,
pytorch,pytorch,2023-08-01,closed,CONTRIBUTOR,aa238cb0a,3,3,2,1,
pytorch,pytorch,2023-08-01,closed,NONE,a1d527fba,1901,65,0,,
pytorch,pytorch,2023-08-01,closed,COLLABORATOR,a605b05d7,54,3,13,125,
pytorch,pytorch,2023-08-01,closed,COLLABORATOR,aeba75f66,445,1,2,13,
pytorch,pytorch,2023-08-01,merged,CONTRIBUTOR,a94cbb390,5,2,1,184,184
pytorch,pytorch,2023-08-01,closed,CONTRIBUTOR,a94cbb390,5,2,1,0,
pytorch,pytorch,2023-08-01,closed,CONTRIBUTOR,ab14f2c80,920,7,26,193,
pytorch,pytorch,2023-08-01,closed,CONTRIBUTOR,a9dd2e3c0,23,2,4,3,
pytorch,pytorch,2023-08-01,closed,CONTRIBUTOR,a6e3e1227,2,1,0,,
pytorch,pytorch,2023-08-01,closed,CONTRIBUTOR,ac20f2836,37,2,3,90,
pytorch,pytorch,2023-08-01,closed,CONTRIBUTOR,a76060dbc,531,10,25,4,
pytorch,pytorch,2023-08-01,closed,CONTRIBUTOR,a6945488e,725,6,13,36,
pytorch,pytorch,2023-08-01,closed,COLLABORATOR,af0299b70,114,8,18,0,
pytorch,pytorch,2023-08-01,closed,CONTRIBUTOR,ab14f2c80,401,6,0,,
pytorch,pytorch,2023-08-01,closed,CONTRIBUTOR,a0f865202,1,1,1,139,
pytorch,pytorch,2023-08-01,closed,COLLABORATOR,ace4e0dfb,10,2,1,1,
pytorch,pytorch,2023-08-01,closed,COLLABORATOR,ab80641ee,34,1,12,431,
pytorch,pytorch,2023-08-01,closed,CONTRIBUTOR,ab689c736,40,3,3,0,
pytorch,pytorch,2023-08-01,closed,COLLABORATOR,aa773f4ff,133,7,8,0,
pytorch,pytorch,2023-08-01,closed,CONTRIBUTOR,a1eb0cd02,24,3,0,,
pytorch,pytorch,2023-08-01,closed,CONTRIBUTOR,a642039ad,35,4,0,,
pytorch,pytorch,2023-08-01,closed,CONTRIBUTOR,a12b73b28,14,1,3,108,
pytorch,pytorch,2023-08-01,closed,COLLABORATOR,a4a4c796d,1,1,7,0,
pytorch,pytorch,2023-08-01,closed,COLLABORATOR,a605b05d7,38,4,2,5,
pytorch,pytorch,2023-08-01,closed,CONTRIBUTOR,a18c03ea5,35,1,3,10,
pytorch,pytorch,2023-08-01,closed,CONTRIBUTOR,a41334601,81,2,1,15,
pytorch,pytorch,2023-08-01,closed,CONTRIBUTOR,a06bab993,235,5,1,22,
pytorch,pytorch,2023-08-01,closed,CONTRIBUTOR,ab689c736,1,1,1,0,
pytorch,pytorch,2023-08-01,closed,CONTRIBUTOR,ac4ae7b08,149,2,6,3,
pytorch,pytorch,2023-08-01,closed,CONTRIBUTOR,afb62a5b9,59,5,0,,
pytorch,pytorch,2023-08-01,closed,CONTRIBUTOR,a41334601,14,4,1,0,
pytorch,pytorch,2023-08-01,closed,COLLABORATOR,a9d3065cc,28,3,4,4,
pytorch,pytorch,2023-08-01,closed,COLLABORATOR,a9d3065cc,75,3,1,8,
pytorch,pytorch,2023-08-01,closed,CONTRIBUTOR,abf8a423e,36,3,0,,
pytorch,pytorch,2023-08-01,closed,CONTRIBUTOR,a41334601,2,2,2,15,
pytorch,pytorch,2023-08-01,closed,COLLABORATOR,ace4e0dfb,776,4,5,0,
pytorch,pytorch,2023-08-01,closed,COLLABORATOR,ae617e84f,151,14,13,2,
pytorch,pytorch,2023-08-01,closed,CONTRIBUTOR,a86d61f3b,20,5,1,2,
pytorch,pytorch,2023-08-01,closed,CONTRIBUTOR,a740472d6,69,4,4,2,
pytorch,pytorch,2023-08-01,closed,MEMBER,a82fe44ad,32,2,3,26,
pytorch,pytorch,2023-08-01,closed,CONTRIBUTOR,a740472d6,2,1,4,3,
pytorch,pytorch,2023-08-01,closed,CONTRIBUTOR,a76060dbc,90,3,8,22,
pytorch,pytorch,2023-08-01,closed,COLLABORATOR,a5ac668f6,27,3,0,,
pytorch,pytorch,2023-08-01,closed,COLLABORATOR,ae25f14a4,13,3,7,0,
pytorch,pytorch,2023-08-01,closed,COLLABORATOR,a21df1e70,34,1,5,11,
pytorch,pytorch,2023-08-01,closed,COLLABORATOR,a0b049b21,434,2,1,3,
pytorch,pytorch,2023-08-01,closed,COLLABORATOR,a9d3065cc,3,1,2,4,
pytorch,pytorch,2023-08-01,closed,CONTRIBUTOR,a39a50856,68,20,0,,
pytorch,pytorch,2023-08-01,closed,NONE,a2952e798,30,7,0,,
pytorch,pytorch,2023-08-01,closed,CONTRIBUTOR,a642039ad,34,1,3,72,
pytorch,pytorch,2023-08-01,closed,CONTRIBUTOR,a18c03ea5,18,3,1,0,
pytorch,pytorch,2023-08-01,closed,CONTRIBUTOR,ab9aa8009,274,5,0,,
pytorch,pytorch,2023-08-01,closed,CONTRIBUTOR,a642039ad,290,11,4,21,
pytorch,pytorch,2023-08-01,closed,COLLABORATOR,aa773f4ff,338,18,2,162,
pytorch,pytorch,2023-08-01,closed,CONTRIBUTOR,a3be39839,290,2,6,1,
pytorch,pytorch,2023-08-01,closed,COLLABORATOR,a68e7039b,40323,58,0,,
pytorch,pytorch,2023-08-01,closed,CONTRIBUTOR,a76060dbc,68,2,4,0,
pytorch,pytorch,2023-08-01,closed,COLLABORATOR,a72e5ee0e,19,2,1,12,
pytorch,pytorch,2023-08-01,closed,CONTRIBUTOR,a7ce52711,32,2,10,12,
pytorch,pytorch,2023-08-01,closed,COLLABORATOR,a286957d0,449,10,17,4,
pytorch,pytorch,2023-08-01,closed,COLLABORATOR,ace4e0dfb,197,7,1,44,
pytorch,pytorch,2023-08-01,closed,CONTRIBUTOR,af46d2248,79,3,3,2,
pytorch,pytorch,2023-08-01,closed,COLLABORATOR,a21df1e70,13,2,1,29,
pytorch,pytorch,2023-08-01,closed,CONTRIBUTOR,a18c03ea5,4,2,1,3,
pytorch,pytorch,2023-08-01,closed,CONTRIBUTOR,aafdabdc3,8,1,1,20,
pytorch,pytorch,2023-08-01,closed,COLLABORATOR,a0ba25606,10,2,1,0,
pytorch,pytorch,2023-08-01,closed,COLLABORATOR,a4dac1560,366,7,4,83,
pytorch,pytorch,2023-08-01,closed,CONTRIBUTOR,a3be39839,221,4,27,3,
pytorch,pytorch,2023-08-01,closed,CONTRIBUTOR,a175b1598,0,0,0,,
pytorch,pytorch,2023-08-01,closed,CONTRIBUTOR,a6c25fcc8,63,5,7,131,
pytorch,pytorch,2023-08-01,closed,CONTRIBUTOR,a5d25ac09,55,2,0,,
pytorch,pytorch,2023-08-01,closed,COLLABORATOR,a7c32ab52,490,4,2,4,
pytorch,pytorch,2023-08-01,closed,COLLABORATOR,a0b049b21,2,1,1,26,
pytorch,pytorch,2023-08-01,closed,CONTRIBUTOR,a079c3a68,2,1,1,12,
pytorch,pytorch,2023-08-01,closed,COLLABORATOR,a6fb1e29c,149,2,1,16,
pytorch,pytorch,2023-08-01,closed,NONE,a23659394,14,1,1,15,
pytorch,pytorch,2023-08-01,closed,COLLABORATOR,ad655184d,2,1,1,0,
pytorch,pytorch,2023-08-01,closed,COLLABORATOR,aaee1c0cd,161,5,0,,
pytorch,pytorch,2023-08-01,closed,COLLABORATOR,aab0b0a28,12,1,2,1,
pytorch,pytorch,2023-08-01,closed,COLLABORATOR,a553f2a58,13,2,3,4,
pytorch,pytorch,2023-08-01,closed,MEMBER,a1d1ec4c4,92,2,2,79,
pytorch,pytorch,2023-08-01,closed,NONE,a8c040772,26,1,1,0,
pytorch,pytorch,2023-08-01,closed,CONTRIBUTOR,a18c03ea5,8,2,1,41,
pytorch,pytorch,2023-08-01,closed,NONE,a8c040772,26,1,0,,
pytorch,pytorch,2023-08-01,closed,CONTRIBUTOR,a1e625f4d,413,40,1,0,
pytorch,pytorch,2023-08-01,closed,CONTRIBUTOR,a06bab993,105,1,1,18,
pytorch,pytorch,2023-08-01,closed,CONTRIBUTOR,a9da25011,98,5,2,36,
pytorch,pytorch,2023-08-01,closed,CONTRIBUTOR,a18947450,2,1,1,13,
pytorch,pytorch,2023-08-01,closed,CONTRIBUTOR,af51339d9,14,2,1,534,
pytorch,pytorch,2023-08-01,closed,COLLABORATOR,a7c32ab52,36,5,3,7,
pytorch,pytorch,2023-08-01,closed,COLLABORATOR,aafa76c3d,198,3,5,146,
pytorch,pytorch,2023-08-01,closed,CONTRIBUTOR,a73b095db,58,2,0,,
pytorch,pytorch,2023-08-01,closed,CONTRIBUTOR,afb62a5b9,195,4,10,48,
pytorch,pytorch,2023-08-01,closed,CONTRIBUTOR,add189f6d,8,1,2,4,
pytorch,pytorch,2023-08-01,closed,COLLABORATOR,a5ac668f6,11,5,1,1809,
pytorch,pytorch,2023-08-01,closed,CONTRIBUTOR,afb62a5b9,67,3,1,7,
pytorch,pytorch,2023-08-01,closed,COLLABORATOR,a5f149101,514,10,2,4,
pytorch,pytorch,2023-08-01,closed,COLLABORATOR,a0ba25606,2,1,0,,
pytorch,pytorch,2023-08-01,closed,CONTRIBUTOR,afb62a5b9,498,3,24,0,
pytorch,pytorch,2023-08-01,closed,COLLABORATOR,a68e7039b,2,1,2,30,
pytorch,pytorch,2023-08-01,closed,CONTRIBUTOR,add189f6d,1,1,1,0,
pytorch,pytorch,2023-08-01,closed,COLLABORATOR,aeba75f66,51,2,4,103,
pytorch,pytorch,2023-08-01,closed,CONTRIBUTOR,a4899c86a,12,1,1,104,
pytorch,pytorch,2023-08-01,closed,COLLABORATOR,a6fb1e29c,3,1,1,12,
pytorch,pytorch,2023-08-01,closed,COLLABORATOR,aa3f63d8a,1,1,0,,
pytorch,pytorch,2023-08-01,closed,CONTRIBUTOR,add189f6d,5,1,1,24,
pytorch,pytorch,2023-08-01,closed,CONTRIBUTOR,ab028fbf6,2,1,2,0,
pytorch,pytorch,2023-08-01,closed,CONTRIBUTOR,a1febba14,119,1,8,166,
pytorch,pytorch,2023-08-01,closed,CONTRIBUTOR,a554ec844,8,2,2,51,
pytorch,pytorch,2023-08-01,closed,CONTRIBUTOR,a9dd2e3c0,2,1,0,,
pytorch,pytorch,2023-08-01,closed,COLLABORATOR,a68e7039b,201,9,0,,
pytorch,pytorch,2023-08-01,closed,CONTRIBUTOR,ad538488c,9,1,0,,
pytorch,pytorch,2023-08-01,closed,COLLABORATOR,a821316f3,17,2,7,5,
pytorch,pytorch,2023-08-01,closed,MEMBER,ab6c48616,90,6,7,1,
pytorch,pytorch,2023-08-01,closed,CONTRIBUTOR,a91ac4b9b,7,1,1,1,
pytorch,pytorch,2023-08-01,closed,CONTRIBUTOR,af38e9f69,6,3,2,5,
pytorch,pytorch,2023-08-01,closed,CONTRIBUTOR,a740472d6,3,1,0,,
pytorch,pytorch,2023-08-01,closed,MEMBER,a846e2bc0,342,9,8,160,
pytorch,pytorch,2023-08-01,closed,COLLABORATOR,a070022eb,40,3,5,72,
pytorch,pytorch,2023-08-01,closed,CONTRIBUTOR,a94cbb390,685,46,0,,
pytorch,pytorch,2023-08-01,closed,CONTRIBUTOR,a2face19e,15,1,3,17,
pytorch,pytorch,2023-08-01,closed,COLLABORATOR,ab3e923f8,29,1,6,43,
pytorch,pytorch,2023-08-01,closed,COLLABORATOR,ae617e84f,154,3,17,48,
pytorch,pytorch,2023-08-01,closed,COLLABORATOR,abfbbfb4a,1,1,0,,
pytorch,pytorch,2023-08-01,closed,COLLABORATOR,a21df1e70,25,4,1,49,
pytorch,pytorch,2023-08-01,closed,CONTRIBUTOR,a5d25ac09,2,1,3,12,
pytorch,pytorch,2023-08-01,closed,CONTRIBUTOR,add199501,620,10,2,3,
pytorch,pytorch,2023-08-01,closed,COLLABORATOR,a553f2a58,3,1,3,76,
pytorch,pytorch,2023-08-01,closed,COLLABORATOR,ace4e0dfb,9,1,1,0,
pytorch,pytorch,2023-08-01,closed,CONTRIBUTOR,ab028fbf6,3,2,0,,
pytorch,pytorch,2023-08-01,closed,CONTRIBUTOR,ab689c736,195,5,6,1,
pytorch,pytorch,2023-08-01,closed,CONTRIBUTOR,ac20f2836,12,1,4,0,
pytorch,pytorch,2023-08-01,closed,CONTRIBUTOR,abd4fe483,11,1,1,0,
pytorch,pytorch,2023-08-01,closed,COLLABORATOR,aeac7bc7f,30,6,1,25,
pytorch,pytorch,2023-08-01,closed,CONTRIBUTOR,ab2ece173,315,6,3,17,
pytorch,pytorch,2023-08-01,closed,CONTRIBUTOR,a4906334c,657,2,1,37,
pytorch,pytorch,2023-08-01,closed,CONTRIBUTOR,a2f0ee6a2,6,1,0,,
pytorch,pytorch,2023-08-01,closed,CONTRIBUTOR,a74a2a73e,4,1,2,2,
pytorch,pytorch,2023-08-01,closed,CONTRIBUTOR,a18c03ea5,41,3,11,0,
pytorch,pytorch,2023-08-01,closed,COLLABORATOR,aa773f4ff,80,5,3,17,
pytorch,pytorch,2023-08-01,closed,COLLABORATOR,ad655184d,2,1,1,0,
pytorch,pytorch,2023-08-01,closed,COLLABORATOR,a21df1e70,5,2,1,5,
pytorch,pytorch,2023-08-01,closed,CONTRIBUTOR,afb62a5b9,50,3,1,6,
pytorch,pytorch,2023-09-01,closed,COLLABORATOR,ab80641ee,111,2,1,1541,
pytorch,pytorch,2023-09-01,closed,MEMBER,a82fe44ad,51,5,2,96,
pytorch,pytorch,2023-09-01,closed,CONTRIBUTOR,a43b0184c,2,1,2,117,
pytorch,pytorch,2023-09-01,closed,CONTRIBUTOR,a4e283c3a,1,1,1,43,
pytorch,pytorch,2023-09-01,closed,CONTRIBUTOR,a76060dbc,258,13,0,,
pytorch,pytorch,2023-09-01,closed,CONTRIBUTOR,ab2ece173,24,2,1,2,
pytorch,pytorch,2023-09-01,closed,CONTRIBUTOR,ac765a836,6,1,0,,
pytorch,pytorch,2023-09-01,closed,COLLABORATOR,a7c32ab52,9,2,4,3,
pytorch,pytorch,2023-09-01,closed,COLLABORATOR,a7c32ab52,276,15,52,16,
pytorch,pytorch,2023-09-01,closed,CONTRIBUTOR,ae516bc6e,2,2,0,,
pytorch,pytorch,2023-09-01,closed,CONTRIBUTOR,ae516bc6e,23,4,0,,
pytorch,pytorch,2023-09-01,closed,CONTRIBUTOR,ae516bc6e,10,4,0,,
pytorch,pytorch,2023-09-01,closed,COLLABORATOR,a12cd0aaa,91,4,9,7,
pytorch,pytorch,2023-09-01,closed,CONTRIBUTOR,a906baa07,29,1,5,7,
pytorch,pytorch,2023-09-01,closed,CONTRIBUTOR,a18c03ea5,89,3,1,18,
pytorch,pytorch,2023-09-01,merged,CONTRIBUTOR,a2f0ee6a2,10,2,1,12,39
pytorch,pytorch,2023-09-01,closed,COLLABORATOR,aeac7bc7f,113,8,10,249,
pytorch,pytorch,2023-09-01,closed,COLLABORATOR,aa773f4ff,75,1,0,,
pytorch,pytorch,2023-09-01,closed,CONTRIBUTOR,ab028fbf6,14180,93,0,,
pytorch,pytorch,2023-09-01,closed,CONTRIBUTOR,a8d482f18,5,1,1,0,
pytorch,pytorch,2023-09-01,closed,CONTRIBUTOR,afb62a5b9,109,7,11,0,
pytorch,pytorch,2023-09-01,merged,CONTRIBUTOR,a9dd2e3c0,23,2,1,21,21
pytorch,pytorch,2023-09-01,closed,NONE,a7599dc40,1,1,0,,
pytorch,pytorch,2023-09-01,closed,CONTRIBUTOR,ae516bc6e,1,1,2,44,
pytorch,pytorch,2023-09-01,closed,CONTRIBUTOR,ae516bc6e,10,3,4,43,
pytorch,pytorch,2023-09-01,closed,CONTRIBUTOR,ae516bc6e,24,6,0,,
pytorch,pytorch,2023-09-01,closed,CONTRIBUTOR,ae516bc6e,20,7,8,274,
pytorch,pytorch,2023-09-01,closed,CONTRIBUTOR,aa1306e47,49,2,1,0,
pytorch,pytorch,2023-09-01,closed,CONTRIBUTOR,ae516bc6e,35,4,0,,
pytorch,pytorch,2023-09-01,closed,CONTRIBUTOR,a0f865202,5,1,1,2398,
pytorch,pytorch,2023-09-01,closed,CONTRIBUTOR,ae516bc6e,2,2,2,40,
pytorch,pytorch,2023-09-01,closed,COLLABORATOR,a18695e74,391,6,39,20,
pytorch,pytorch,2023-09-01,closed,NONE,afd7fd7f1,1,1,0,,
pytorch,pytorch,2023-09-01,closed,NONE,af5c5ce4e,3,3,0,,
pytorch,pytorch,2023-09-01,closed,CONTRIBUTOR,a3592bbb4,174,15,1,83,
pytorch,pytorch,2023-09-01,closed,COLLABORATOR,a68e7039b,197,4,0,,
pytorch,pytorch,2023-09-01,closed,COLLABORATOR,aeac7bc7f,5,1,1,6,
pytorch,pytorch,2023-09-01,closed,CONTRIBUTOR,a642039ad,36,3,2,0,
pytorch,pytorch,2023-09-01,closed,CONTRIBUTOR,a642039ad,33,4,1,4,
pytorch,pytorch,2023-09-01,closed,CONTRIBUTOR,ab028fbf6,6,2,0,,
pytorch,pytorch,2023-09-01,closed,COLLABORATOR,a0aaba698,37,2,1,54,
pytorch,pytorch,2023-09-01,closed,CONTRIBUTOR,a53475393,4,2,9,1,
pytorch,pytorch,2023-09-01,closed,CONTRIBUTOR,a1febba14,48,1,5,0,
pytorch,pytorch,2023-09-01,closed,CONTRIBUTOR,a1febba14,5,2,3,64,
pytorch,pytorch,2023-09-01,closed,NONE,add0d38f0,12,1,6,63,
pytorch,pytorch,2023-09-01,closed,NONE,af5c53c1d,2,1,0,,
pytorch,pytorch,2023-09-01,closed,CONTRIBUTOR,a8d482f18,15,2,1,4,
pytorch,pytorch,2023-09-01,merged,CONTRIBUTOR,a18c03ea5,854,4,1,36,36
pytorch,pytorch,2023-09-01,closed,CONTRIBUTOR,a740472d6,471,12,2,12,
pytorch,pytorch,2023-09-01,closed,COLLABORATOR,ad655184d,2,1,1,0,
pytorch,pytorch,2023-09-01,closed,CONTRIBUTOR,add189f6d,14,2,2,64,
pytorch,pytorch,2023-09-01,closed,COLLABORATOR,a611ecaad,13,1,0,,
pytorch,pytorch,2023-09-01,closed,COLLABORATOR,addf06b94,388,2,2,3,
pytorch,pytorch,2023-09-01,closed,COLLABORATOR,a0a5ccaf7,4,2,1,12,
pytorch,pytorch,2023-09-01,closed,NONE,ac8c8c6d7,85,10,0,,
pytorch,pytorch,2023-09-01,closed,CONTRIBUTOR,a6e3e1227,938,15,58,27,
pytorch,pytorch,2023-09-01,closed,CONTRIBUTOR,ab9aa8009,31,2,1,2,
pytorch,pytorch,2023-09-01,closed,COLLABORATOR,a68e7039b,37,3,0,,
pytorch,pytorch,2023-09-01,closed,CONTRIBUTOR,a9dd2e3c0,219,4,0,,
pytorch,pytorch,2023-09-01,merged,CONTRIBUTOR,ac4d476d2,22,3,1,3,3
pytorch,pytorch,2023-09-01,closed,COLLABORATOR,a4dac1560,54,2,1,54,
pytorch,pytorch,2023-09-01,closed,CONTRIBUTOR,ad1b2f518,110,3,0,,
pytorch,pytorch,2023-09-01,merged,COLLABORATOR,aa3f63d8a,12,2,1,1,1
pytorch,pytorch,2023-09-01,closed,CONTRIBUTOR,ac20f2836,6,1,1,30,
pytorch,pytorch,2023-09-01,closed,CONTRIBUTOR,a06bab993,23,2,0,,
pytorch,pytorch,2023-09-01,closed,COLLABORATOR,a96e79d8e,122,2,1,29,
pytorch,pytorch,2023-09-01,closed,COLLABORATOR,a96e79d8e,278,9,13,479,
pytorch,pytorch,2023-09-01,closed,CONTRIBUTOR,a18c03ea5,35,5,2,0,
pytorch,pytorch,2023-09-01,closed,CONTRIBUTOR,a41334601,34,3,0,,
pytorch,pytorch,2023-09-01,closed,CONTRIBUTOR,abd4fe483,157,9,8,12,
pytorch,pytorch,2023-09-01,closed,CONTRIBUTOR,ac73c2135,9,2,1,16,
pytorch,pytorch,2023-09-01,closed,COLLABORATOR,a7c32ab52,40,2,1,3,
pytorch,pytorch,2023-09-01,closed,CONTRIBUTOR,ae66f3706,7,1,1,0,
pytorch,pytorch,2023-09-01,closed,CONTRIBUTOR,a642039ad,107,3,4,5,
pytorch,pytorch,2023-09-01,closed,CONTRIBUTOR,a642039ad,270,5,2,0,
pytorch,pytorch,2023-09-01,closed,CONTRIBUTOR,a41d447d6,34,2,3,4,
pytorch,pytorch,2023-09-01,closed,COLLABORATOR,a5ac668f6,479,17,13,2017,
pytorch,pytorch,2023-09-01,merged,CONTRIBUTOR,ab028fbf6,8,1,2,1,1
pytorch,pytorch,2023-09-01,merged,CONTRIBUTOR,a18c03ea5,1,1,1,3,3
pytorch,pytorch,2023-09-01,closed,CONTRIBUTOR,a6945488e,298,3,4,28,
pytorch,pytorch,2023-09-01,closed,CONTRIBUTOR,a740472d6,48,2,1,0,
pytorch,pytorch,2023-09-01,closed,COLLABORATOR,aeac7bc7f,64,3,1,0,
pytorch,pytorch,2023-09-01,closed,COLLABORATOR,aeac7bc7f,7,2,0,,
pytorch,pytorch,2023-09-01,closed,COLLABORATOR,a9d3065cc,35,3,4,0,
pytorch,pytorch,2023-09-01,closed,COLLABORATOR,a075d3ab3,40,5,4,125,
pytorch,pytorch,2023-09-01,closed,CONTRIBUTOR,a642039ad,34,2,4,0,
pytorch,pytorch,2023-09-01,closed,CONTRIBUTOR,a642039ad,12,1,1,2,
pytorch,pytorch,2023-09-01,closed,CONTRIBUTOR,aa238cb0a,208,5,15,7,
pytorch,pytorch,2023-09-01,closed,CONTRIBUTOR,ac73c2135,16,2,2,2,
pytorch,pytorch,2023-09-01,closed,CONTRIBUTOR,ac73c2135,12,2,1,9,
pytorch,pytorch,2023-09-01,closed,CONTRIBUTOR,ae516bc6e,17,4,0,,
pytorch,pytorch,2023-09-01,closed,COLLABORATOR,aeac7bc7f,4,1,1,14,
pytorch,pytorch,2023-09-01,closed,COLLABORATOR,ad655184d,2,1,1,0,
pytorch,pytorch,2023-09-01,closed,COLLABORATOR,aeac7bc7f,50,3,3,4,
pytorch,pytorch,2023-09-01,closed,CONTRIBUTOR,ae516bc6e,52,4,10,0,
pytorch,pytorch,2023-09-01,closed,CONTRIBUTOR,ae66f3706,147,5,1,0,
pytorch,pytorch,2023-09-01,closed,COLLABORATOR,ad19ffe38,4,2,1,55,
pytorch,pytorch,2023-09-01,closed,COLLABORATOR,ad19ffe38,63,4,4,10,
pytorch,pytorch,2023-09-01,closed,NONE,ae31d9ca3,753,7,0,,
pytorch,pytorch,2023-09-01,closed,COLLABORATOR,aa773f4ff,133,7,1,3,
pytorch,pytorch,2023-09-01,closed,CONTRIBUTOR,aa1306e47,41,2,1,1,
pytorch,pytorch,2023-09-01,closed,NONE,ab0d591c7,1,1,0,,
pytorch,pytorch,2023-09-01,closed,CONTRIBUTOR,a6e3e1227,719,16,0,,
pytorch,pytorch,2023-09-01,closed,COLLABORATOR,aeac7bc7f,54,18,1,6,
pytorch,pytorch,2023-09-01,closed,NONE,aa3dabcf8,4,1,0,,
pytorch,pytorch,2023-09-01,closed,CONTRIBUTOR,ab14f2c80,53,4,0,,
pytorch,pytorch,2023-09-01,closed,CONTRIBUTOR,a420e022a,2,1,0,,
pytorch,pytorch,2023-09-01,closed,CONTRIBUTOR,a642039ad,2,1,1,23,
pytorch,pytorch,2023-09-01,closed,CONTRIBUTOR,a642039ad,2,1,2,54,
pytorch,pytorch,2023-09-01,closed,NONE,aa10917a0,51,2,14,0,
pytorch,pytorch,2023-09-01,closed,CONTRIBUTOR,ae516bc6e,52,8,0,,
pytorch,pytorch,2023-09-01,closed,CONTRIBUTOR,ac4ae7b08,187,1,1,13,
pytorch,pytorch,2023-09-01,closed,CONTRIBUTOR,a3552c582,37,4,3,1,
pytorch,pytorch,2023-09-01,closed,COLLABORATOR,a9d3065cc,12,2,1,0,
pytorch,pytorch,2023-09-01,closed,CONTRIBUTOR,afb62a5b9,20,2,5,2,
pytorch,pytorch,2023-09-01,closed,CONTRIBUTOR,afb62a5b9,2,1,2,2,
pytorch,pytorch,2023-09-01,closed,CONTRIBUTOR,afb62a5b9,131,2,5,4,
pytorch,pytorch,2023-09-01,closed,CONTRIBUTOR,ac73c2135,69,12,10,336,
pytorch,pytorch,2023-09-01,closed,CONTRIBUTOR,a95a7bc64,64,3,3,13,
pytorch,pytorch,2023-09-01,closed,CONTRIBUTOR,aac23526e,101,6,6,0,
pytorch,pytorch,2023-09-01,closed,COLLABORATOR,a68e7039b,670,12,0,,
pytorch,pytorch,2023-09-01,closed,COLLABORATOR,aeac7bc7f,237,33,13,6,
pytorch,pytorch,2023-09-01,closed,COLLABORATOR,aeac7bc7f,339,7,1,6,
pytorch,pytorch,2023-09-01,closed,CONTRIBUTOR,a6945488e,52,2,0,,
pytorch,pytorch,2023-09-01,closed,COLLABORATOR,addf06b94,26,2,8,0,
pytorch,pytorch,2023-09-01,merged,CONTRIBUTOR,a642039ad,37,1,1,1,1
pytorch,pytorch,2023-09-01,merged,COLLABORATOR,a9d3065cc,158,1,1,2,2
pytorch,pytorch,2023-09-01,closed,CONTRIBUTOR,a8faf02cc,6,1,1,2,
pytorch,pytorch,2023-09-01,closed,CONTRIBUTOR,ab754d804,1665,17,1,117,
pytorch,pytorch,2023-09-01,closed,COLLABORATOR,a605b05d7,2548,16,8,0,
pytorch,pytorch,2023-09-01,closed,CONTRIBUTOR,a9ae2e2bb,64,3,1,1,
pytorch,pytorch,2023-09-01,closed,CONTRIBUTOR,a6945488e,15,1,3,0,
pytorch,pytorch,2023-09-01,closed,COLLABORATOR,ad655184d,2,1,1,0,
pytorch,pytorch,2023-09-01,closed,COLLABORATOR,a68e7039b,74,3,3,11,
pytorch,pytorch,2023-09-01,closed,COLLABORATOR,accc9933e,46,2,1,24,
pytorch,pytorch,2023-09-01,closed,COLLABORATOR,a7c32ab52,9,2,1,21,
pytorch,pytorch,2023-09-01,closed,COLLABORATOR,aa773f4ff,343,19,1,27,
pytorch,pytorch,2023-09-01,closed,CONTRIBUTOR,aba90eb5b,55,3,1,1246,
pytorch,pytorch,2023-09-01,closed,NONE,a2570c929,2,1,0,,
pytorch,pytorch,2023-09-01,closed,CONTRIBUTOR,a37aaac61,2,1,3,12,
pytorch,pytorch,2023-09-01,closed,CONTRIBUTOR,a11fc527d,44,3,10,2,
pytorch,pytorch,2023-09-01,closed,CONTRIBUTOR,a468a7f64,24,2,1,5,
pytorch,pytorch,2023-09-01,closed,COLLABORATOR,af0299b70,33,4,12,22,
pytorch,pytorch,2023-09-01,closed,COLLABORATOR,ad655184d,2,1,1,0,
pytorch,pytorch,2023-09-01,closed,CONTRIBUTOR,a18c03ea5,13,1,1,6,
pytorch,pytorch,2023-09-01,closed,CONTRIBUTOR,afb62a5b9,44,4,0,,
pytorch,pytorch,2023-09-01,closed,CONTRIBUTOR,a29ff6491,6,1,0,,
pytorch,pytorch,2023-09-01,closed,CONTRIBUTOR,ab9fc4641,115,3,1,0,
pytorch,pytorch,2023-09-01,closed,CONTRIBUTOR,afb62a5b9,35,3,1,0,
pytorch,pytorch,2023-09-01,closed,CONTRIBUTOR,a1d8e3118,16,5,8,0,
pytorch,pytorch,2023-09-01,closed,CONTRIBUTOR,a18c03ea5,16,2,2,1,
pytorch,pytorch,2023-09-01,closed,CONTRIBUTOR,a1febba14,47,2,1,38,
pytorch,pytorch,2023-09-01,closed,COLLABORATOR,a68e7039b,3,1,4,2,
pytorch,pytorch,2023-09-01,closed,CONTRIBUTOR,a612f317c,104,2,6,138,
pytorch,pytorch,2023-09-01,closed,CONTRIBUTOR,ae7a7efe1,53,3,3,1,
pytorch,pytorch,2023-09-01,closed,CONTRIBUTOR,a53a38204,14,1,4,21,
pytorch,pytorch,2023-09-01,closed,CONTRIBUTOR,a43b0184c,2,1,1,1133,
pytorch,pytorch,2023-09-01,closed,CONTRIBUTOR,a6e3e1227,4,1,1,2,
pytorch,pytorch,2023-09-01,closed,COLLABORATOR,ac8c0369e,232,8,1,14,
pytorch,pytorch,2023-09-01,closed,CONTRIBUTOR,a41334601,12,3,1,111,
pytorch,pytorch,2023-09-01,closed,COLLABORATOR,aeac7bc7f,13,4,1,162,
pytorch,pytorch,2023-09-01,closed,CONTRIBUTOR,a6e3e1227,58,1,2,2,
pytorch,pytorch,2023-09-01,closed,CONTRIBUTOR,aa238cb0a,30,1,3,5,
pytorch,pytorch,2023-09-01,closed,CONTRIBUTOR,adaac1043,154,6,1,29,
pytorch,pytorch,2023-09-01,closed,CONTRIBUTOR,ae66f3706,7,1,4,0,
pytorch,pytorch,2023-09-01,closed,MEMBER,a846e2bc0,69,2,0,,
pytorch,pytorch,2023-09-01,closed,CONTRIBUTOR,ab9fc4641,2,1,1,0,
pytorch,pytorch,2023-09-01,closed,CONTRIBUTOR,a65ecafa4,32,1,1,72,
pytorch,pytorch,2023-09-01,closed,COLLABORATOR,aeac7bc7f,29,13,1,21,
pytorch,pytorch,2023-09-01,closed,CONTRIBUTOR,a2850457e,6,1,1,39,
pytorch,pytorch,2023-09-01,closed,MEMBER,a846e2bc0,368,12,11,0,
pytorch,pytorch,2023-09-01,closed,NONE,a2570c929,13,1,3,71,
pytorch,pytorch,2023-09-01,closed,COLLABORATOR,a611ecaad,50,4,9,7,
pytorch,pytorch,2023-09-01,closed,CONTRIBUTOR,a468a7f64,152,1,4,39,
pytorch,pytorch,2023-10-01,closed,COLLABORATOR,a611ecaad,77,4,5,63,
pytorch,pytorch,2023-10-01,closed,CONTRIBUTOR,a906baa07,6,1,1,342,
pytorch,pytorch,2023-10-01,closed,CONTRIBUTOR,a18c03ea5,480,2,5,0,
pytorch,pytorch,2023-10-01,closed,COLLABORATOR,a4dac1560,68,8,4,23,
pytorch,pytorch,2023-10-01,closed,CONTRIBUTOR,a6c8c07a8,4,1,3,0,
pytorch,pytorch,2023-10-01,closed,CONTRIBUTOR,a121e41b3,3,1,3,42,
pytorch,pytorch,2023-10-01,closed,COLLABORATOR,a4dac1560,221,2,0,,
pytorch,pytorch,2023-10-01,closed,NONE,a781871ce,28,2,0,,
pytorch,pytorch,2023-10-01,closed,CONTRIBUTOR,aa238cb0a,12,4,0,,
pytorch,pytorch,2023-10-01,closed,CONTRIBUTOR,ab2ece173,190,9,6,1,
pytorch,pytorch,2023-10-01,closed,COLLABORATOR,a22ea5b25,2,1,0,,
pytorch,pytorch,2023-10-01,closed,CONTRIBUTOR,a6e3e1227,75,4,2,9,
pytorch,pytorch,2023-10-01,closed,CONTRIBUTOR,abd4fe483,1092,3,0,,
pytorch,pytorch,2023-10-01,closed,COLLABORATOR,a821316f3,3,1,3,2,
pytorch,pytorch,2023-10-01,closed,CONTRIBUTOR,a740472d6,7,1,1,75,
pytorch,pytorch,2023-10-01,closed,CONTRIBUTOR,aa238cb0a,2,1,1,0,
pytorch,pytorch,2023-10-01,closed,CONTRIBUTOR,aef4a3e28,21,1,3,1,
pytorch,pytorch,2023-10-01,closed,COLLABORATOR,a611ecaad,2,1,1,31,
pytorch,pytorch,2023-10-01,closed,COLLABORATOR,aab0b0a28,4482,26,1,14,
pytorch,pytorch,2023-10-01,closed,COLLABORATOR,a18a2143e,74,5,0,,
pytorch,pytorch,2023-10-01,closed,CONTRIBUTOR,a26fa827f,7,1,2,202,
pytorch,pytorch,2023-10-01,closed,CONTRIBUTOR,a740472d6,602,6,0,,
pytorch,pytorch,2023-10-01,closed,COLLABORATOR,aab0b0a28,1162,2,9,7,
pytorch,pytorch,2023-10-01,closed,CONTRIBUTOR,add189f6d,44,7,0,,
pytorch,pytorch,2023-10-01,closed,CONTRIBUTOR,a3552c582,76,1,1,31,
pytorch,pytorch,2023-10-01,closed,CONTRIBUTOR,ac4ae7b08,115,5,0,,
pytorch,pytorch,2023-10-01,closed,CONTRIBUTOR,a41334601,23,5,5,0,
pytorch,pytorch,2023-10-01,closed,COLLABORATOR,a96e79d8e,197,5,1,90,
pytorch,pytorch,2023-10-01,closed,CONTRIBUTOR,a41334601,66,5,3,9,
pytorch,pytorch,2023-10-01,closed,CONTRIBUTOR,ab028fbf6,2,1,1,0,
pytorch,pytorch,2023-10-01,closed,CONTRIBUTOR,a95a7bc64,4,1,1,0,
pytorch,pytorch,2023-10-01,closed,CONTRIBUTOR,a6930a452,88,8,1,0,
pytorch,pytorch,2023-10-01,closed,CONTRIBUTOR,ad7aa5d4b,111,4,17,80,
pytorch,pytorch,2023-10-01,closed,CONTRIBUTOR,a6930a452,13,2,0,,
pytorch,pytorch,2023-10-01,closed,CONTRIBUTOR,a1febba14,238,4,6,4,
pytorch,pytorch,2023-10-01,closed,CONTRIBUTOR,ab754d804,1674,17,0,,
pytorch,pytorch,2023-10-01,closed,CONTRIBUTOR,ab689c736,17,2,5,1,
pytorch,pytorch,2023-10-01,closed,CONTRIBUTOR,a63e53439,18,1,0,,
pytorch,pytorch,2023-10-01,closed,CONTRIBUTOR,a26210bab,61,3,1,1,
pytorch,pytorch,2023-10-01,closed,COLLABORATOR,a68e7039b,227,16,4,4,
pytorch,pytorch,2023-10-01,closed,CONTRIBUTOR,a6e3e1227,8,1,1,1,
pytorch,pytorch,2023-10-01,closed,COLLABORATOR,ab3e923f8,17,2,4,1,
pytorch,pytorch,2023-10-01,closed,CONTRIBUTOR,aed79dba6,7946,294,1,72,
pytorch,pytorch,2023-10-01,closed,CONTRIBUTOR,a996e38e1,18,2,1,3,
pytorch,pytorch,2023-10-01,closed,CONTRIBUTOR,a996e38e1,12,5,1,1,
pytorch,pytorch,2023-10-01,closed,CONTRIBUTOR,a63e53439,18,1,0,,
pytorch,pytorch,2023-10-01,closed,CONTRIBUTOR,a1eb0cd02,719,17,1,0,
pytorch,pytorch,2023-10-01,closed,CONTRIBUTOR,a1eb0cd02,18,4,1,0,
pytorch,pytorch,2023-10-01,closed,NONE,a514ab5ec,19,2,0,,
pytorch,pytorch,2023-10-01,closed,CONTRIBUTOR,a3552c582,5,1,1,0,
pytorch,pytorch,2023-10-01,closed,COLLABORATOR,a02a2a466,6080,27,0,,
pytorch,pytorch,2023-10-01,closed,CONTRIBUTOR,a004427e5,3,1,1,9,
pytorch,pytorch,2023-10-01,closed,COLLABORATOR,a02a2a466,6080,27,0,,
pytorch,pytorch,2023-10-01,closed,COLLABORATOR,aa3f63d8a,14,2,0,,
pytorch,pytorch,2023-10-01,closed,CONTRIBUTOR,add189f6d,2,1,1,0,
pytorch,pytorch,2023-10-01,closed,COLLABORATOR,a611ecaad,74,8,16,5,
pytorch,pytorch,2023-10-01,closed,CONTRIBUTOR,a41334601,6,1,2,0,
pytorch,pytorch,2023-10-01,closed,CONTRIBUTOR,a868cfe77,235,3,2,4,
pytorch,pytorch,2023-10-01,closed,CONTRIBUTOR,a6e3e1227,2,1,0,,
pytorch,pytorch,2023-10-01,closed,CONTRIBUTOR,ab028fbf6,68,10,3,0,
pytorch,pytorch,2023-10-01,closed,CONTRIBUTOR,a6c8c07a8,324,1,1,0,
pytorch,pytorch,2023-10-01,closed,COLLABORATOR,aeba75f66,37,2,1,76,
pytorch,pytorch,2023-10-01,closed,CONTRIBUTOR,a6945488e,435,4,6,0,
pytorch,pytorch,2023-10-01,closed,CONTRIBUTOR,abf8a423e,143,5,6,16,
pytorch,pytorch,2023-10-01,closed,COLLABORATOR,aeac7bc7f,300,12,2,0,
pytorch,pytorch,2023-10-01,closed,COLLABORATOR,a611ecaad,611,10,0,,
pytorch,pytorch,2023-10-01,closed,CONTRIBUTOR,a76060dbc,28,4,1,50,
pytorch,pytorch,2023-10-01,closed,NONE,a199637cb,0,0,0,,
pytorch,pytorch,2023-10-01,closed,CONTRIBUTOR,a6e3e1227,1,1,1,17,
pytorch,pytorch,2023-10-01,closed,CONTRIBUTOR,ac297ff57,2,1,1,1,
pytorch,pytorch,2023-10-01,closed,NONE,a199637cb,281,6,0,,
pytorch,pytorch,2023-10-01,closed,COLLABORATOR,a9d3065cc,790,14,24,147,
pytorch,pytorch,2023-10-01,closed,COLLABORATOR,a611ecaad,57,2,3,0,
pytorch,pytorch,2023-10-01,closed,CONTRIBUTOR,a642039ad,34,6,11,0,
pytorch,pytorch,2023-10-01,closed,CONTRIBUTOR,a9dd2e3c0,58,2,6,3,
pytorch,pytorch,2023-10-01,closed,CONTRIBUTOR,a410519f4,511,3,6,122,
pytorch,pytorch,2023-10-01,closed,CONTRIBUTOR,add189f6d,11,2,1,0,
pytorch,pytorch,2023-10-01,closed,COLLABORATOR,aeac7bc7f,57,8,1,49,
pytorch,pytorch,2023-10-01,closed,CONTRIBUTOR,afb62a5b9,99,2,5,46,
pytorch,pytorch,2023-10-01,closed,CONTRIBUTOR,afb62a5b9,130,6,2,46,
pytorch,pytorch,2023-10-01,closed,COLLABORATOR,acd40f187,3336,28,0,,
pytorch,pytorch,2023-10-01,closed,CONTRIBUTOR,ac4ae7b08,80,3,0,,
pytorch,pytorch,2023-10-01,closed,CONTRIBUTOR,aa238cb0a,575,9,0,,
pytorch,pytorch,2023-10-01,closed,CONTRIBUTOR,a63e53439,29,3,1,0,
pytorch,pytorch,2023-10-01,closed,CONTRIBUTOR,afb62a5b9,4,1,1,0,
pytorch,pytorch,2023-10-01,closed,CONTRIBUTOR,a37aaac61,147,7,2,48,
pytorch,pytorch,2023-10-01,closed,CONTRIBUTOR,abf8a423e,48,2,1,15,
pytorch,pytorch,2023-10-01,closed,COLLABORATOR,ad655184d,2,1,1,0,
pytorch,pytorch,2023-10-01,closed,CONTRIBUTOR,a94cbb390,955,30,5,427,
pytorch,pytorch,2023-10-01,closed,CONTRIBUTOR,add189f6d,230,6,1,4,
pytorch,pytorch,2023-10-01,closed,CONTRIBUTOR,aed79dba6,139,4,0,,
pytorch,pytorch,2023-10-01,closed,CONTRIBUTOR,a468a7f64,121,4,7,61,
pytorch,pytorch,2023-10-01,closed,CONTRIBUTOR,ac73c2135,1218,20,0,,
pytorch,pytorch,2023-10-01,closed,CONTRIBUTOR,a930bd28c,32,4,3,25,
pytorch,pytorch,2023-10-01,closed,CONTRIBUTOR,a868cfe77,223,9,10,5,
pytorch,pytorch,2023-10-01,closed,CONTRIBUTOR,a6a33fc4f,23,2,1,10,
pytorch,pytorch,2023-10-01,closed,CONTRIBUTOR,abd4fe483,8,1,1,15,
pytorch,pytorch,2023-10-01,closed,CONTRIBUTOR,abd4fe483,48,4,5,5,
pytorch,pytorch,2023-10-01,closed,CONTRIBUTOR,a41e32aac,45,2,1,38,
pytorch,pytorch,2023-10-01,closed,COLLABORATOR,a611ecaad,2,1,3,0,
pytorch,pytorch,2023-10-01,closed,COLLABORATOR,a611ecaad,19,2,2,1,
pytorch,pytorch,2023-10-01,closed,CONTRIBUTOR,add189f6d,13,1,3,0,
pytorch,pytorch,2023-10-01,closed,CONTRIBUTOR,a121e41b3,3,1,1,103,
pytorch,pytorch,2023-10-01,closed,CONTRIBUTOR,ac73c2135,111,3,0,,
pytorch,pytorch,2023-10-01,closed,CONTRIBUTOR,a642039ad,4,1,1,0,
pytorch,pytorch,2023-10-01,closed,CONTRIBUTOR,aa238cb0a,21,1,6,0,
pytorch,pytorch,2023-10-01,closed,CONTRIBUTOR,a7cb61552,59,1,1,15,
pytorch,pytorch,2023-10-01,closed,CONTRIBUTOR,ae7a7efe1,2,1,2,0,
pytorch,pytorch,2023-10-01,closed,COLLABORATOR,ad655184d,2,1,1,0,
pytorch,pytorch,2023-10-01,closed,CONTRIBUTOR,a3be39839,422,4,13,0,
pytorch,pytorch,2023-10-01,closed,COLLABORATOR,a611ecaad,25,1,1,4,
pytorch,pytorch,2023-10-01,closed,CONTRIBUTOR,a6e3e1227,146,3,1,9,
pytorch,pytorch,2023-10-01,closed,COLLABORATOR,afcac5ef0,2,1,2,0,
pytorch,pytorch,2023-10-01,closed,CONTRIBUTOR,add189f6d,2,2,1,0,
pytorch,pytorch,2023-10-01,closed,COLLABORATOR,a18a2143e,58,2,2,1,
pytorch,pytorch,2023-10-01,merged,CONTRIBUTOR,ab028fbf6,8,1,2,0,0
pytorch,pytorch,2023-10-01,closed,MEMBER,a846e2bc0,3,1,1,69,
pytorch,pytorch,2023-10-01,closed,CONTRIBUTOR,add189f6d,27,2,3,0,
pytorch,pytorch,2023-10-01,closed,COLLABORATOR,accc9933e,31,2,1,0,
pytorch,pytorch,2023-10-01,closed,CONTRIBUTOR,a554ec844,193,6,2,0,
pytorch,pytorch,2023-10-01,closed,COLLABORATOR,ad655184d,2,1,1,0,
pytorch,pytorch,2023-10-01,closed,CONTRIBUTOR,a9dd2e3c0,37,4,3,1,
pytorch,pytorch,2023-10-01,closed,COLLABORATOR,a68e7039b,29,2,3,0,
pytorch,pytorch,2023-10-01,closed,NONE,aecaebac1,3,1,0,,
pytorch,pytorch,2023-10-01,closed,COLLABORATOR,a611ecaad,66,3,11,29,
pytorch,pytorch,2023-10-01,closed,COLLABORATOR,ae617e84f,8,1,2,1,
pytorch,pytorch,2023-10-01,closed,COLLABORATOR,a725f9d96,1853,19,4,897,
pytorch,pytorch,2023-10-01,closed,CONTRIBUTOR,a554ec844,165,6,1,0,
pytorch,pytorch,2023-10-01,closed,COLLABORATOR,a6b8ba0fc,37,5,1,20,
pytorch,pytorch,2023-10-01,closed,COLLABORATOR,aeac7bc7f,35,2,0,,
pytorch,pytorch,2023-10-01,closed,CONTRIBUTOR,a63e53439,29,3,2,4,
pytorch,pytorch,2023-10-01,closed,CONTRIBUTOR,a1febba14,22,1,1,23,
pytorch,pytorch,2023-10-01,closed,CONTRIBUTOR,a1febba14,145,4,1,28,
pytorch,pytorch,2023-10-01,closed,CONTRIBUTOR,a4ef5f5fb,57,1,5,28,
pytorch,pytorch,2023-10-01,closed,CONTRIBUTOR,afcd40cb9,93,4,2,22,
pytorch,pytorch,2023-10-01,merged,COLLABORATOR,ace4e0dfb,6,1,2,18,66
pytorch,pytorch,2023-10-01,closed,COLLABORATOR,a22ea5b25,79,4,0,,
pytorch,pytorch,2023-10-01,closed,CONTRIBUTOR,a65ecafa4,268,4,2,24,
pytorch,pytorch,2023-10-01,closed,CONTRIBUTOR,a642039ad,3,1,2,6,
pytorch,pytorch,2023-10-01,closed,CONTRIBUTOR,a868cfe77,59,2,0,,
pytorch,pytorch,2023-10-01,closed,COLLABORATOR,a611ecaad,31,2,3,6,
pytorch,pytorch,2023-10-01,closed,COLLABORATOR,ace4e0dfb,9,1,3,14,
pytorch,pytorch,2023-10-01,closed,COLLABORATOR,a9d3065cc,2201,16,8,2,
pytorch,pytorch,2023-10-01,closed,CONTRIBUTOR,ab028fbf6,2,1,1,1,
pytorch,pytorch,2023-10-01,closed,COLLABORATOR,a605b05d7,10,3,0,,
pytorch,pytorch,2023-10-01,closed,COLLABORATOR,a605b05d7,291,1,0,,
pytorch,pytorch,2023-10-01,closed,COLLABORATOR,a605b05d7,8,1,1,0,
pytorch,pytorch,2023-10-01,closed,COLLABORATOR,a605b05d7,2,1,1,0,
pytorch,pytorch,2023-10-01,closed,CONTRIBUTOR,a5d535824,14,2,2,1,
pytorch,pytorch,2023-10-01,merged,COLLABORATOR,a01eff35b,244,7,2,36,40
pytorch,pytorch,2023-10-01,closed,CONTRIBUTOR,a63e53439,370,3,3,125,
pytorch,pytorch,2023-10-01,closed,CONTRIBUTOR,ac73c2135,26,3,1,8,
pytorch,pytorch,2023-10-01,closed,CONTRIBUTOR,a3552c582,109,2,1,146,
pytorch,pytorch,2023-10-01,closed,COLLABORATOR,ab34fc079,4,2,2,5,
pytorch,pytorch,2023-10-01,closed,CONTRIBUTOR,a9c2dad37,23,4,0,,
pytorch,pytorch,2023-10-01,closed,COLLABORATOR,a7c32ab52,42,2,6,18,
pytorch,pytorch,2023-10-01,closed,CONTRIBUTOR,a9c2dad37,151,2,0,,
pytorch,pytorch,2023-10-01,closed,CONTRIBUTOR,af46d2248,33,3,1,16,
pytorch,pytorch,2023-10-01,closed,CONTRIBUTOR,ac20f2836,2,1,1,1,
pytorch,pytorch,2023-10-01,closed,COLLABORATOR,ace4e0dfb,191,2,0,,
pytorch,pytorch,2023-10-01,closed,CONTRIBUTOR,a642039ad,23,4,1,8,
pytorch,pytorch,2023-10-01,closed,COLLABORATOR,a9d3065cc,30,2,1,170,
pytorch,pytorch,2023-10-01,closed,CONTRIBUTOR,add189f6d,6,1,2,0,
pytorch,pytorch,2023-10-01,closed,COLLABORATOR,aa3f63d8a,19,1,1,118,
pytorch,pytorch,2023-10-01,closed,COLLABORATOR,a597022dd,471,3,9,69,
pytorch,pytorch,2023-10-01,closed,COLLABORATOR,a597022dd,661,2,22,69,
pytorch,pytorch,2023-10-01,closed,COLLABORATOR,a597022dd,198,2,1,159,
pytorch,pytorch,2023-10-01,closed,CONTRIBUTOR,a6945488e,93,3,1,20,
pytorch,pytorch,2023-10-01,closed,CONTRIBUTOR,a6945488e,39,1,1,1,
pytorch,pytorch,2023-10-01,closed,COLLABORATOR,af0299b70,29,2,5,0,
pytorch,pytorch,2023-10-01,closed,CONTRIBUTOR,a9925b58a,2,1,1,47,
pytorch,pytorch,2023-10-01,closed,COLLABORATOR,a68e7039b,119,8,16,0,
pytorch,pytorch,2023-10-01,closed,COLLABORATOR,ae617e84f,27,1,1,31,
pytorch,pytorch,2023-10-01,closed,COLLABORATOR,aeac7bc7f,31,3,1,12,
pytorch,pytorch,2023-10-01,closed,CONTRIBUTOR,af413e38d,12,1,4,10,
pytorch,pytorch,2023-10-01,closed,CONTRIBUTOR,a468a7f64,1,1,2,0,
pytorch,pytorch,2023-10-01,closed,COLLABORATOR,a12cd0aaa,205,3,3,31,
pytorch,pytorch,2023-10-01,closed,COLLABORATOR,a12cd0aaa,30,4,4,28,
pytorch,pytorch,2023-10-01,closed,CONTRIBUTOR,a8dd56e6a,14,1,0,,
pytorch,pytorch,2023-10-01,closed,NONE,a0c7ab4ac,2,1,2,1,
pytorch,pytorch,2023-10-01,closed,CONTRIBUTOR,acc031fc2,2,1,0,,
pytorch,pytorch,2023-10-01,closed,COLLABORATOR,a611ecaad,71,4,13,17,
pytorch,pytorch,2023-10-01,closed,COLLABORATOR,a4dac1560,135,1,1,39,
pytorch,pytorch,2023-10-01,closed,CONTRIBUTOR,adaf4621f,234,4,1,0,
pytorch,pytorch,2023-10-01,closed,CONTRIBUTOR,ab2ece173,2,1,2,0,
pytorch,pytorch,2023-10-01,closed,CONTRIBUTOR,a1f9343dd,73,2,2,2207,
pytorch,pytorch,2023-10-01,closed,CONTRIBUTOR,a554ec844,260,5,8,7,
pytorch,pytorch,2023-10-01,closed,CONTRIBUTOR,a41334601,2,1,2,1,
pytorch,pytorch,2023-10-01,closed,CONTRIBUTOR,af46d2248,366,7,1,5,
pytorch,pytorch,2023-10-01,closed,CONTRIBUTOR,add189f6d,6766,6,1,0,
pytorch,pytorch,2023-10-01,closed,CONTRIBUTOR,a468a7f64,50,4,2,37,
pytorch,pytorch,2023-10-01,closed,COLLABORATOR,ac78a5d59,7,2,1,13,
pytorch,pytorch,2023-10-01,closed,COLLABORATOR,aeba75f66,365,2,6,141,
pytorch,pytorch,2023-10-01,closed,CONTRIBUTOR,acc031fc2,14,2,0,,
pytorch,pytorch,2023-10-01,closed,CONTRIBUTOR,a868cfe77,81,3,14,0,
pytorch,pytorch,2023-10-01,closed,CONTRIBUTOR,a6002df3d,58,1,3,0,
pytorch,pytorch,2023-10-01,closed,CONTRIBUTOR,a642039ad,97,2,7,1,
pytorch,pytorch,2023-10-01,closed,MEMBER,ae2045c3f,2,1,1,4,
pytorch,pytorch,2023-11-01,closed,CONTRIBUTOR,a403d7771,346,3,2,31,
pytorch,pytorch,2023-11-01,closed,CONTRIBUTOR,a94cbb390,2,1,0,,
pytorch,pytorch,2023-11-01,closed,COLLABORATOR,a21df1e70,25,2,1,160,
pytorch,pytorch,2023-11-01,closed,MEMBER,a846e2bc0,73,1,1,0,
pytorch,pytorch,2023-11-01,closed,CONTRIBUTOR,a1791eec8,259,8,1,93,
pytorch,pytorch,2023-11-01,closed,CONTRIBUTOR,abd4fe483,479,18,19,0,
pytorch,pytorch,2023-11-01,closed,CONTRIBUTOR,a37aaac61,100,8,3,4,
pytorch,pytorch,2023-11-01,closed,CONTRIBUTOR,add189f6d,2,1,2,1,
pytorch,pytorch,2023-11-01,closed,COLLABORATOR,a611ecaad,46,4,12,0,
pytorch,pytorch,2023-11-01,closed,CONTRIBUTOR,a94cbb390,30,1,1,110,
pytorch,pytorch,2023-11-01,closed,CONTRIBUTOR,a12e642aa,18,2,0,,
pytorch,pytorch,2023-11-01,closed,COLLABORATOR,ad655184d,2,1,1,0,
pytorch,pytorch,2023-11-01,merged,CONTRIBUTOR,a41334601,36,4,1,3,11
pytorch,pytorch,2023-11-01,closed,COLLABORATOR,a725f9d96,0,0,2,145,
pytorch,pytorch,2023-11-01,closed,CONTRIBUTOR,a18c03ea5,26,1,2,1,
pytorch,pytorch,2023-11-01,closed,CONTRIBUTOR,a13aafe90,169,3,4,0,
pytorch,pytorch,2023-11-01,closed,CONTRIBUTOR,add189f6d,1,1,2,0,
pytorch,pytorch,2023-11-01,closed,CONTRIBUTOR,ab028fbf6,1,1,3,0,
pytorch,pytorch,2023-11-01,closed,CONTRIBUTOR,add189f6d,2,1,2,10,
pytorch,pytorch,2023-11-01,closed,COLLABORATOR,a96e79d8e,1587,9,11,18,
pytorch,pytorch,2023-11-01,closed,CONTRIBUTOR,a4a414edc,38,2,2,12,
pytorch,pytorch,2023-11-01,closed,COLLABORATOR,a22ea5b25,85,9,2,163,
pytorch,pytorch,2023-11-01,closed,CONTRIBUTOR,a18c03ea5,29,3,2,1,
pytorch,pytorch,2023-11-01,closed,CONTRIBUTOR,ac4ae7b08,598,34,8,1,
pytorch,pytorch,2023-11-01,closed,COLLABORATOR,a597022dd,60,4,4,31,
pytorch,pytorch,2023-11-01,closed,CONTRIBUTOR,ab754d804,221,8,0,,
pytorch,pytorch,2023-11-01,closed,CONTRIBUTOR,ab2994c82,2,1,3,3,
pytorch,pytorch,2023-11-01,closed,CONTRIBUTOR,aaced45c8,2,1,1,12,
pytorch,pytorch,2023-11-01,closed,COLLABORATOR,a553f2a58,55,10,25,65,
pytorch,pytorch,2023-11-01,closed,CONTRIBUTOR,ab689c736,313,7,10,18,
pytorch,pytorch,2023-11-01,closed,CONTRIBUTOR,a18c03ea5,8,1,3,0,
pytorch,pytorch,2023-11-01,closed,COLLABORATOR,a952aaf33,72,3,11,0,
pytorch,pytorch,2023-11-01,closed,COLLABORATOR,aaee1c0cd,3,1,1,1,
pytorch,pytorch,2023-11-01,closed,COLLABORATOR,ae617e84f,1363,4,3,2,
pytorch,pytorch,2023-11-01,closed,CONTRIBUTOR,a767861ed,23,3,1,18,
pytorch,pytorch,2023-11-01,closed,COLLABORATOR,a611ecaad,1460,3,3,51,
pytorch,pytorch,2023-11-01,closed,COLLABORATOR,a611ecaad,307,2,3,10,
pytorch,pytorch,2023-11-01,closed,COLLABORATOR,a611ecaad,431,3,1,72,
pytorch,pytorch,2023-11-01,closed,COLLABORATOR,aeba75f66,120,2,5,29,
pytorch,pytorch,2023-11-01,closed,COLLABORATOR,a55d2cdc8,11,2,1,96,
pytorch,pytorch,2023-11-01,closed,CONTRIBUTOR,add189f6d,18,2,4,0,
pytorch,pytorch,2023-11-01,closed,CONTRIBUTOR,ab689c736,24,1,1,0,
pytorch,pytorch,2023-11-01,closed,COLLABORATOR,a611ecaad,37,2,1,117,
pytorch,pytorch,2023-11-01,closed,COLLABORATOR,a611ecaad,156,4,10,0,
pytorch,pytorch,2023-11-01,closed,CONTRIBUTOR,a53a38204,145,13,4,175,
pytorch,pytorch,2023-11-01,merged,COLLABORATOR,a18695e74,6,2,3,0,10
pytorch,pytorch,2023-11-01,closed,COLLABORATOR,a40cd99b2,24,2,0,,
pytorch,pytorch,2023-11-01,merged,CONTRIBUTOR,add189f6d,11,1,1,20,20
pytorch,pytorch,2023-11-01,closed,COLLABORATOR,a96e79d8e,65,2,1,4,
pytorch,pytorch,2023-11-01,closed,CONTRIBUTOR,ac76f946f,105,6,1,0,
pytorch,pytorch,2023-11-01,closed,COLLABORATOR,a4a4c796d,197,12,18,0,
pytorch,pytorch,2023-11-01,closed,COLLABORATOR,afcac5ef0,19,1,1,1,
pytorch,pytorch,2023-11-01,closed,COLLABORATOR,a68e7039b,43,7,3,15,
pytorch,pytorch,2023-11-01,closed,CONTRIBUTOR,a1febba14,60,7,1,53,
pytorch,pytorch,2023-11-01,merged,COLLABORATOR,a6cfb0643,877,14,51,236,546
pytorch,pytorch,2023-11-01,closed,COLLABORATOR,a22ea5b25,112,2,4,17,
pytorch,pytorch,2023-11-01,closed,CONTRIBUTOR,a41334601,52,3,3,0,
pytorch,pytorch,2023-11-01,closed,COLLABORATOR,a96e79d8e,42,1,1,2,
pytorch,pytorch,2023-11-01,closed,COLLABORATOR,afcac5ef0,8,1,4,1,
pytorch,pytorch,2023-11-01,closed,CONTRIBUTOR,a642039ad,0,1,2,0,
pytorch,pytorch,2023-11-01,closed,CONTRIBUTOR,a642039ad,9,1,1,1,
pytorch,pytorch,2023-11-01,closed,CONTRIBUTOR,ae9bba66a,168,2,1,205,
pytorch,pytorch,2023-11-01,closed,CONTRIBUTOR,a76cad734,7,1,2,189,
pytorch,pytorch,2023-11-01,closed,COLLABORATOR,a611ecaad,114,5,1,19,
pytorch,pytorch,2023-11-01,closed,COLLABORATOR,aca23f99e,781,15,17,199,
pytorch,pytorch,2023-11-01,closed,COLLABORATOR,aeac7bc7f,2,1,1,101,
pytorch,pytorch,2023-11-01,closed,CONTRIBUTOR,a28dc407a,20,2,6,37,
pytorch,pytorch,2023-11-01,closed,COLLABORATOR,aeac7bc7f,4,2,1,216,
pytorch,pytorch,2023-11-01,closed,CONTRIBUTOR,ab14f2c80,175,7,1,1727,
pytorch,pytorch,2023-11-01,closed,CONTRIBUTOR,ac0bd2728,6,1,2,45,
pytorch,pytorch,2023-11-01,closed,COLLABORATOR,a22ea5b25,14,2,2,118,
pytorch,pytorch,2023-11-01,closed,CONTRIBUTOR,add189f6d,12,2,1,1,
pytorch,pytorch,2023-11-01,closed,COLLABORATOR,a611ecaad,63,2,1,70,
pytorch,pytorch,2023-11-01,closed,CONTRIBUTOR,aa238cb0a,538,2,1,0,
pytorch,pytorch,2023-11-01,closed,COLLABORATOR,a5dc541f5,3,2,5,21,
pytorch,pytorch,2023-11-01,closed,CONTRIBUTOR,a868cfe77,29,3,2,1,
pytorch,pytorch,2023-11-01,closed,COLLABORATOR,a55d2cdc8,27,7,4,0,
pytorch,pytorch,2023-11-01,closed,COLLABORATOR,ad19ffe38,4,1,1,4,
pytorch,pytorch,2023-11-01,closed,CONTRIBUTOR,adad53148,1242,7,1,10,
pytorch,pytorch,2023-11-01,closed,CONTRIBUTOR,a642039ad,31,10,1,87,
pytorch,pytorch,2023-11-01,closed,CONTRIBUTOR,a642039ad,9,1,1,27,
pytorch,pytorch,2023-11-01,closed,CONTRIBUTOR,a76060dbc,32,2,0,,
pytorch,pytorch,2023-11-01,closed,CONTRIBUTOR,ab9fc4641,8,6,1,0,
pytorch,pytorch,2023-11-01,closed,CONTRIBUTOR,a76060dbc,4,1,2,1,
pytorch,pytorch,2023-11-01,closed,CONTRIBUTOR,add189f6d,2,1,2,0,
pytorch,pytorch,2023-11-01,closed,CONTRIBUTOR,add189f6d,3,1,1,100,
pytorch,pytorch,2023-11-01,closed,CONTRIBUTOR,a71340490,16,1,1,19,
pytorch,pytorch,2023-11-01,closed,CONTRIBUTOR,ab2c3d13b,10,1,3,0,
pytorch,pytorch,2023-11-01,closed,COLLABORATOR,a66ad582e,2,1,1,135,
pytorch,pytorch,2023-11-01,closed,CONTRIBUTOR,ab14f2c80,2,1,2,0,
pytorch,pytorch,2023-11-01,closed,CONTRIBUTOR,a76060dbc,22,2,1,0,
pytorch,pytorch,2023-11-01,closed,NONE,a808d1208,2,1,2,21,
pytorch,pytorch,2023-11-01,closed,CONTRIBUTOR,aa65fbcd8,288,8,2,9,
pytorch,pytorch,2023-11-01,closed,COLLABORATOR,aeac7bc7f,48,11,3,3,
pytorch,pytorch,2023-11-01,closed,MEMBER,a3416ea15,35,3,0,,
pytorch,pytorch,2023-11-01,closed,CONTRIBUTOR,a554ec844,495,20,26,66,
pytorch,pytorch,2023-11-01,closed,CONTRIBUTOR,a6c8c07a8,5,2,0,,
pytorch,pytorch,2023-11-01,closed,COLLABORATOR,ad655184d,2,1,6,0,
pytorch,pytorch,2023-11-01,closed,CONTRIBUTOR,a642039ad,28,2,2,0,
pytorch,pytorch,2023-11-01,closed,CONTRIBUTOR,a6e3e1227,1582,10,5,1,
pytorch,pytorch,2023-11-01,closed,COLLABORATOR,a68e7039b,50,4,0,,
pytorch,pytorch,2023-11-01,closed,CONTRIBUTOR,a3be39839,451,3,0,,
pytorch,pytorch,2023-11-01,closed,CONTRIBUTOR,aba90eb5b,188,2,7,0,
pytorch,pytorch,2023-11-01,closed,CONTRIBUTOR,a868cfe77,1,1,1,1,
pytorch,pytorch,2023-11-01,closed,COLLABORATOR,a55d2cdc8,31,12,2,4,
pytorch,pytorch,2023-11-01,closed,CONTRIBUTOR,ae66f3706,9,2,4,41,
pytorch,pytorch,2023-11-01,closed,CONTRIBUTOR,af99559ec,2,1,3,0,
pytorch,pytorch,2023-11-01,closed,COLLABORATOR,ad655184d,2,1,4,0,
pytorch,pytorch,2023-11-01,closed,COLLABORATOR,a96e79d8e,128,3,7,6,
pytorch,pytorch,2023-11-01,closed,MEMBER,a846e2bc0,135,6,13,5,
pytorch,pytorch,2023-11-01,closed,CONTRIBUTOR,a63e53439,14,3,2,29,
pytorch,pytorch,2023-11-01,closed,CONTRIBUTOR,ab754d804,11,3,2,18,
pytorch,pytorch,2023-11-01,closed,CONTRIBUTOR,a642039ad,102,3,0,,
pytorch,pytorch,2023-11-01,closed,CONTRIBUTOR,a6e3e1227,4274,21,3,53,
pytorch,pytorch,2023-11-01,closed,COLLABORATOR,a611ecaad,10,1,2,3,
pytorch,pytorch,2023-11-01,closed,COLLABORATOR,ae0a18ec6,7,1,11,0,
pytorch,pytorch,2023-11-01,closed,CONTRIBUTOR,a41334601,4,1,1,2,
pytorch,pytorch,2023-11-01,closed,COLLABORATOR,aa773f4ff,680,51,0,,
pytorch,pytorch,2023-11-01,closed,COLLABORATOR,a8fc1f349,2,1,1,12,
pytorch,pytorch,2023-11-01,closed,CONTRIBUTOR,a6257c260,62,2,1,734,
pytorch,pytorch,2023-11-01,closed,COLLABORATOR,aa773f4ff,21,2,2,14,
pytorch,pytorch,2023-11-01,closed,CONTRIBUTOR,ac73c2135,20,4,3,13,
pytorch,pytorch,2023-11-01,closed,COLLABORATOR,ad655184d,2,1,1,0,
pytorch,pytorch,2023-11-01,closed,CONTRIBUTOR,a56222d4e,2,1,1,0,
pytorch,pytorch,2023-11-01,closed,CONTRIBUTOR,a9dd2e3c0,9,2,1,0,
pytorch,pytorch,2023-11-01,closed,COLLABORATOR,ac8c0369e,36,2,1,2,
pytorch,pytorch,2023-11-01,closed,CONTRIBUTOR,ab754d804,52,1,0,,
pytorch,pytorch,2023-11-01,closed,CONTRIBUTOR,a079c3a68,80,5,0,,
pytorch,pytorch,2023-11-01,closed,CONTRIBUTOR,a868cfe77,40,2,2,107,
pytorch,pytorch,2023-11-01,closed,CONTRIBUTOR,a3552c582,21,3,3,0,
pytorch,pytorch,2023-11-01,closed,CONTRIBUTOR,ac73c2135,8,1,4,17,
pytorch,pytorch,2023-11-01,closed,COLLABORATOR,a68e7039b,48,4,0,,
pytorch,pytorch,2023-11-01,closed,CONTRIBUTOR,a73b095db,747,17,51,0,
pytorch,pytorch,2023-11-01,closed,COLLABORATOR,aa773f4ff,171,4,2,0,
pytorch,pytorch,2023-11-01,closed,CONTRIBUTOR,a09e0214f,12804,374,2,29,
pytorch,pytorch,2023-11-01,closed,CONTRIBUTOR,add189f6d,4,1,7,0,
pytorch,pytorch,2023-11-01,closed,CONTRIBUTOR,a6257c260,418,10,2,38,
pytorch,pytorch,2023-11-01,closed,CONTRIBUTOR,a08458a5d,157,1,1,0,
pytorch,pytorch,2023-11-01,closed,CONTRIBUTOR,a642039ad,85,9,9,0,
pytorch,pytorch,2023-11-01,closed,COLLABORATOR,a4dac1560,11,1,1,4,
pytorch,pytorch,2023-11-01,closed,COLLABORATOR,ae25f14a4,58,4,31,1,
pytorch,pytorch,2023-11-01,closed,CONTRIBUTOR,acc031fc2,42,3,2,24,
pytorch,pytorch,2023-11-01,merged,CONTRIBUTOR,add189f6d,6,2,1,20,20
pytorch,pytorch,2023-11-01,closed,CONTRIBUTOR,a642039ad,29,2,4,44,
pytorch,pytorch,2023-11-01,closed,CONTRIBUTOR,ab14f2c80,31,1,1,2,
pytorch,pytorch,2023-11-01,closed,COLLABORATOR,a597022dd,471,3,1,13,
pytorch,pytorch,2023-11-01,closed,CONTRIBUTOR,ab028fbf6,4,1,2,0,
pytorch,pytorch,2023-11-01,closed,CONTRIBUTOR,abd4fe483,250,5,2,1,
pytorch,pytorch,2023-11-01,closed,CONTRIBUTOR,a37aaac61,282,13,0,,
pytorch,pytorch,2023-11-01,closed,CONTRIBUTOR,ae7a7efe1,72,1,6,28,
pytorch,pytorch,2023-11-01,closed,CONTRIBUTOR,ac73c2135,9,2,3,37,
pytorch,pytorch,2023-11-01,closed,CONTRIBUTOR,ac73c2135,3,2,1,43,
pytorch,pytorch,2023-11-01,closed,CONTRIBUTOR,ac4ae7b08,15,1,3,47,
pytorch,pytorch,2023-11-01,closed,COLLABORATOR,a55d2cdc8,4,2,2,1,
pytorch,pytorch,2023-11-01,closed,NONE,a739b631b,238,6,3,132,
pytorch,pytorch,2023-11-01,closed,CONTRIBUTOR,a94cbb390,169,11,3,6,
pytorch,pytorch,2023-11-01,closed,CONTRIBUTOR,a1791eec8,301,4,1,93,
pytorch,pytorch,2023-11-01,closed,CONTRIBUTOR,adad53148,38,1,1,71,
pytorch,pytorch,2023-11-01,closed,CONTRIBUTOR,a6945488e,5,2,7,0,
pytorch,pytorch,2023-11-01,closed,CONTRIBUTOR,a234c1573,133,1,1,68,
pytorch,pytorch,2023-11-01,closed,CONTRIBUTOR,a94cbb390,121,4,5,11,
pytorch,pytorch,2023-11-01,closed,CONTRIBUTOR,a94cbb390,3,1,2,11,
pytorch,pytorch,2023-11-01,closed,CONTRIBUTOR,a8cdc463a,233,7,8,71,
pytorch,pytorch,2023-11-01,closed,COLLABORATOR,aab0b0a28,1558,11,2,287,
pytorch,pytorch,2023-11-01,closed,CONTRIBUTOR,adad53148,31,2,1,3,
pytorch,pytorch,2023-11-01,closed,CONTRIBUTOR,a76060dbc,80,3,3,99,
pytorch,pytorch,2023-11-01,closed,CONTRIBUTOR,ad1b2f518,209,3,2,0,
pytorch,pytorch,2023-11-01,closed,CONTRIBUTOR,ab9fc4641,14,1,3,0,
pytorch,pytorch,2023-11-01,closed,CONTRIBUTOR,ab754d804,7,3,2,335,
pytorch,pytorch,2023-11-01,closed,CONTRIBUTOR,afb62a5b9,195,15,1,3,
pytorch,pytorch,2023-11-01,closed,COLLABORATOR,aab0b0a28,2684,10,0,,
pytorch,pytorch,2023-11-01,merged,CONTRIBUTOR,ab2ece173,9,1,1,1,25
pytorch,pytorch,2023-11-01,closed,COLLABORATOR,a597022dd,58,3,0,,
pytorch,pytorch,2023-11-01,closed,CONTRIBUTOR,afb62a5b9,10,1,1,2,
pytorch,pytorch,2023-11-01,closed,CONTRIBUTOR,acc031fc2,5,1,2,2,
pytorch,pytorch,2023-11-01,closed,CONTRIBUTOR,a18c03ea5,3,2,2,0,
pytorch,pytorch,2023-11-01,closed,COLLABORATOR,ab80641ee,2,1,2,2,
pytorch,pytorch,2023-11-01,closed,CONTRIBUTOR,ae1628a69,4,1,1,1,
pytorch,pytorch,2023-11-01,closed,COLLABORATOR,a611ecaad,32,2,1,1,
pytorch,pytorch,2023-11-01,closed,CONTRIBUTOR,a41334601,444,15,1,15,
pytorch,pytorch,2023-11-01,closed,CONTRIBUTOR,a76060dbc,116,4,8,118,
pytorch,pytorch,2023-11-01,closed,CONTRIBUTOR,a57e8f930,168,5,1,2,
pytorch,pytorch,2023-11-01,closed,CONTRIBUTOR,a642039ad,50,2,1,138,
pytorch,pytorch,2023-11-01,closed,CONTRIBUTOR,a6e3e1227,55,3,0,,
pytorch,pytorch,2023-11-01,closed,CONTRIBUTOR,a9dd2e3c0,80,4,0,,
pytorch,pytorch,2023-11-01,closed,COLLABORATOR,afcac5ef0,234,2,0,,
pytorch,pytorch,2023-11-01,closed,CONTRIBUTOR,afb62a5b9,195,15,0,,
pytorch,pytorch,2023-11-01,closed,CONTRIBUTOR,a642039ad,2,1,3,0,
pytorch,pytorch,2023-11-01,closed,NONE,a88763299,101,1,0,,
pytorch,pytorch,2023-11-01,closed,COLLABORATOR,a01eff35b,18,1,0,,
pytorch,pytorch,2023-12-01,closed,CONTRIBUTOR,a18c03ea5,4,1,1,0,
pytorch,pytorch,2023-12-01,closed,CONTRIBUTOR,abf8a423e,9,1,0,,
pytorch,pytorch,2023-12-01,closed,CONTRIBUTOR,abf8a423e,4,2,0,,
pytorch,pytorch,2023-12-01,closed,CONTRIBUTOR,ab028fbf6,639,4,0,,
pytorch,pytorch,2023-12-01,closed,COLLABORATOR,a0a5ccaf7,637,17,71,0,
pytorch,pytorch,2023-12-01,closed,COLLABORATOR,aeac7bc7f,233,26,0,,
pytorch,pytorch,2023-12-01,closed,COLLABORATOR,a55d2cdc8,5,2,1,24,
pytorch,pytorch,2023-12-01,closed,CONTRIBUTOR,a0f865202,79,16,3,1123,
pytorch,pytorch,2023-12-01,closed,CONTRIBUTOR,ad6e74ab4,49,4,4,0,
pytorch,pytorch,2023-12-01,closed,CONTRIBUTOR,a9c2dad37,30,1,9,0,
pytorch,pytorch,2023-12-01,closed,CONTRIBUTOR,a6e3e1227,414,5,1,0,
pytorch,pytorch,2023-12-01,closed,COLLABORATOR,af5bc3743,171,6,0,,
pytorch,pytorch,2023-12-01,closed,COLLABORATOR,a68e7039b,81,2,10,17,
pytorch,pytorch,2023-12-01,closed,CONTRIBUTOR,a73b095db,196,4,0,,
pytorch,pytorch,2023-12-01,closed,CONTRIBUTOR,afb62a5b9,802,7,1,1,
pytorch,pytorch,2023-12-01,closed,CONTRIBUTOR,a1eb0cd02,42,2,1,20,
pytorch,pytorch,2023-12-01,closed,CONTRIBUTOR,afb62a5b9,74,5,1,3,
pytorch,pytorch,2023-12-01,closed,CONTRIBUTOR,abd4fe483,116,6,1,1,
pytorch,pytorch,2023-12-01,closed,CONTRIBUTOR,ad6e74ab4,53438,925,11,109,
pytorch,pytorch,2023-12-01,closed,CONTRIBUTOR,afb62a5b9,16,5,1,2,
pytorch,pytorch,2023-12-01,closed,CONTRIBUTOR,a6e3e1227,92,3,1,16,
pytorch,pytorch,2023-12-01,closed,CONTRIBUTOR,ab791a946,22,2,2,2,
pytorch,pytorch,2023-12-01,closed,CONTRIBUTOR,ab754d804,8,1,0,,
pytorch,pytorch,2023-12-01,closed,CONTRIBUTOR,ab754d804,452,6,0,,
pytorch,pytorch,2023-12-01,closed,CONTRIBUTOR,aa11b33e5,8,1,1,0,
pytorch,pytorch,2023-12-01,closed,CONTRIBUTOR,ae66f3706,32,4,0,,
pytorch,pytorch,2023-12-01,closed,CONTRIBUTOR,af6075a1c,1,1,1,166,
pytorch,pytorch,2023-12-01,closed,COLLABORATOR,a821316f3,26,7,2,119,
pytorch,pytorch,2023-12-01,closed,CONTRIBUTOR,a468a7f64,6,2,2,0,
pytorch,pytorch,2023-12-01,closed,CONTRIBUTOR,a18c03ea5,2,1,4,0,
pytorch,pytorch,2023-12-01,closed,MEMBER,a3416ea15,62,2,1,17,
pytorch,pytorch,2023-12-01,closed,COLLABORATOR,afd29ca16,3,1,1,17,
pytorch,pytorch,2023-12-01,closed,COLLABORATOR,a4dac1560,4,2,1,12,
pytorch,pytorch,2023-12-01,closed,CONTRIBUTOR,af6075a1c,256,2,0,,
pytorch,pytorch,2023-12-01,closed,CONTRIBUTOR,af6075a1c,196,2,0,,
pytorch,pytorch,2023-12-01,closed,CONTRIBUTOR,a2bd5ab79,137,2,0,,
pytorch,pytorch,2023-12-01,closed,CONTRIBUTOR,ab754d804,132,6,0,,
pytorch,pytorch,2023-12-01,closed,NONE,a532b4a69,16,1,0,,
pytorch,pytorch,2023-12-01,closed,CONTRIBUTOR,ab028fbf6,9017,279,0,,
pytorch,pytorch,2023-12-01,closed,COLLABORATOR,afcac5ef0,25,1,1,0,
pytorch,pytorch,2023-12-01,closed,NONE,aa10917a0,79,4,2,11,
pytorch,pytorch,2023-12-01,closed,COLLABORATOR,aeba75f66,85,4,10,52,
pytorch,pytorch,2023-12-01,closed,CONTRIBUTOR,af6075a1c,385,4,0,,
pytorch,pytorch,2023-12-01,closed,CONTRIBUTOR,af6075a1c,616,3,4,18,
pytorch,pytorch,2023-12-01,closed,CONTRIBUTOR,a95a7bc64,352,2,4,0,
pytorch,pytorch,2023-12-01,closed,MEMBER,a82fe44ad,179,6,0,,
pytorch,pytorch,2023-12-01,closed,COLLABORATOR,a5dc541f5,309,9,0,,
pytorch,pytorch,2023-12-01,closed,COLLABORATOR,a96e79d8e,24,1,1,0,
pytorch,pytorch,2023-12-01,closed,COLLABORATOR,a96e79d8e,40,2,1,0,
pytorch,pytorch,2023-12-01,closed,COLLABORATOR,a96e79d8e,39,1,2,0,
pytorch,pytorch,2023-12-01,closed,CONTRIBUTOR,a18c03ea5,1341,10,1,3,
pytorch,pytorch,2023-12-01,closed,COLLABORATOR,aa773f4ff,16,2,5,1,
pytorch,pytorch,2023-12-01,closed,COLLABORATOR,ae617e84f,1,1,1,18,
pytorch,pytorch,2023-12-01,closed,COLLABORATOR,ae617e84f,111,1,1,37,
pytorch,pytorch,2023-12-01,closed,CONTRIBUTOR,a047d983f,4,1,1,15,
pytorch,pytorch,2023-12-01,closed,CONTRIBUTOR,a4f4bd8fd,4,1,1,2,
pytorch,pytorch,2023-12-01,closed,CONTRIBUTOR,a32925b77,4,1,0,,
pytorch,pytorch,2023-12-01,closed,CONTRIBUTOR,ae66f3706,142,9,2,3,
pytorch,pytorch,2023-12-01,closed,CONTRIBUTOR,a468a7f64,110,4,1,0,
pytorch,pytorch,2023-12-01,closed,CONTRIBUTOR,a18c03ea5,26,2,2,9,
pytorch,pytorch,2023-12-01,closed,CONTRIBUTOR,a554ec844,1647,16,9,167,
pytorch,pytorch,2023-12-01,closed,CONTRIBUTOR,a4a1dfc6c,18,2,3,6,
pytorch,pytorch,2023-12-01,closed,MEMBER,a43f59001,132,3,18,14,
pytorch,pytorch,2023-12-01,closed,CONTRIBUTOR,a6e3e1227,3,1,1,1,
pytorch,pytorch,2023-12-01,closed,CONTRIBUTOR,a468a7f64,434,7,0,,
pytorch,pytorch,2023-12-01,closed,CONTRIBUTOR,afb62a5b9,68,1,2,8,
pytorch,pytorch,2023-12-01,closed,CONTRIBUTOR,ab754d804,98,3,0,,
pytorch,pytorch,2023-12-01,closed,CONTRIBUTOR,a18c03ea5,6,2,3,6,
pytorch,pytorch,2023-12-01,closed,CONTRIBUTOR,afb62a5b9,140,1,3,2,
pytorch,pytorch,2023-12-01,closed,CONTRIBUTOR,adeeb0a71,54,3,2,8,
pytorch,pytorch,2023-12-01,closed,CONTRIBUTOR,a468a7f64,882,9,0,,
pytorch,pytorch,2023-12-01,closed,COLLABORATOR,a22ea5b25,108,2,1,42,
pytorch,pytorch,2023-12-01,closed,CONTRIBUTOR,a1791eec8,13,1,1,41,
pytorch,pytorch,2023-12-01,closed,CONTRIBUTOR,a4a414edc,61,2,3,81,
pytorch,pytorch,2023-12-01,closed,COLLABORATOR,a6cde2935,2,1,1,1,
pytorch,pytorch,2023-12-01,closed,CONTRIBUTOR,a3be39839,11,2,5,0,
pytorch,pytorch,2023-12-01,closed,CONTRIBUTOR,afb62a5b9,20,2,2,3,
pytorch,pytorch,2023-12-01,closed,CONTRIBUTOR,a5e1148f1,39,1,1,7,
pytorch,pytorch,2023-12-01,closed,CONTRIBUTOR,add189f6d,29,3,3,0,
pytorch,pytorch,2023-12-01,closed,COLLABORATOR,a53cba981,4,2,5,4,
pytorch,pytorch,2023-12-01,closed,COLLABORATOR,aeac7bc7f,0,0,1,8,
pytorch,pytorch,2023-12-01,closed,CONTRIBUTOR,a3be39839,44,2,7,3,
pytorch,pytorch,2023-12-01,closed,CONTRIBUTOR,afb62a5b9,112,3,1,16,
pytorch,pytorch,2023-12-01,closed,NONE,a8c040772,35,2,1,0,
pytorch,pytorch,2023-12-01,closed,CONTRIBUTOR,a468a7f64,251,2,0,,
pytorch,pytorch,2023-12-01,closed,CONTRIBUTOR,a9da25011,46,1,1,2,
pytorch,pytorch,2023-12-01,closed,CONTRIBUTOR,ad7aa5d4b,26,2,4,19,
pytorch,pytorch,2023-12-01,closed,CONTRIBUTOR,abd4fe483,27,3,1,0,
pytorch,pytorch,2023-12-01,closed,CONTRIBUTOR,ad6e74ab4,103,3,11,28,
pytorch,pytorch,2023-12-01,closed,COLLABORATOR,ad19ffe38,22,3,1,4,
pytorch,pytorch,2023-12-01,closed,CONTRIBUTOR,ab2c3d13b,16,1,1,13,
pytorch,pytorch,2023-12-01,closed,CONTRIBUTOR,a94cbb390,16,5,2,26,
pytorch,pytorch,2023-12-01,closed,CONTRIBUTOR,a94cbb390,77,7,1,30,
pytorch,pytorch,2023-12-01,closed,CONTRIBUTOR,a94cbb390,59,2,3,0,
pytorch,pytorch,2023-12-01,closed,CONTRIBUTOR,ac73c2135,1,1,1,0,
pytorch,pytorch,2023-12-01,closed,CONTRIBUTOR,add189f6d,8,1,1,0,
pytorch,pytorch,2023-12-01,closed,CONTRIBUTOR,a985dbc25,95,1,8,414,
pytorch,pytorch,2023-12-01,closed,COLLABORATOR,a53cba981,33,2,1,20,
pytorch,pytorch,2023-12-01,closed,COLLABORATOR,a53cba981,16,1,4,0,
pytorch,pytorch,2023-12-01,closed,CONTRIBUTOR,ac73c2135,7,1,0,,
pytorch,pytorch,2023-12-01,closed,CONTRIBUTOR,a73a9574e,13,2,2,0,
pytorch,pytorch,2023-12-01,merged,CONTRIBUTOR,ab028fbf6,13,3,2,0,2
pytorch,pytorch,2023-12-01,merged,CONTRIBUTOR,ab028fbf6,1039,40,1,0,1
pytorch,pytorch,2023-12-01,closed,COLLABORATOR,a9d3065cc,6,1,1,50,
pytorch,pytorch,2023-12-01,closed,COLLABORATOR,ad655184d,2,1,1,0,
pytorch,pytorch,2023-12-01,closed,CONTRIBUTOR,a73b095db,71,5,4,149,
pytorch,pytorch,2023-12-01,closed,CONTRIBUTOR,af16546bb,4,1,4,117,
pytorch,pytorch,2023-12-01,closed,CONTRIBUTOR,a433e689a,13,2,3,1,
pytorch,pytorch,2023-12-01,closed,CONTRIBUTOR,a7e60a047,62,3,7,664,
pytorch,pytorch,2023-12-01,closed,COLLABORATOR,aa773f4ff,27,1,5,13,
pytorch,pytorch,2023-12-01,closed,CONTRIBUTOR,a1d8e3118,454,35,3,1,
pytorch,pytorch,2023-12-01,closed,COLLABORATOR,a96e79d8e,72,2,3,169,
pytorch,pytorch,2023-12-01,closed,CONTRIBUTOR,a2e231ad4,64,2,3,2,
pytorch,pytorch,2023-12-01,closed,COLLABORATOR,aeba75f66,200,5,12,18,
pytorch,pytorch,2023-12-01,closed,CONTRIBUTOR,a468a7f64,932,10,1,69,
pytorch,pytorch,2023-12-01,closed,COLLABORATOR,a01eff35b,60,2,19,7,
pytorch,pytorch,2023-12-01,closed,COLLABORATOR,ad655184d,2,1,1,0,
pytorch,pytorch,2023-12-01,closed,COLLABORATOR,a01eff35b,176,9,3,2,
pytorch,pytorch,2023-12-01,closed,COLLABORATOR,aeac7bc7f,200,22,8,5,
pytorch,pytorch,2023-12-01,closed,CONTRIBUTOR,a468a7f64,13,1,1,3,
pytorch,pytorch,2023-12-01,closed,COLLABORATOR,a286957d0,1612,9,5,297,
pytorch,pytorch,2023-12-01,closed,COLLABORATOR,ab3e923f8,5,2,2,502,
pytorch,pytorch,2023-12-01,closed,COLLABORATOR,a6ff1690e,41,1,4,1,
pytorch,pytorch,2023-12-01,closed,CONTRIBUTOR,a1febba14,38,4,3,453,
pytorch,pytorch,2023-12-01,closed,CONTRIBUTOR,ab14f2c80,199,3,7,0,
pytorch,pytorch,2023-12-01,closed,COLLABORATOR,a72e5ee0e,55658,1041,3,299,
pytorch,pytorch,2023-12-01,closed,COLLABORATOR,a597022dd,1,1,1,0,
pytorch,pytorch,2023-12-01,closed,NONE,a24ff388f,3,1,0,,
pytorch,pytorch,2023-12-01,closed,CONTRIBUTOR,a435b6d96,42,1,0,,
pytorch,pytorch,2023-12-01,closed,CONTRIBUTOR,a3552c582,163,6,5,129,
pytorch,pytorch,2023-12-01,closed,COLLABORATOR,a21df1e70,2,1,3,6,
pytorch,pytorch,2023-12-01,closed,COLLABORATOR,a4dac1560,96,4,1,54,
pytorch,pytorch,2023-12-01,closed,CONTRIBUTOR,ab689c736,9,2,1,0,
pytorch,pytorch,2023-12-01,closed,COLLABORATOR,a55d2cdc8,7,6,3,1,
pytorch,pytorch,2023-12-01,closed,CONTRIBUTOR,ad1b2f518,59,10,1,3,
pytorch,pytorch,2023-12-01,closed,CONTRIBUTOR,ad1b2f518,29,3,1,2,
pytorch,pytorch,2023-12-01,closed,CONTRIBUTOR,a9ae2e2bb,257,13,1,4,
pytorch,pytorch,2023-12-01,closed,CONTRIBUTOR,ab028fbf6,6,1,1,0,
pytorch,pytorch,2023-12-01,closed,CONTRIBUTOR,ad1b2f518,43,2,2,1,
pytorch,pytorch,2023-12-01,closed,COLLABORATOR,a96e79d8e,103,2,8,46,
pytorch,pytorch,2023-12-01,merged,COLLABORATOR,a96e79d8e,6,2,1,1,1
pytorch,pytorch,2023-12-01,closed,COLLABORATOR,a55d2cdc8,1,1,2,2,
pytorch,pytorch,2023-12-01,closed,CONTRIBUTOR,ab028fbf6,21,2,1,0,
pytorch,pytorch,2023-12-01,closed,COLLABORATOR,a21df1e70,197,14,1,358,
pytorch,pytorch,2023-12-01,closed,CONTRIBUTOR,a94cbb390,396,7,2,12,
pytorch,pytorch,2023-12-01,closed,CONTRIBUTOR,a94cbb390,270,11,15,167,
pytorch,pytorch,2023-12-01,closed,CONTRIBUTOR,a3be39839,11,1,2,209,
pytorch,pytorch,2023-12-01,merged,CONTRIBUTOR,ab028fbf6,100,5,1,20,24
pytorch,pytorch,2024-01-01,closed,CONTRIBUTOR,afb62a5b9,1,1,1,4,
pytorch,pytorch,2024-01-01,closed,CONTRIBUTOR,afb62a5b9,23,1,1,4,
pytorch,pytorch,2024-01-01,closed,CONTRIBUTOR,afb62a5b9,2,1,1,4,
pytorch,pytorch,2024-01-01,closed,CONTRIBUTOR,a95a7bc64,15,2,1,0,
pytorch,pytorch,2024-01-01,closed,CONTRIBUTOR,a41334601,1,1,1,0,
pytorch,pytorch,2024-01-01,closed,COLLABORATOR,a53cba981,17,1,1,0,
pytorch,pytorch,2024-01-01,closed,CONTRIBUTOR,abd4fe483,92,2,4,31,
pytorch,pytorch,2024-01-01,closed,CONTRIBUTOR,ab2ece173,6,1,6,0,
pytorch,pytorch,2024-01-01,closed,COLLABORATOR,a68e7039b,64,6,1,12,
pytorch,pytorch,2024-01-01,closed,CONTRIBUTOR,afb62a5b9,57,1,1,0,
pytorch,pytorch,2024-01-01,closed,CONTRIBUTOR,afb62a5b9,5,1,2,0,
pytorch,pytorch,2024-01-01,closed,CONTRIBUTOR,ae66f3706,2,2,2,1,
pytorch,pytorch,2024-01-01,closed,CONTRIBUTOR,a642039ad,2,1,0,,
pytorch,pytorch,2024-01-01,closed,CONTRIBUTOR,a642039ad,1,1,0,,
pytorch,pytorch,2024-01-01,closed,NONE,a0ce7de6c,27,4,11,5,
pytorch,pytorch,2024-01-01,closed,CONTRIBUTOR,ad1b2f518,142,3,4,0,
pytorch,pytorch,2024-01-01,closed,CONTRIBUTOR,add189f6d,118,9,4,14,
pytorch,pytorch,2024-01-01,closed,CONTRIBUTOR,a079c3a68,1,1,5,30,
pytorch,pytorch,2024-01-01,closed,CONTRIBUTOR,ae66f3706,60,3,1,20,
pytorch,pytorch,2024-01-01,closed,COLLABORATOR,ab06db1d7,12,1,2,19,
pytorch,pytorch,2024-01-01,closed,CONTRIBUTOR,ab689c736,35,2,2,16,
pytorch,pytorch,2024-01-01,closed,CONTRIBUTOR,a642039ad,24,3,1,37,
pytorch,pytorch,2024-01-01,closed,COLLABORATOR,aeac7bc7f,224,11,1,131,
pytorch,pytorch,2024-01-01,closed,CONTRIBUTOR,afb62a5b9,12,1,1,14,
pytorch,pytorch,2024-01-01,closed,CONTRIBUTOR,a73a9574e,180,2,0,,
pytorch,pytorch,2024-01-01,closed,COLLABORATOR,a0a5ccaf7,629,20,26,4,
pytorch,pytorch,2024-01-01,closed,COLLABORATOR,a8fc1f349,1184,3,4,102,
pytorch,pytorch,2024-01-01,closed,COLLABORATOR,ad19ffe38,10,2,1,1,
pytorch,pytorch,2024-01-01,closed,COLLABORATOR,a55d2cdc8,2,1,1,1,
pytorch,pytorch,2024-01-01,closed,CONTRIBUTOR,acde10e71,2,1,1,0,
pytorch,pytorch,2024-01-01,closed,CONTRIBUTOR,acde10e71,2,1,1,0,
pytorch,pytorch,2024-01-01,closed,NONE,a6fec93aa,35,4,1,2,
pytorch,pytorch,2024-01-01,closed,COLLABORATOR,a55d2cdc8,2,1,1,4,
pytorch,pytorch,2024-01-01,closed,COLLABORATOR,a55d2cdc8,5,2,1,3,
pytorch,pytorch,2024-01-01,closed,CONTRIBUTOR,add189f6d,6,1,1,0,
pytorch,pytorch,2024-01-01,closed,CONTRIBUTOR,a079c3a68,26,8,0,,
pytorch,pytorch,2024-01-01,closed,COLLABORATOR,abd4c73b4,3,1,4,1,
pytorch,pytorch,2024-01-01,closed,CONTRIBUTOR,a642039ad,7,1,1,4,
pytorch,pytorch,2024-01-01,closed,CONTRIBUTOR,a94cbb390,2,1,4,1,
pytorch,pytorch,2024-01-01,closed,CONTRIBUTOR,ab2ece173,24,4,1,23,
pytorch,pytorch,2024-01-01,closed,COLLABORATOR,a68e7039b,84,6,11,10,
pytorch,pytorch,2024-01-01,closed,CONTRIBUTOR,a4a414edc,90,2,6,61,
pytorch,pytorch,2024-01-01,closed,CONTRIBUTOR,add189f6d,9,1,1,7,
pytorch,pytorch,2024-01-01,closed,COLLABORATOR,a96e79d8e,67,5,3,14,
pytorch,pytorch,2024-01-01,closed,CONTRIBUTOR,add189f6d,49,2,1,0,
pytorch,pytorch,2024-01-01,closed,COLLABORATOR,a597022dd,75,4,5,177,
pytorch,pytorch,2024-01-01,closed,CONTRIBUTOR,ae66f3706,2,1,1,0,
pytorch,pytorch,2024-01-01,closed,MEMBER,ac8033d42,4,1,1,1,
pytorch,pytorch,2024-01-01,closed,CONTRIBUTOR,af1d1a664,32,1,0,,
pytorch,pytorch,2024-01-01,closed,COLLABORATOR,a4dac1560,43,2,1,56,
pytorch,pytorch,2024-01-01,closed,CONTRIBUTOR,ae66f3706,7,1,0,,
pytorch,pytorch,2024-01-01,closed,CONTRIBUTOR,a468a7f64,7,1,0,,
pytorch,pytorch,2024-01-01,closed,CONTRIBUTOR,a468a7f64,6,1,0,,
pytorch,pytorch,2024-01-01,closed,CONTRIBUTOR,a1d8e3118,200,16,1,1,
pytorch,pytorch,2024-01-01,closed,CONTRIBUTOR,a1d8e3118,850,35,1,2,
pytorch,pytorch,2024-01-01,closed,CONTRIBUTOR,a1d8e3118,567,51,1,3,
pytorch,pytorch,2024-01-01,closed,CONTRIBUTOR,af46d2248,5,1,1,2,
pytorch,pytorch,2024-01-01,closed,CONTRIBUTOR,a1febba14,92,5,9,6,
pytorch,pytorch,2024-01-01,closed,COLLABORATOR,a2726e37a,564,41,1,1,
pytorch,pytorch,2024-01-01,closed,CONTRIBUTOR,a740472d6,44,2,4,16,
pytorch,pytorch,2024-01-01,closed,CONTRIBUTOR,a8ed59da7,5,1,2,37,
pytorch,pytorch,2024-01-01,closed,COLLABORATOR,a8fc1f349,50,2,2,0,
pytorch,pytorch,2024-01-01,closed,MEMBER,ab6c48616,25,2,0,,
pytorch,pytorch,2024-01-01,closed,CONTRIBUTOR,aa65fbcd8,2,1,2,0,
pytorch,pytorch,2024-01-01,closed,CONTRIBUTOR,a97113fa5,6,1,3,0,
pytorch,pytorch,2024-01-01,closed,CONTRIBUTOR,add189f6d,32,16,4,0,
pytorch,pytorch,2024-01-01,closed,COLLABORATOR,aaee1c0cd,5,2,1,0,
pytorch,pytorch,2024-01-01,closed,CONTRIBUTOR,ae978efa8,1,1,0,,
pytorch,pytorch,2024-01-01,closed,COLLABORATOR,ad655184d,2,1,1,0,
pytorch,pytorch,2024-01-01,closed,COLLABORATOR,aeac7bc7f,246,10,1,116,
pytorch,pytorch,2024-01-01,closed,CONTRIBUTOR,afb62a5b9,10,1,1,20,
pytorch,pytorch,2024-01-01,closed,CONTRIBUTOR,ab791a946,73,3,11,67,
pytorch,pytorch,2024-01-01,closed,CONTRIBUTOR,a18c03ea5,84,2,1,1,
pytorch,pytorch,2024-01-01,closed,COLLABORATOR,a4dac1560,106,4,2,56,
pytorch,pytorch,2024-01-01,closed,CONTRIBUTOR,a642039ad,22,5,1,3,
pytorch,pytorch,2024-01-01,closed,CONTRIBUTOR,a9c2dad37,10072,3,0,,
pytorch,pytorch,2024-01-01,closed,CONTRIBUTOR,a0672f764,81,4,4,0,
pytorch,pytorch,2024-01-01,closed,CONTRIBUTOR,affbd5baa,9,1,7,0,
pytorch,pytorch,2024-01-01,closed,CONTRIBUTOR,a468a7f64,1342,18,0,,
pytorch,pytorch,2024-01-01,closed,CONTRIBUTOR,a554ec844,775,21,3,62,
pytorch,pytorch,2024-01-01,closed,CONTRIBUTOR,a24f536c4,16,1,1,78,
pytorch,pytorch,2024-01-01,closed,CONTRIBUTOR,ab689c736,67,5,1,66,
pytorch,pytorch,2024-01-01,closed,CONTRIBUTOR,a642039ad,10,1,1,1,
pytorch,pytorch,2024-01-01,closed,CONTRIBUTOR,a1f9343dd,4,1,2,0,
pytorch,pytorch,2024-01-01,closed,CONTRIBUTOR,a3623cd6a,9,1,1,81,
pytorch,pytorch,2024-01-01,closed,COLLABORATOR,aab7464fa,108,2,2,19,
pytorch,pytorch,2024-01-01,closed,CONTRIBUTOR,acde10e71,6,1,0,,
pytorch,pytorch,2024-01-01,closed,MEMBER,a3416ea15,18,2,0,,
pytorch,pytorch,2024-01-01,closed,CONTRIBUTOR,abe17685a,123,3,2,37,
pytorch,pytorch,2024-01-01,closed,CONTRIBUTOR,af16546bb,1,1,1,1500,
pytorch,pytorch,2024-01-01,closed,COLLABORATOR,accc9933e,43,2,2,388,
pytorch,pytorch,2024-01-01,closed,CONTRIBUTOR,acde10e71,40,6,5,6,
pytorch,pytorch,2024-01-01,closed,MEMBER,a3416ea15,351,23,1,0,
pytorch,pytorch,2024-01-01,closed,CONTRIBUTOR,aa9ac2ea5,1,1,1,27,
pytorch,pytorch,2024-01-01,closed,COLLABORATOR,a96e79d8e,3,1,0,,
pytorch,pytorch,2024-01-01,closed,CONTRIBUTOR,a18c03ea5,167,4,2,0,
pytorch,pytorch,2024-01-01,closed,COLLABORATOR,a0a5ccaf7,666,6,41,23,
pytorch,pytorch,2024-01-01,closed,CONTRIBUTOR,a468a7f64,3,1,0,,
pytorch,pytorch,2024-01-01,closed,COLLABORATOR,a9d3065cc,13,2,1,7,
pytorch,pytorch,2024-01-01,closed,COLLABORATOR,ae617e84f,85,4,4,1,
pytorch,pytorch,2024-01-01,closed,COLLABORATOR,a01eff35b,54,3,1,0,
pytorch,pytorch,2024-01-01,closed,COLLABORATOR,aa773f4ff,39,2,3,21,
pytorch,pytorch,2024-01-01,closed,MEMBER,a82fe44ad,76,2,3,2,
pytorch,pytorch,2024-01-01,closed,COLLABORATOR,a6cde2935,2,1,2,0,
pytorch,pytorch,2024-01-01,closed,CONTRIBUTOR,af46d2248,2,1,0,,
pytorch,pytorch,2024-01-01,closed,CONTRIBUTOR,afcd40cb9,50,2,4,12,
pytorch,pytorch,2024-01-01,closed,COLLABORATOR,a5b042f9c,27,3,5,28,
pytorch,pytorch,2024-01-01,closed,CONTRIBUTOR,afb62a5b9,356,5,1,0,
pytorch,pytorch,2024-01-01,closed,CONTRIBUTOR,a3552c582,365,11,5,2,
pytorch,pytorch,2024-01-01,closed,CONTRIBUTOR,a234c1573,217,5,1,24,
pytorch,pytorch,2024-01-01,closed,CONTRIBUTOR,a41334601,11,1,2,1,
pytorch,pytorch,2024-01-01,closed,CONTRIBUTOR,a41334601,13,1,1,1,
pytorch,pytorch,2024-01-01,closed,CONTRIBUTOR,a32925b77,12,1,3,16,
pytorch,pytorch,2024-01-01,closed,COLLABORATOR,a72e5ee0e,204,4,10,288,
pytorch,pytorch,2024-01-01,closed,CONTRIBUTOR,a9dd2e3c0,50,3,3,15,
pytorch,pytorch,2024-01-01,closed,CONTRIBUTOR,a868cfe77,19,2,1,8,
pytorch,pytorch,2024-01-01,closed,CONTRIBUTOR,a642039ad,146,7,15,5,
pytorch,pytorch,2024-01-01,closed,CONTRIBUTOR,a740472d6,65,1,0,,
pytorch,pytorch,2024-01-01,closed,NONE,a8c1dca9b,5,4,2,142,
pytorch,pytorch,2024-01-01,closed,COLLABORATOR,ad655184d,2,1,1,0,
pytorch,pytorch,2024-01-01,closed,COLLABORATOR,ae25f14a4,1491,5,0,,
pytorch,pytorch,2024-01-01,closed,COLLABORATOR,a4dac1560,30,3,2,69,
pytorch,pytorch,2024-01-01,closed,CONTRIBUTOR,afb62a5b9,60,6,8,1,
pytorch,pytorch,2024-01-01,closed,CONTRIBUTOR,a642039ad,2,1,1,12,
pytorch,pytorch,2024-01-01,closed,CONTRIBUTOR,a9dd2e3c0,96,2,0,,
pytorch,pytorch,2024-01-01,closed,CONTRIBUTOR,a9dd2e3c0,73,6,0,,
pytorch,pytorch,2024-01-01,closed,CONTRIBUTOR,ab2ece173,2,1,0,,
pytorch,pytorch,2024-01-01,closed,CONTRIBUTOR,a4a414edc,17,3,2,22,
pytorch,pytorch,2024-01-01,merged,NONE,a6f83b915,41,2,1,540,540
pytorch,pytorch,2024-01-01,closed,COLLABORATOR,a2726e37a,271,8,7,9,
pytorch,pytorch,2024-01-01,closed,COLLABORATOR,a9d3065cc,17,2,5,0,
pytorch,pytorch,2024-01-01,closed,CONTRIBUTOR,a8ed7b20e,24,1,1,1,
pytorch,pytorch,2024-01-01,closed,CONTRIBUTOR,add189f6d,23,2,2,14,
pytorch,pytorch,2024-01-01,closed,CONTRIBUTOR,a8d482f18,4,1,1,42,
pytorch,pytorch,2024-01-01,closed,COLLABORATOR,a6cde2935,610,18,26,13,
pytorch,pytorch,2024-01-01,closed,CONTRIBUTOR,a37aaac61,100,2,10,16,
pytorch,pytorch,2024-01-01,closed,CONTRIBUTOR,a642039ad,6,1,1,0,
pytorch,pytorch,2024-01-01,closed,COLLABORATOR,aeac7bc7f,19,11,1,554,
pytorch,pytorch,2024-01-01,closed,COLLABORATOR,afcac5ef0,531,11,10,4,
pytorch,pytorch,2024-01-01,closed,CONTRIBUTOR,a76060dbc,8,2,3,1,
pytorch,pytorch,2024-01-01,closed,CONTRIBUTOR,afb62a5b9,25,1,1,1,
pytorch,pytorch,2024-01-01,closed,CONTRIBUTOR,afb62a5b9,6,2,0,,
pytorch,pytorch,2024-01-01,closed,CONTRIBUTOR,abd4fe483,21,2,5,14,
pytorch,pytorch,2024-01-01,closed,CONTRIBUTOR,ab722bf65,127,4,11,1,
pytorch,pytorch,2024-01-01,closed,CONTRIBUTOR,a642039ad,29,2,1,14,
pytorch,pytorch,2024-01-01,closed,COLLABORATOR,a725f9d96,148,6,3,102,
pytorch,pytorch,2024-01-01,closed,CONTRIBUTOR,a6e3e1227,3,1,4,1,
pytorch,pytorch,2024-01-01,closed,COLLABORATOR,afb18a590,375,4,0,,
pytorch,pytorch,2024-01-01,closed,CONTRIBUTOR,a468a7f64,2,1,0,,
pytorch,pytorch,2024-01-01,closed,CONTRIBUTOR,a1eb0cd02,19,1,5,24,
pytorch,pytorch,2024-01-01,closed,CONTRIBUTOR,a6e3e1227,48,3,6,13,
pytorch,pytorch,2024-01-01,closed,CONTRIBUTOR,a1eb0cd02,63,2,9,17,
pytorch,pytorch,2024-01-01,closed,CONTRIBUTOR,a642039ad,14,6,3,2,
pytorch,pytorch,2024-01-01,closed,CONTRIBUTOR,a76060dbc,7,2,1,1,
pytorch,pytorch,2024-01-01,closed,CONTRIBUTOR,ae5ddfb1b,1,1,1,43,
pytorch,pytorch,2024-01-01,closed,COLLABORATOR,ab6cb35e7,2,1,2,6,
pytorch,pytorch,2024-01-01,closed,CONTRIBUTOR,a9dd2e3c0,56,2,1,135,
pytorch,pytorch,2024-01-01,closed,COLLABORATOR,a22ea5b25,2,1,1,0,
pytorch,pytorch,2024-01-01,merged,COLLABORATOR,ae617e84f,34,6,7,27,50
pytorch,pytorch,2024-01-01,closed,CONTRIBUTOR,a94cbb390,17,1,1,24,
pytorch,pytorch,2024-01-01,closed,COLLABORATOR,ad655184d,2,1,1,0,
pytorch,pytorch,2024-01-01,closed,CONTRIBUTOR,a642039ad,35,8,2,12,
pytorch,pytorch,2024-01-01,closed,COLLABORATOR,aab0b0a28,218,8,1,18,
pytorch,pytorch,2024-01-01,closed,CONTRIBUTOR,a4992194a,3,1,1,3,
pytorch,pytorch,2024-01-01,closed,CONTRIBUTOR,ae66f3706,3,1,1,8,
pytorch,pytorch,2024-01-01,closed,CONTRIBUTOR,ac76f946f,135,4,4,13,
pytorch,pytorch,2024-01-01,closed,COLLABORATOR,ae25f14a4,300,3,4,7,
pytorch,pytorch,2024-01-01,closed,COLLABORATOR,a9d3065cc,29,1,1,2,
pytorch,pytorch,2024-01-01,closed,COLLABORATOR,a54be2aa2,210,1,0,,
pytorch,pytorch,2024-01-01,closed,COLLABORATOR,a9d3065cc,5,1,2,1,
pytorch,pytorch,2024-01-01,closed,COLLABORATOR,a4dac1560,2,1,1,0,
pytorch,pytorch,2024-01-01,closed,CONTRIBUTOR,afb62a5b9,136,2,0,,
pytorch,pytorch,2024-01-01,closed,CONTRIBUTOR,aa65fbcd8,86,4,5,18,
pytorch,pytorch,2024-01-01,closed,MEMBER,a3416ea15,248,8,1,0,
pytorch,pytorch,2024-01-01,closed,CONTRIBUTOR,a3d878320,27,4,2,7,
pytorch,pytorch,2024-01-01,closed,CONTRIBUTOR,a18c03ea5,47,2,1,22,
pytorch,pytorch,2024-01-01,closed,CONTRIBUTOR,a37aaac61,23,2,2,3,
pytorch,pytorch,2024-01-01,closed,COLLABORATOR,aa773f4ff,34,3,4,6,
pytorch,pytorch,2024-01-01,closed,CONTRIBUTOR,a41334601,3,1,4,0,
pytorch,pytorch,2024-01-01,closed,CONTRIBUTOR,ab028fbf6,2,1,2,0,
pytorch,pytorch,2024-01-01,closed,COLLABORATOR,ad655184d,2,1,1,0,
pytorch,pytorch,2024-01-01,closed,MEMBER,a3416ea15,15,1,1,0,
pytorch,pytorch,2024-01-01,closed,CONTRIBUTOR,a642039ad,10,5,3,0,
pytorch,pytorch,2024-01-01,closed,COLLABORATOR,afcac5ef0,57,1,6,1,
pytorch,pytorch,2024-01-01,closed,CONTRIBUTOR,a2e231ad4,40,1,1,2,
pytorch,pytorch,2024-01-01,closed,CONTRIBUTOR,a9dd2e3c0,94,3,1,50,
pytorch,pytorch,2024-01-01,closed,CONTRIBUTOR,ae66f3706,17,1,3,22,
pytorch,pytorch,2024-01-01,closed,NONE,a640fef26,5,1,0,,
pytorch,pytorch,2024-01-01,closed,COLLABORATOR,aeac7bc7f,107,10,1,350,
pytorch,pytorch,2024-01-01,closed,CONTRIBUTOR,afb62a5b9,65,1,0,,
pytorch,pytorch,2024-01-01,closed,CONTRIBUTOR,afb62a5b9,3,1,1,3,
pytorch,pytorch,2024-01-01,closed,CONTRIBUTOR,afb62a5b9,11,1,1,3,
pytorch,pytorch,2024-01-01,closed,MEMBER,a1a5a17e0,5,1,1,0,
pytorch,pytorch,2024-02-01,closed,COLLABORATOR,a18a2143e,76,3,2,91,
pytorch,pytorch,2024-02-01,closed,CONTRIBUTOR,a4992194a,0,0,1,6,
pytorch,pytorch,2024-02-01,closed,CONTRIBUTOR,a3d878320,269,12,0,,
pytorch,pytorch,2024-02-01,closed,NONE,aa10917a0,340,5,3,7,
pytorch,pytorch,2024-02-01,closed,CONTRIBUTOR,af29d8563,1,1,2,1,
pytorch,pytorch,2024-02-01,closed,COLLABORATOR,a5b042f9c,303,3,0,,
pytorch,pytorch,2024-02-01,closed,CONTRIBUTOR,a642039ad,1575,2,2,1,
pytorch,pytorch,2024-02-01,closed,NONE,aff372128,4,1,0,,
pytorch,pytorch,2024-02-01,closed,CONTRIBUTOR,a18c03ea5,28,2,1,6,
pytorch,pytorch,2024-02-01,closed,NONE,af6994a1e,4,1,0,,
pytorch,pytorch,2024-02-01,closed,CONTRIBUTOR,afb62a5b9,541,2,3,0,
pytorch,pytorch,2024-02-01,closed,NONE,a471c7d9f,11,1,0,,
pytorch,pytorch,2024-02-01,closed,COLLABORATOR,ad655184d,2,1,1,0,
pytorch,pytorch,2024-02-01,closed,CONTRIBUTOR,a9dd2e3c0,233,3,9,22,
pytorch,pytorch,2024-02-01,closed,CONTRIBUTOR,ac76f946f,329,12,0,,
pytorch,pytorch,2024-02-01,closed,NONE,a62b58c6e,2,1,0,,
pytorch,pytorch,2024-02-01,closed,CONTRIBUTOR,ac4ae7b08,12,1,2,302,
pytorch,pytorch,2024-02-01,closed,MEMBER,a3416ea15,396,20,3,0,
pytorch,pytorch,2024-02-01,closed,CONTRIBUTOR,a468a7f64,322,12,2,92,
pytorch,pytorch,2024-02-01,closed,NONE,ae43694b8,5,1,0,,
pytorch,pytorch,2024-02-01,closed,CONTRIBUTOR,af29d8563,12,3,6,154,
pytorch,pytorch,2024-02-01,closed,COLLABORATOR,ae617e84f,46,5,7,1,
pytorch,pytorch,2024-02-01,closed,CONTRIBUTOR,ab754d804,119,1,0,,
pytorch,pytorch,2024-02-01,closed,CONTRIBUTOR,ab754d804,2025,11,0,,
pytorch,pytorch,2024-02-01,closed,NONE,abaf6bfac,4,1,0,,
pytorch,pytorch,2024-02-01,closed,NONE,aeb2bc553,9,1,0,,
pytorch,pytorch,2024-02-01,closed,CONTRIBUTOR,a642039ad,120,4,2,88,
pytorch,pytorch,2024-02-01,closed,NONE,a93e10d13,9,1,0,,
pytorch,pytorch,2024-02-01,closed,MEMBER,a3416ea15,3,1,2,0,
pytorch,pytorch,2024-02-01,closed,CONTRIBUTOR,aba90eb5b,138,5,8,0,
pytorch,pytorch,2024-02-01,closed,CONTRIBUTOR,a4a8f0c2b,5,2,3,267,
pytorch,pytorch,2024-02-01,closed,CONTRIBUTOR,a97113fa5,6,1,1,209,
pytorch,pytorch,2024-02-01,closed,CONTRIBUTOR,a468a7f64,27,2,3,0,
pytorch,pytorch,2024-02-01,closed,CONTRIBUTOR,a41334601,7,2,1,0,
pytorch,pytorch,2024-02-01,closed,CONTRIBUTOR,a97113fa5,4,1,1,178,
pytorch,pytorch,2024-02-01,closed,CONTRIBUTOR,a767861ed,2,1,2,21,
pytorch,pytorch,2024-02-01,closed,CONTRIBUTOR,a7e1840e6,4,1,1,81,
pytorch,pytorch,2024-02-01,closed,CONTRIBUTOR,ac4ae7b08,6,1,2,6,
pytorch,pytorch,2024-02-01,closed,COLLABORATOR,aeba75f66,26,3,0,,
pytorch,pytorch,2024-02-01,closed,CONTRIBUTOR,a642039ad,10,1,3,0,
pytorch,pytorch,2024-02-01,closed,CONTRIBUTOR,a785abea7,74,5,2,2,
pytorch,pytorch,2024-02-01,closed,COLLABORATOR,accc9933e,17,2,1,70,
pytorch,pytorch,2024-02-01,closed,CONTRIBUTOR,ae66f3706,11,1,2,0,
pytorch,pytorch,2024-02-01,closed,CONTRIBUTOR,a9ae2e2bb,30,3,1,3,
pytorch,pytorch,2024-02-01,closed,CONTRIBUTOR,a642039ad,31,4,2,1,
pytorch,pytorch,2024-02-01,closed,CONTRIBUTOR,a740472d6,1963,6,0,,
pytorch,pytorch,2024-02-01,closed,COLLABORATOR,aa3f63d8a,29,2,0,,
pytorch,pytorch,2024-02-01,closed,CONTRIBUTOR,aa238cb0a,144,3,2,2,
pytorch,pytorch,2024-02-01,closed,CONTRIBUTOR,adb950557,61,4,3,49,
pytorch,pytorch,2024-02-01,closed,CONTRIBUTOR,a93b839db,2,1,1,16,
pytorch,pytorch,2024-02-01,merged,COLLABORATOR,a6b6637e0,28,8,1,140,140
pytorch,pytorch,2024-02-01,closed,CONTRIBUTOR,a137af425,32,2,0,,
pytorch,pytorch,2024-02-01,closed,CONTRIBUTOR,a41334601,3,1,0,,
pytorch,pytorch,2024-02-01,closed,CONTRIBUTOR,a4992194a,36,2,21,9,
pytorch,pytorch,2024-02-01,closed,COLLABORATOR,a821316f3,23,4,2,3,
pytorch,pytorch,2024-02-01,closed,COLLABORATOR,ab6cb35e7,4,1,9,0,
pytorch,pytorch,2024-02-01,closed,CONTRIBUTOR,a785abea7,10,4,0,,
pytorch,pytorch,2024-02-01,merged,CONTRIBUTOR,a53128254,2,1,2,1,49
pytorch,pytorch,2024-02-01,closed,MEMBER,a3416ea15,4,1,2,0,
pytorch,pytorch,2024-02-01,closed,COLLABORATOR,a4dac1560,45,1,2,18,
pytorch,pytorch,2024-02-01,closed,CONTRIBUTOR,a73a9574e,2,1,1,13,
pytorch,pytorch,2024-02-01,closed,CONTRIBUTOR,add189f6d,4,2,1,0,
pytorch,pytorch,2024-02-01,closed,COLLABORATOR,a0ba25606,4,1,1,0,
pytorch,pytorch,2024-02-01,closed,COLLABORATOR,accc9933e,36,2,0,,
pytorch,pytorch,2024-02-01,closed,COLLABORATOR,a72e5ee0e,159,14,1,21,
pytorch,pytorch,2024-02-01,closed,COLLABORATOR,ac8c0369e,183,14,3,4,
pytorch,pytorch,2024-02-01,closed,CONTRIBUTOR,a68e1b6b8,54,1,8,4,
pytorch,pytorch,2024-02-01,closed,CONTRIBUTOR,a6930a452,91,4,2,0,
pytorch,pytorch,2024-02-01,closed,COLLABORATOR,afcac5ef0,30,2,2,0,
pytorch,pytorch,2024-02-01,closed,CONTRIBUTOR,ab19ea332,16,1,1,2,
pytorch,pytorch,2024-02-01,closed,CONTRIBUTOR,ab2ece173,7,1,1,96,
pytorch,pytorch,2024-02-01,closed,CONTRIBUTOR,a6e991cda,8,1,1,0,
pytorch,pytorch,2024-02-01,closed,COLLABORATOR,aa3f63d8a,77,5,0,,
pytorch,pytorch,2024-02-01,closed,CONTRIBUTOR,a868cfe77,79,9,12,66,
pytorch,pytorch,2024-02-01,closed,CONTRIBUTOR,a94cbb390,476,20,3,15,
pytorch,pytorch,2024-02-01,closed,CONTRIBUTOR,a26210bab,105,5,1,4,
pytorch,pytorch,2024-02-01,closed,CONTRIBUTOR,a26210bab,286,7,0,,
pytorch,pytorch,2024-02-01,closed,CONTRIBUTOR,ac297ff57,199,4,0,,
pytorch,pytorch,2024-02-01,closed,CONTRIBUTOR,ac02eab6a,27,8,0,,
pytorch,pytorch,2024-02-01,closed,CONTRIBUTOR,aba90eb5b,2,1,1,1,
pytorch,pytorch,2024-02-01,closed,CONTRIBUTOR,a37aaac61,205,8,0,,
pytorch,pytorch,2024-02-01,closed,CONTRIBUTOR,ab2c3d13b,146,10,1,48,
pytorch,pytorch,2024-02-01,closed,CONTRIBUTOR,ab722bf65,26,1,6,2,
pytorch,pytorch,2024-02-01,closed,CONTRIBUTOR,a18c03ea5,36,2,1,16,
pytorch,pytorch,2024-02-01,closed,CONTRIBUTOR,ac297ff57,137,2,0,,
pytorch,pytorch,2024-02-01,closed,CONTRIBUTOR,a6a6d78ff,2,1,1,23,
pytorch,pytorch,2024-02-01,closed,CONTRIBUTOR,add189f6d,33,4,1,4,
pytorch,pytorch,2024-02-01,closed,COLLABORATOR,aa773f4ff,43,1,2,32,
pytorch,pytorch,2024-02-01,closed,COLLABORATOR,aa773f4ff,42,2,1,0,
pytorch,pytorch,2024-02-01,closed,MEMBER,a3416ea15,47,2,2,0,
pytorch,pytorch,2024-02-01,closed,CONTRIBUTOR,a740472d6,105,2,3,47,
pytorch,pytorch,2024-02-01,closed,CONTRIBUTOR,a73b095db,51,2,6,21,
pytorch,pytorch,2024-02-01,closed,CONTRIBUTOR,a740472d6,9,1,4,15,
pytorch,pytorch,2024-02-01,closed,CONTRIBUTOR,abaccd4b7,11,2,0,,
pytorch,pytorch,2024-02-01,closed,COLLABORATOR,aeac7bc7f,50,9,1,14,
pytorch,pytorch,2024-02-01,closed,CONTRIBUTOR,ab689c736,19,1,1,9,
pytorch,pytorch,2024-02-01,closed,CONTRIBUTOR,ac76f946f,541,7,5,7,
pytorch,pytorch,2024-02-01,merged,CONTRIBUTOR,ab028fbf6,15,1,1,4,5
pytorch,pytorch,2024-02-01,closed,CONTRIBUTOR,ab33464d0,2,1,0,,
pytorch,pytorch,2024-02-01,closed,CONTRIBUTOR,ab028fbf6,2,1,2,0,
pytorch,pytorch,2024-02-01,closed,CONTRIBUTOR,a9dd2e3c0,2,1,1,0,
pytorch,pytorch,2024-02-01,closed,COLLABORATOR,a070022eb,3,1,1,5,
pytorch,pytorch,2024-02-01,closed,COLLABORATOR,a18a2143e,2,1,0,,
pytorch,pytorch,2024-02-01,closed,CONTRIBUTOR,a642039ad,2,1,2,0,
pytorch,pytorch,2024-02-01,closed,CONTRIBUTOR,a4992194a,15,1,3,12,
pytorch,pytorch,2024-02-01,merged,CONTRIBUTOR,ab028fbf6,4,1,0,,0
pytorch,pytorch,2024-02-01,closed,CONTRIBUTOR,ab2ece173,415,6,2,145,
pytorch,pytorch,2024-02-01,closed,CONTRIBUTOR,af46d2248,242,4,1,20,
pytorch,pytorch,2024-02-01,closed,CONTRIBUTOR,a97113fa5,2,1,0,,
pytorch,pytorch,2024-02-01,closed,CONTRIBUTOR,a97113fa5,8,1,0,,
pytorch,pytorch,2024-02-01,closed,CONTRIBUTOR,ad5fd8d92,1,1,3,9,
pytorch,pytorch,2024-02-01,closed,CONTRIBUTOR,a740472d6,43,2,2,17,
pytorch,pytorch,2024-02-01,closed,CONTRIBUTOR,a740472d6,147,2,5,16,
pytorch,pytorch,2024-02-01,closed,CONTRIBUTOR,add189f6d,2,1,1,0,
pytorch,pytorch,2024-02-01,closed,CONTRIBUTOR,a229daffb,341,3,6,168,
pytorch,pytorch,2024-02-01,closed,CONTRIBUTOR,ab722bf65,1,1,1,1,
pytorch,pytorch,2024-02-01,closed,COLLABORATOR,aeac7bc7f,332,26,1,113,
pytorch,pytorch,2024-02-01,closed,CONTRIBUTOR,a4992194a,32,1,2,114,
pytorch,pytorch,2024-02-01,closed,COLLABORATOR,a65c747a0,25,3,0,,
pytorch,pytorch,2024-02-01,closed,CONTRIBUTOR,a1ad9b547,5,1,2,5,
pytorch,pytorch,2024-02-01,closed,COLLABORATOR,aeac7bc7f,11,1,1,1,
pytorch,pytorch,2024-02-01,closed,MEMBER,a9c1e4615,987,7,1,369,
pytorch,pytorch,2024-02-01,closed,CONTRIBUTOR,a0515557b,3,2,1,30,
pytorch,pytorch,2024-02-01,closed,CONTRIBUTOR,ae66f3706,1,1,3,1,
pytorch,pytorch,2024-02-01,closed,CONTRIBUTOR,a868cfe77,56,3,2,0,
pytorch,pytorch,2024-02-01,closed,CONTRIBUTOR,ab2ece173,5,1,3,0,
pytorch,pytorch,2024-02-01,closed,CONTRIBUTOR,a785abea7,28,2,0,,
pytorch,pytorch,2024-02-01,closed,CONTRIBUTOR,af46d2248,83,3,1,1,
pytorch,pytorch,2024-02-01,closed,COLLABORATOR,a96e79d8e,64,3,5,12,
pytorch,pytorch,2024-02-01,closed,COLLABORATOR,a4dac1560,28,2,5,20,
pytorch,pytorch,2024-02-01,closed,COLLABORATOR,afcac5ef0,1,1,0,,
pytorch,pytorch,2024-02-01,closed,CONTRIBUTOR,a1eb0cd02,87,3,0,,
pytorch,pytorch,2024-02-01,closed,COLLABORATOR,afcac5ef0,268,8,6,2,
pytorch,pytorch,2024-02-01,closed,COLLABORATOR,aeac7bc7f,157,10,1,17,
pytorch,pytorch,2024-02-01,closed,CONTRIBUTOR,ad4d2dc34,1,1,1,22,
pytorch,pytorch,2024-02-01,closed,CONTRIBUTOR,af9ab48f8,16,8,1,16,
pytorch,pytorch,2024-02-01,closed,CONTRIBUTOR,a079c3a68,9,3,2,106,
pytorch,pytorch,2024-02-01,closed,CONTRIBUTOR,a76060dbc,48,4,2,0,
pytorch,pytorch,2024-02-01,closed,NONE,a0bed8e7f,4,1,0,,
pytorch,pytorch,2024-02-01,closed,CONTRIBUTOR,a94cbb390,18,1,0,,
pytorch,pytorch,2024-02-01,closed,CONTRIBUTOR,a24a774ff,91,2,2,13,
pytorch,pytorch,2024-02-01,closed,CONTRIBUTOR,a6c060ddc,4,1,1,40,
pytorch,pytorch,2024-02-01,closed,CONTRIBUTOR,add189f6d,6,1,2,0,
pytorch,pytorch,2024-02-01,closed,CONTRIBUTOR,a35f27e48,4,1,1,0,
pytorch,pytorch,2024-02-01,closed,CONTRIBUTOR,a9dd2e3c0,174,5,38,1,
pytorch,pytorch,2024-02-01,closed,CONTRIBUTOR,a428c6671,49,2,2,1,
pytorch,pytorch,2024-02-01,closed,COLLABORATOR,aeac7bc7f,67,3,1,10,
pytorch,pytorch,2024-02-01,closed,CONTRIBUTOR,a4992194a,14,1,3,43,
pytorch,pytorch,2024-02-01,closed,CONTRIBUTOR,a642039ad,45,1,1,41,
pytorch,pytorch,2024-02-01,closed,COLLABORATOR,a5f149101,53,1,0,,
pytorch,pytorch,2024-02-01,closed,CONTRIBUTOR,ac20f2836,37,2,2,0,
pytorch,pytorch,2024-02-01,closed,COLLABORATOR,afcac5ef0,2,1,1,4,
pytorch,pytorch,2024-02-01,closed,COLLABORATOR,afcac5ef0,4,1,0,,
pytorch,pytorch,2024-02-01,closed,CONTRIBUTOR,ab754d804,2,2,1,1,
pytorch,pytorch,2024-02-01,closed,COLLABORATOR,accc9933e,28,2,0,,
pytorch,pytorch,2024-02-01,closed,COLLABORATOR,a55d2cdc8,84,7,6,1,
pytorch,pytorch,2024-02-01,closed,CONTRIBUTOR,a740472d6,60,2,4,0,
pytorch,pytorch,2024-02-01,closed,MEMBER,a82fe44ad,96,2,4,24,
pytorch,pytorch,2024-02-01,closed,NONE,a71b3d417,112,2,2,15,
pytorch,pytorch,2024-02-01,closed,COLLABORATOR,a96e79d8e,88,4,2,8,
pytorch,pytorch,2024-02-01,closed,CONTRIBUTOR,a642039ad,6,1,2,0,
pytorch,pytorch,2024-02-01,closed,CONTRIBUTOR,a740472d6,901,3,9,181,
pytorch,pytorch,2024-02-01,closed,CONTRIBUTOR,a740472d6,7,1,0,,
pytorch,pytorch,2024-02-01,closed,COLLABORATOR,aeac7bc7f,119,21,6,15,
pytorch,pytorch,2024-02-01,closed,CONTRIBUTOR,a2e231ad4,18,2,2,0,
pytorch,pytorch,2024-02-01,closed,CONTRIBUTOR,a23b26854,2,1,1,3,
pytorch,pytorch,2024-02-01,closed,COLLABORATOR,ac8c0369e,1,1,0,,
pytorch,pytorch,2024-02-01,closed,CONTRIBUTOR,af46d2248,2,1,2,4,
pytorch,pytorch,2024-02-01,closed,CONTRIBUTOR,a18c03ea5,2,38,1,45,
pytorch,pytorch,2024-02-01,closed,CONTRIBUTOR,a76060dbc,89,2,0,,
pytorch,pytorch,2024-02-01,closed,CONTRIBUTOR,add189f6d,8,13,1,2,
pytorch,pytorch,2024-02-01,closed,CONTRIBUTOR,a93b839db,133,6,1,8,
pytorch,pytorch,2024-02-01,closed,CONTRIBUTOR,a7e8d9b9b,148,1,1,272,
pytorch,pytorch,2024-02-01,closed,CONTRIBUTOR,a9458e7ed,2,1,1,2,
pytorch,pytorch,2024-03-01,closed,CONTRIBUTOR,ab754d804,2,1,0,,
pytorch,pytorch,2024-03-01,closed,CONTRIBUTOR,a4c34f04c,12,1,1,54,
pytorch,pytorch,2024-03-01,closed,COLLABORATOR,a5dc541f5,149,45,3,220,
pytorch,pytorch,2024-03-01,closed,CONTRIBUTOR,add189f6d,8,1,1,0,
pytorch,pytorch,2024-03-01,closed,COLLABORATOR,aeac7bc7f,24,1,2,7,
pytorch,pytorch,2024-03-01,closed,COLLABORATOR,aeac7bc7f,105,19,3,8,
pytorch,pytorch,2024-03-01,closed,CONTRIBUTOR,a234c1573,3,1,1,11,
pytorch,pytorch,2024-03-01,closed,COLLABORATOR,aafa76c3d,6,2,4,0,
pytorch,pytorch,2024-03-01,closed,CONTRIBUTOR,a37aaac61,35,4,5,88,
pytorch,pytorch,2024-03-01,closed,CONTRIBUTOR,a642039ad,53,2,1,210,
pytorch,pytorch,2024-03-01,closed,CONTRIBUTOR,a642039ad,2,1,1,16,
pytorch,pytorch,2024-03-01,closed,CONTRIBUTOR,a868cfe77,88,4,1,20,
pytorch,pytorch,2024-03-01,closed,COLLABORATOR,a18695e74,2,1,1,1687,
pytorch,pytorch,2024-03-01,closed,CONTRIBUTOR,aba90eb5b,20,3,1,2,
pytorch,pytorch,2024-03-01,closed,COLLABORATOR,a4dac1560,90,4,3,2,
pytorch,pytorch,2024-03-01,closed,NONE,ad13d6b29,4,2,0,,
pytorch,pytorch,2024-03-01,closed,CONTRIBUTOR,a1d8e3118,219,2,1,2,
pytorch,pytorch,2024-03-01,closed,CONTRIBUTOR,a53ce3019,3,2,1,252,
pytorch,pytorch,2024-03-01,closed,NONE,aa10917a0,372,2,12,59,
pytorch,pytorch,2024-03-01,closed,CONTRIBUTOR,add189f6d,6,1,2,41,
pytorch,pytorch,2024-03-01,closed,COLLABORATOR,aab0b0a28,177,3,0,,
pytorch,pytorch,2024-03-01,closed,COLLABORATOR,a22ea5b25,32,1,2,2150,
pytorch,pytorch,2024-03-01,closed,CONTRIBUTOR,a9c2dad37,3,1,1,97,
pytorch,pytorch,2024-03-01,closed,MEMBER,a82fe44ad,42,1,1,65,
pytorch,pytorch,2024-03-01,closed,MEMBER,af9a90ce4,197,6,26,0,
pytorch,pytorch,2024-03-01,closed,CONTRIBUTOR,a9dd2e3c0,128,3,5,79,
pytorch,pytorch,2024-03-01,closed,COLLABORATOR,aa3f63d8a,64,2,0,,
pytorch,pytorch,2024-03-01,closed,CONTRIBUTOR,ab689c736,52,2,5,0,
pytorch,pytorch,2024-03-01,closed,CONTRIBUTOR,ab722bf65,6,1,4,0,
pytorch,pytorch,2024-03-01,closed,COLLABORATOR,aec11290e,271,8,2,9,
pytorch,pytorch,2024-03-01,closed,COLLABORATOR,aeac7bc7f,190,5,3,9,
pytorch,pytorch,2024-03-01,closed,CONTRIBUTOR,a73b095db,173,3,0,,
pytorch,pytorch,2024-03-01,closed,CONTRIBUTOR,affa1f180,28,2,0,,
pytorch,pytorch,2024-03-01,closed,CONTRIBUTOR,a554ec844,231,1,1,0,
pytorch,pytorch,2024-03-01,closed,CONTRIBUTOR,a079c3a68,5,1,1,59,
pytorch,pytorch,2024-03-01,closed,CONTRIBUTOR,a53ce3019,3,2,1,10,
pytorch,pytorch,2024-03-01,closed,COLLABORATOR,ad655184d,2,1,1,0,
pytorch,pytorch,2024-03-01,closed,CONTRIBUTOR,a26210bab,15,1,1,0,
pytorch,pytorch,2024-03-01,closed,CONTRIBUTOR,af46d2248,797,60,0,,
pytorch,pytorch,2024-03-01,closed,CONTRIBUTOR,add189f6d,46,1,1,0,
pytorch,pytorch,2024-03-01,closed,CONTRIBUTOR,ae66f3706,239,9,1,6,
pytorch,pytorch,2024-03-01,closed,CONTRIBUTOR,a2e231ad4,92,5,5,0,
pytorch,pytorch,2024-03-01,closed,CONTRIBUTOR,a94cbb390,45,1,1,28,
pytorch,pytorch,2024-03-01,closed,COLLABORATOR,ab80641ee,24,3,1,53,
pytorch,pytorch,2024-03-01,closed,CONTRIBUTOR,ac4ae7b08,154,1,2,1,
pytorch,pytorch,2024-03-01,closed,CONTRIBUTOR,a642039ad,2,1,1,1,
pytorch,pytorch,2024-03-01,closed,COLLABORATOR,a726550be,1,1,0,,
pytorch,pytorch,2024-03-01,closed,CONTRIBUTOR,ae7a7efe1,19,2,2,3,
pytorch,pytorch,2024-03-01,closed,CONTRIBUTOR,ab028fbf6,3,1,2,0,
pytorch,pytorch,2024-03-01,closed,CONTRIBUTOR,a26210bab,93,2,5,1,
pytorch,pytorch,2024-03-01,closed,CONTRIBUTOR,a41334601,52,25,0,,
pytorch,pytorch,2024-03-01,closed,CONTRIBUTOR,ab689c736,11,2,1,2,
pytorch,pytorch,2024-03-01,closed,CONTRIBUTOR,ab689c736,36,3,3,1,
pytorch,pytorch,2024-03-01,closed,CONTRIBUTOR,a1f767d6c,508,1,1,45,
pytorch,pytorch,2024-03-01,closed,CONTRIBUTOR,a6aca055d,26,1,1,0,
pytorch,pytorch,2024-03-01,closed,COLLABORATOR,a96e79d8e,50,4,1,0,
pytorch,pytorch,2024-03-01,closed,CONTRIBUTOR,a930bd28c,6,2,1,0,
pytorch,pytorch,2024-03-01,closed,COLLABORATOR,a55d2cdc8,90,8,1,1,
pytorch,pytorch,2024-03-01,closed,CONTRIBUTOR,a94cbb390,560,1,1,1,
pytorch,pytorch,2024-03-01,closed,CONTRIBUTOR,a1d8e3118,359,7,2,23,
pytorch,pytorch,2024-03-01,closed,COLLABORATOR,a18a2143e,7,1,1,12,
pytorch,pytorch,2024-03-01,closed,CONTRIBUTOR,ab2ece173,15,2,0,,
pytorch,pytorch,2024-03-01,closed,CONTRIBUTOR,a9dd2e3c0,90,4,2,2,
pytorch,pytorch,2024-03-01,closed,CONTRIBUTOR,a4a414edc,25,2,1,2,
pytorch,pytorch,2024-03-01,closed,CONTRIBUTOR,a0db1f58a,67,2,2,66,
pytorch,pytorch,2024-03-01,closed,COLLABORATOR,ac8c0369e,424,26,1,152,
pytorch,pytorch,2024-03-01,closed,CONTRIBUTOR,add189f6d,21,1,2,0,
pytorch,pytorch,2024-03-01,closed,CONTRIBUTOR,ab754d804,81,2,1,87,
pytorch,pytorch,2024-03-01,closed,CONTRIBUTOR,add189f6d,8,2,2,2,
pytorch,pytorch,2024-03-01,closed,NONE,a8d117cfd,77,1,5,15,
pytorch,pytorch,2024-03-01,closed,COLLABORATOR,aaee1c0cd,12,2,2,1,
pytorch,pytorch,2024-03-01,closed,CONTRIBUTOR,a6930a452,11,1,1,5,
pytorch,pytorch,2024-03-01,closed,NONE,ab37263b4,4,1,0,,
pytorch,pytorch,2024-03-01,closed,COLLABORATOR,a9d3065cc,6,1,1,1,
pytorch,pytorch,2024-03-01,closed,COLLABORATOR,a0aaba698,8,1,3,19,
pytorch,pytorch,2024-03-01,open,CONTRIBUTOR,abd4fe483,117,16,8,121,
pytorch,pytorch,2024-03-01,closed,CONTRIBUTOR,a3ba57d98,96,3,0,,
pytorch,pytorch,2024-03-01,closed,NONE,a8c040772,46,2,2,260,
pytorch,pytorch,2024-03-01,closed,COLLABORATOR,a96e79d8e,9,2,1,0,
pytorch,pytorch,2024-03-01,closed,COLLABORATOR,a4a4c796d,13,1,1,0,
pytorch,pytorch,2024-03-01,closed,CONTRIBUTOR,add189f6d,13,1,1,0,
pytorch,pytorch,2024-03-01,closed,COLLABORATOR,aeac7bc7f,11,2,2,0,
pytorch,pytorch,2024-03-01,closed,CONTRIBUTOR,ac297ff57,366,13,0,,
pytorch,pytorch,2024-03-01,closed,CONTRIBUTOR,a642039ad,48,1,2,10,
pytorch,pytorch,2024-03-01,closed,CONTRIBUTOR,ab2c3d13b,60,4,0,,
pytorch,pytorch,2024-03-01,closed,CONTRIBUTOR,ad6e74ab4,157,7,7,549,
pytorch,pytorch,2024-03-01,closed,CONTRIBUTOR,a642039ad,81,1,2,0,
pytorch,pytorch,2024-03-01,closed,CONTRIBUTOR,a9da25011,21,2,4,1,
pytorch,pytorch,2024-03-01,closed,CONTRIBUTOR,add189f6d,99,10,5,0,
pytorch,pytorch,2024-03-01,closed,CONTRIBUTOR,a18c03ea5,9,3,1,2,
pytorch,pytorch,2024-03-01,closed,CONTRIBUTOR,affa1f180,932,30,14,150,
pytorch,pytorch,2024-03-01,closed,CONTRIBUTOR,a4df58d03,2,1,1,5,
pytorch,pytorch,2024-03-01,closed,COLLABORATOR,a96e79d8e,243,7,6,10,
pytorch,pytorch,2024-03-01,closed,COLLABORATOR,a96e79d8e,16,2,1,15,
pytorch,pytorch,2024-03-01,closed,CONTRIBUTOR,a3552c582,21,1,2,5,
pytorch,pytorch,2024-03-01,closed,CONTRIBUTOR,aa238cb0a,107,2,1,44,
pytorch,pytorch,2024-03-01,closed,CONTRIBUTOR,aa238cb0a,192,7,3,20,
pytorch,pytorch,2024-03-01,closed,CONTRIBUTOR,aa238cb0a,13,1,3,1,
pytorch,pytorch,2024-03-01,closed,CONTRIBUTOR,a95a7bc64,19,3,0,,
pytorch,pytorch,2024-03-01,closed,CONTRIBUTOR,a8d482f18,5,1,0,,
pytorch,pytorch,2024-03-01,closed,CONTRIBUTOR,ae66f3706,2,1,1,2,
pytorch,pytorch,2024-03-01,closed,COLLABORATOR,aeac7bc7f,18,2,3,3,
pytorch,pytorch,2024-03-01,closed,COLLABORATOR,a18a2143e,41,1,3,86,
pytorch,pytorch,2024-03-01,closed,CONTRIBUTOR,a26210bab,2,1,2,0,
pytorch,pytorch,2024-03-01,closed,CONTRIBUTOR,ab2ece173,38,2,2,17,
pytorch,pytorch,2024-03-01,closed,CONTRIBUTOR,af46d2248,16,2,1,1,
pytorch,pytorch,2024-03-01,closed,CONTRIBUTOR,a740472d6,35,1,1,32,
pytorch,pytorch,2024-03-01,closed,CONTRIBUTOR,ad1b2f518,43,2,1,3,
pytorch,pytorch,2024-03-01,closed,COLLABORATOR,a5dc541f5,254,7,1,20,
pytorch,pytorch,2024-03-01,closed,COLLABORATOR,a66ad582e,3,1,2,24,
pytorch,pytorch,2024-03-01,closed,CONTRIBUTOR,a71340490,31,5,6,1,
pytorch,pytorch,2024-03-01,closed,CONTRIBUTOR,a079ce8a4,2,1,1,56,
pytorch,pytorch,2024-03-01,closed,COLLABORATOR,aeac7bc7f,20,1,1,56,
pytorch,pytorch,2024-03-01,closed,CONTRIBUTOR,a740472d6,17,1,1,46,
pytorch,pytorch,2024-03-01,closed,MEMBER,a5bfa44f7,5,1,1,6,
pytorch,pytorch,2024-03-01,closed,CONTRIBUTOR,a642039ad,67,5,0,,
pytorch,pytorch,2024-03-01,closed,CONTRIBUTOR,ad7aa5d4b,3,1,1,162,
pytorch,pytorch,2024-03-01,closed,CONTRIBUTOR,af46d2248,35,4,1,0,
pytorch,pytorch,2024-03-01,closed,CONTRIBUTOR,a740472d6,35,1,1,2,
pytorch,pytorch,2024-03-01,closed,COLLABORATOR,a0aaba698,71,2,3,4,
pytorch,pytorch,2024-03-01,closed,CONTRIBUTOR,a37aaac61,36,2,1,5,
pytorch,pytorch,2024-03-01,closed,CONTRIBUTOR,a9dd2e3c0,141,4,7,70,
pytorch,pytorch,2024-03-01,closed,CONTRIBUTOR,add189f6d,3,1,2,0,
pytorch,pytorch,2024-03-01,closed,CONTRIBUTOR,ab028fbf6,3,1,1,0,
pytorch,pytorch,2024-03-01,closed,CONTRIBUTOR,a642039ad,23,1,1,3,
pytorch,pytorch,2024-03-01,closed,CONTRIBUTOR,a642039ad,59,2,0,,
pytorch,pytorch,2024-03-01,closed,COLLABORATOR,aa3f63d8a,93,6,6,75,
pytorch,pytorch,2024-03-01,merged,COLLABORATOR,a12cd0aaa,23,3,1,41,41
pytorch,pytorch,2024-03-01,closed,COLLABORATOR,ad655184d,2,1,1,0,
pytorch,pytorch,2024-03-01,closed,CONTRIBUTOR,a83890a7a,2,1,2,45,
pytorch,pytorch,2024-03-01,closed,CONTRIBUTOR,a0bdb048a,49,2,3,143,
pytorch,pytorch,2024-03-01,closed,CONTRIBUTOR,a9ac24a9f,11,1,3,218,
pytorch,pytorch,2024-03-01,closed,CONTRIBUTOR,ab722bf65,152,3,6,67,
pytorch,pytorch,2024-03-01,closed,COLLABORATOR,a553f2a58,8,1,2,137,
pytorch,pytorch,2024-03-01,closed,CONTRIBUTOR,a1d8e3118,182,5,2,1,
pytorch,pytorch,2024-03-01,closed,CONTRIBUTOR,ae66f3706,24,6,2,150,
pytorch,pytorch,2024-03-01,closed,CONTRIBUTOR,ad6e74ab4,109,4,20,2,
pytorch,pytorch,2024-03-01,closed,CONTRIBUTOR,a94cbb390,435,7,1,10,
pytorch,pytorch,2024-03-01,closed,CONTRIBUTOR,a73a9574e,122,9,5,22,
pytorch,pytorch,2024-03-01,closed,CONTRIBUTOR,a73b095db,4,1,1,1,
pytorch,pytorch,2024-03-01,closed,COLLABORATOR,a12cd0aaa,31,2,3,116,
pytorch,pytorch,2024-03-01,closed,NONE,aa10917a0,67,2,3,9,
pytorch,pytorch,2024-03-01,closed,COLLABORATOR,a53cba981,122,3,1,35,
pytorch,pytorch,2024-03-01,closed,COLLABORATOR,afcac5ef0,35,1,1,2,
pytorch,pytorch,2024-03-01,closed,COLLABORATOR,a65c747a0,3,1,1,0,
pytorch,pytorch,2024-03-01,closed,CONTRIBUTOR,afb62a5b9,98,2,1,0,
pytorch,pytorch,2024-03-01,closed,CONTRIBUTOR,aa9ac2ea5,36,2,1,4,
pytorch,pytorch,2024-03-01,merged,COLLABORATOR,abb677e08,50,2,1,199,199
pytorch,pytorch,2024-03-01,closed,CONTRIBUTOR,ab791a946,12,2,1,26,
pytorch,pytorch,2024-03-01,closed,COLLABORATOR,aa773f4ff,14,2,3,1,
pytorch,pytorch,2024-03-01,closed,MEMBER,a82fe44ad,2,1,3,24,
pytorch,pytorch,2024-03-01,closed,MEMBER,a846e2bc0,10,1,1,6,
pytorch,pytorch,2024-03-01,closed,CONTRIBUTOR,ab689c736,8,2,2,17,
pytorch,pytorch,2024-03-01,closed,CONTRIBUTOR,a740472d6,4,2,0,,
pytorch,pytorch,2024-03-01,closed,COLLABORATOR,afcac5ef0,34,2,1,0,
pytorch,pytorch,2024-03-01,closed,CONTRIBUTOR,a9dd2e3c0,357,7,1,0,
pytorch,pytorch,2024-03-01,closed,CONTRIBUTOR,a73b095db,21,2,1,0,
pytorch,pytorch,2024-03-01,closed,CONTRIBUTOR,add189f6d,28,1,4,3,
pytorch,pytorch,2024-03-01,closed,CONTRIBUTOR,a8d482f18,131,6,8,16,
pytorch,pytorch,2024-03-01,closed,CONTRIBUTOR,a670eee03,5,1,1,0,
pytorch,pytorch,2024-03-01,closed,CONTRIBUTOR,a642039ad,11,2,0,,
pytorch,pytorch,2024-03-01,closed,CONTRIBUTOR,a76060dbc,307,1,3,22,
pytorch,pytorch,2024-03-01,closed,COLLABORATOR,a12cd0aaa,38,3,0,,
pytorch,pytorch,2024-03-01,closed,COLLABORATOR,aeac7bc7f,35,7,1,114,
pytorch,pytorch,2024-03-01,closed,CONTRIBUTOR,a94cbb390,105,12,2,19,
pytorch,pytorch,2024-03-01,closed,CONTRIBUTOR,add189f6d,14,1,2,2,
pytorch,pytorch,2024-03-01,closed,CONTRIBUTOR,afea22f1d,62,4,5,93,
pytorch,pytorch,2024-03-01,closed,MEMBER,a82fe44ad,98,6,13,62,
pytorch,pytorch,2024-03-01,closed,CONTRIBUTOR,aa238cb0a,114,4,0,,
pytorch,pytorch,2024-03-01,closed,CONTRIBUTOR,ab689c736,64,3,2,144,
pytorch,pytorch,2024-03-01,closed,CONTRIBUTOR,ae66f3706,129,19,0,,
pytorch,pytorch,2024-03-01,closed,MEMBER,af9a90ce4,863,3,36,2,
pytorch,pytorch,2024-03-01,merged,CONTRIBUTOR,ab028fbf6,6,2,1,0,0
pytorch,pytorch,2024-03-01,closed,COLLABORATOR,aa773f4ff,113,5,16,79,
pytorch,pytorch,2024-03-01,closed,CONTRIBUTOR,a76060dbc,4,1,1,0,
pytorch,pytorch,2024-03-01,closed,COLLABORATOR,ad19ffe38,4,2,1,40,
pytorch,pytorch,2024-03-01,closed,COLLABORATOR,adb4b8fd8,346,7,1,35,
pytorch,pytorch,2024-03-01,closed,CONTRIBUTOR,a642039ad,2,1,1,5,
pytorch,pytorch,2024-03-01,closed,CONTRIBUTOR,ab2c3d13b,205,6,1,21,
pytorch,pytorch,2024-03-01,closed,CONTRIBUTOR,add189f6d,2,1,1,5,
pytorch,pytorch,2024-03-01,closed,MEMBER,a846e2bc0,78,7,1,149,
pytorch,pytorch,2024-03-01,closed,CONTRIBUTOR,a6930a452,234,3,17,482,
pytorch,pytorch,2024-03-01,closed,COLLABORATOR,a286957d0,41,4,3,1,
pytorch,pytorch,2024-03-01,closed,MEMBER,a846e2bc0,62,5,1,154,
pytorch,pytorch,2024-03-01,closed,COLLABORATOR,a5dc541f5,832,94,1,0,
pytorch,pytorch,2024-03-01,closed,COLLABORATOR,a726550be,1,1,1,4,
pytorch,pytorch,2024-03-01,closed,CONTRIBUTOR,a76060dbc,13,2,1,0,
pytorch,pytorch,2024-03-01,closed,COLLABORATOR,ad19ffe38,67,4,0,,
pytorch,pytorch,2024-03-01,merged,COLLABORATOR,aafa76c3d,448,6,7,2,288
pytorch,pytorch,2024-03-01,closed,CONTRIBUTOR,a6c060ddc,4,1,1,45,
pytorch,pytorch,2024-03-01,closed,CONTRIBUTOR,a26210bab,122,2,11,3,
pytorch,pytorch,2024-03-01,closed,COLLABORATOR,a5b042f9c,20,2,2,6,
pytorch,pytorch,2024-03-01,closed,CONTRIBUTOR,a868cfe77,61,3,2,76,
pytorch,pytorch,2024-03-01,closed,COLLABORATOR,ac8c0369e,82,2,1,26,
pytorch,pytorch,2024-03-01,closed,CONTRIBUTOR,aa238cb0a,144,5,1,185,
pytorch,pytorch,2024-04-01,closed,CONTRIBUTOR,a72870f58,1235,6,0,,
pytorch,pytorch,2024-04-01,closed,CONTRIBUTOR,aa65fbcd8,59,2,0,,
pytorch,pytorch,2024-04-01,closed,COLLABORATOR,a01eff35b,98,8,1,88,
pytorch,pytorch,2024-04-01,closed,CONTRIBUTOR,a26210bab,101,6,6,0,
pytorch,pytorch,2024-04-01,closed,CONTRIBUTOR,a740472d6,37,6,1,1,
pytorch,pytorch,2024-04-01,closed,MEMBER,a846e2bc0,1,1,1,144,
pytorch,pytorch,2024-04-01,closed,CONTRIBUTOR,abb745724,24,1,1,20,
pytorch,pytorch,2024-04-01,closed,CONTRIBUTOR,a4ecb6dbe,4,1,2,0,
pytorch,pytorch,2024-04-01,closed,CONTRIBUTOR,affd56551,2,1,2,2,
pytorch,pytorch,2024-04-01,closed,COLLABORATOR,afb18a590,213,3,2,4,
pytorch,pytorch,2024-04-01,closed,CONTRIBUTOR,a94cbb390,35,2,1,27,
pytorch,pytorch,2024-04-01,closed,CONTRIBUTOR,a2d8ea448,5,1,1,40,
pytorch,pytorch,2024-04-01,closed,CONTRIBUTOR,a37aaac61,34,2,0,,
pytorch,pytorch,2024-04-01,closed,COLLABORATOR,a65c747a0,21,2,1,0,
pytorch,pytorch,2024-04-01,closed,CONTRIBUTOR,ac73c2135,29,1,0,,
pytorch,pytorch,2024-04-01,closed,CONTRIBUTOR,a642039ad,16,2,1,0,
pytorch,pytorch,2024-04-01,closed,CONTRIBUTOR,a642039ad,47,2,1,5,
pytorch,pytorch,2024-04-01,closed,CONTRIBUTOR,af46d2248,4,2,0,,
pytorch,pytorch,2024-04-01,closed,NONE,a006602b3,2,1,0,,
pytorch,pytorch,2024-04-01,closed,CONTRIBUTOR,a642039ad,2,1,1,3,
pytorch,pytorch,2024-04-01,closed,CONTRIBUTOR,a18c03ea5,25,1,2,337,
pytorch,pytorch,2024-04-01,closed,CONTRIBUTOR,a95a7bc64,55,4,4,0,
pytorch,pytorch,2024-04-01,closed,COLLABORATOR,a72e5ee0e,3,1,2,0,
pytorch,pytorch,2024-04-01,closed,CONTRIBUTOR,a1febba14,22,2,5,0,
pytorch,pytorch,2024-04-01,closed,CONTRIBUTOR,a05331277,269,5,1,113,
pytorch,pytorch,2024-04-01,closed,NONE,a86caa0e7,0,0,6,25,
pytorch,pytorch,2024-04-01,closed,COLLABORATOR,a5b042f9c,173,3,5,24,
pytorch,pytorch,2024-04-01,closed,CONTRIBUTOR,a766a70e3,180,10,4,6,
pytorch,pytorch,2024-04-01,closed,CONTRIBUTOR,ab754d804,72,2,2,172,
pytorch,pytorch,2024-04-01,closed,COLLABORATOR,afcac5ef0,14,2,1,1,
pytorch,pytorch,2024-04-01,closed,COLLABORATOR,a0a5ccaf7,35,5,4,0,
pytorch,pytorch,2024-04-01,closed,CONTRIBUTOR,ad6e74ab4,14,2,1,135,
pytorch,pytorch,2024-04-01,closed,CONTRIBUTOR,a642039ad,4,1,1,1,
pytorch,pytorch,2024-04-01,closed,CONTRIBUTOR,a9dd2e3c0,1,1,2,0,
pytorch,pytorch,2024-04-01,closed,CONTRIBUTOR,a9dd2e3c0,30,1,2,65,
pytorch,pytorch,2024-04-01,closed,NONE,ab506c2cf,84,3,0,,
pytorch,pytorch,2024-04-01,closed,CONTRIBUTOR,a9c2dad37,28,1,2,518,
pytorch,pytorch,2024-04-01,closed,CONTRIBUTOR,a75330cfd,9,1,4,19,
pytorch,pytorch,2024-04-01,closed,CONTRIBUTOR,a41b2e0a2,31,1,1,89,
pytorch,pytorch,2024-04-01,closed,CONTRIBUTOR,a4dc5c755,29,2,2,14,
pytorch,pytorch,2024-04-01,closed,CONTRIBUTOR,a9c2dad37,8,1,2,506,
pytorch,pytorch,2024-04-01,closed,CONTRIBUTOR,acde10e71,4,2,1,1,
pytorch,pytorch,2024-04-01,closed,NONE,a773ac805,67,2,0,,
pytorch,pytorch,2024-04-01,closed,CONTRIBUTOR,a9c2dad37,189,6,1,69,
pytorch,pytorch,2024-04-01,closed,CONTRIBUTOR,a0db1f58a,56,10,2,235,
pytorch,pytorch,2024-04-01,closed,CONTRIBUTOR,a6c8c07a8,1,1,2,1,
pytorch,pytorch,2024-04-01,closed,COLLABORATOR,a72e5ee0e,59,3,15,112,
pytorch,pytorch,2024-04-01,closed,CONTRIBUTOR,af46d2248,36,3,0,,
pytorch,pytorch,2024-04-01,closed,COLLABORATOR,a0a5ccaf7,143,9,11,207,
pytorch,pytorch,2024-04-01,closed,CONTRIBUTOR,ad3bf567d,1448,3,1,73,
pytorch,pytorch,2024-04-01,closed,CONTRIBUTOR,a3a080381,459,3,14,93,
pytorch,pytorch,2024-04-01,closed,COLLABORATOR,a5ac668f6,116,2,31,5,
pytorch,pytorch,2024-04-01,closed,CONTRIBUTOR,ab689c736,6,2,0,,
pytorch,pytorch,2024-04-01,closed,COLLABORATOR,a0aaba698,31,2,5,0,
pytorch,pytorch,2024-04-01,closed,CONTRIBUTOR,a642039ad,5,1,1,26,
pytorch,pytorch,2024-04-01,closed,COLLABORATOR,afcac5ef0,22,1,2,0,
pytorch,pytorch,2024-04-01,closed,CONTRIBUTOR,a5c2aecc9,2,1,1,35,
pytorch,pytorch,2024-04-01,closed,CONTRIBUTOR,a81e3e7a2,43,3,8,29,
pytorch,pytorch,2024-04-01,closed,CONTRIBUTOR,affa1f180,180,1,0,,
pytorch,pytorch,2024-04-01,closed,CONTRIBUTOR,a6466ba7c,10,4,1,7,
pytorch,pytorch,2024-04-01,closed,COLLABORATOR,ab472c49a,27,1,1,75,
pytorch,pytorch,2024-04-01,closed,CONTRIBUTOR,a18c03ea5,885,16,4,344,
pytorch,pytorch,2024-04-01,closed,MEMBER,a82fe44ad,21,2,1,1,
pytorch,pytorch,2024-04-01,closed,COLLABORATOR,a597022dd,174,6,8,5,
pytorch,pytorch,2024-04-01,closed,CONTRIBUTOR,a1c1597ce,19,1,2,19,
pytorch,pytorch,2024-04-01,closed,COLLABORATOR,a0aaba698,15,2,1,16,
pytorch,pytorch,2024-04-01,closed,COLLABORATOR,aab0b0a28,52,10,1,1,
pytorch,pytorch,2024-04-01,closed,CONTRIBUTOR,a740472d6,19,2,1,1,
pytorch,pytorch,2024-04-01,closed,CONTRIBUTOR,a468a7f64,18,1,1,2,
pytorch,pytorch,2024-04-01,closed,CONTRIBUTOR,a433e689a,21,5,1,18,
pytorch,pytorch,2024-04-01,closed,COLLABORATOR,aeac7bc7f,8,1,0,,
pytorch,pytorch,2024-04-01,closed,COLLABORATOR,ae617e84f,186,5,1,10,
pytorch,pytorch,2024-04-01,closed,COLLABORATOR,ab06db1d7,2,1,2,129,
pytorch,pytorch,2024-04-01,closed,CONTRIBUTOR,a554ec844,117,3,6,18,
pytorch,pytorch,2024-04-01,closed,NONE,a75e3483b,52,13,2,27,
pytorch,pytorch,2024-04-01,closed,CONTRIBUTOR,add189f6d,9,1,1,7,
pytorch,pytorch,2024-04-01,closed,CONTRIBUTOR,a41334601,11,3,6,32,
pytorch,pytorch,2024-04-01,closed,CONTRIBUTOR,a40c7660c,1044,16,0,,
pytorch,pytorch,2024-04-01,closed,COLLABORATOR,a597022dd,135,4,6,48,
pytorch,pytorch,2024-04-01,closed,CONTRIBUTOR,a1eb0cd02,1240,12,0,,
pytorch,pytorch,2024-04-01,closed,CONTRIBUTOR,ab028fbf6,89,3,2,0,
pytorch,pytorch,2024-04-01,closed,CONTRIBUTOR,a985dbc25,83,3,3,75,
pytorch,pytorch,2024-04-01,closed,CONTRIBUTOR,a70909928,33,1,2,0,
pytorch,pytorch,2024-04-01,closed,COLLABORATOR,a21df1e70,8,2,0,,
pytorch,pytorch,2024-04-01,closed,COLLABORATOR,ae6bab425,18,1,2,9,
pytorch,pytorch,2024-04-01,closed,CONTRIBUTOR,a3ba57d98,170,3,0,,
pytorch,pytorch,2024-04-01,closed,CONTRIBUTOR,ad6e74ab4,80,5,4,3,
pytorch,pytorch,2024-04-01,closed,CONTRIBUTOR,a6e991cda,414,3,12,76,
pytorch,pytorch,2024-04-01,closed,COLLABORATOR,a72e5ee0e,5,1,3,1,
pytorch,pytorch,2024-04-01,closed,COLLABORATOR,ac8c0369e,337,18,2,1,
pytorch,pytorch,2024-04-01,closed,MEMBER,a846e2bc0,1,1,1,7,
pytorch,pytorch,2024-04-01,closed,CONTRIBUTOR,a642039ad,2,1,1,28,
pytorch,pytorch,2024-04-01,closed,COLLABORATOR,aa773f4ff,8,1,1,28,
pytorch,pytorch,2024-04-01,closed,CONTRIBUTOR,a554ec844,1278,11,8,40,
pytorch,pytorch,2024-04-01,closed,CONTRIBUTOR,a91ac4b9b,487,5,6,18,
pytorch,pytorch,2024-04-01,closed,CONTRIBUTOR,a91ac4b9b,262,3,0,,
pytorch,pytorch,2024-04-01,closed,COLLABORATOR,ae6bab425,24,2,4,71,
pytorch,pytorch,2024-04-01,closed,COLLABORATOR,ac8c0369e,255,4,1,21,
pytorch,pytorch,2024-04-01,closed,CONTRIBUTOR,ae66f3706,19,2,0,,
pytorch,pytorch,2024-04-01,closed,CONTRIBUTOR,a26210bab,260,5,2,22,
pytorch,pytorch,2024-04-01,closed,MEMBER,a846e2bc0,6,2,1,3,
pytorch,pytorch,2024-04-01,closed,CONTRIBUTOR,ab722bf65,21,1,0,,
pytorch,pytorch,2024-04-01,closed,COLLABORATOR,a18a2143e,16,1,3,2,
pytorch,pytorch,2024-04-01,closed,CONTRIBUTOR,a554ec844,88,1,1,10,
pytorch,pytorch,2024-04-01,closed,CONTRIBUTOR,a6272c338,6520,84,3,33,
pytorch,pytorch,2024-04-01,closed,CONTRIBUTOR,a740472d6,4,1,2,7,
pytorch,pytorch,2024-04-01,closed,CONTRIBUTOR,a94cbb390,80,4,1,2,
pytorch,pytorch,2024-04-01,merged,COLLABORATOR,abb677e08,7,1,1,911,911
pytorch,pytorch,2024-04-01,closed,CONTRIBUTOR,a554ec844,20,1,1,0,
pytorch,pytorch,2024-04-01,closed,COLLABORATOR,aa773f4ff,88,3,3,99,
pytorch,pytorch,2024-04-01,closed,CONTRIBUTOR,ac297ff57,2,1,2,0,
pytorch,pytorch,2024-04-01,closed,CONTRIBUTOR,a4a414edc,12,1,1,86,
pytorch,pytorch,2024-04-01,closed,CONTRIBUTOR,a94cbb390,258,1,2,109,
pytorch,pytorch,2024-04-01,closed,CONTRIBUTOR,a554ec844,7,1,2,14,
pytorch,pytorch,2024-04-01,closed,COLLABORATOR,acf4dda97,38,1,4,73,
pytorch,pytorch,2024-04-01,closed,CONTRIBUTOR,ab028fbf6,26,13,2,18,
pytorch,pytorch,2024-04-01,closed,CONTRIBUTOR,a250400b8,10,1,5,1,
pytorch,pytorch,2024-04-01,merged,COLLABORATOR,abb677e08,2,1,1,4,7
pytorch,pytorch,2024-04-01,closed,CONTRIBUTOR,a6e3e1227,28,3,1,4,
pytorch,pytorch,2024-04-01,closed,COLLABORATOR,aa773f4ff,119,9,7,1,
pytorch,pytorch,2024-04-01,closed,COLLABORATOR,a9d3065cc,76,1,0,,
pytorch,pytorch,2024-04-01,closed,CONTRIBUTOR,a6e3e1227,4,1,0,,
pytorch,pytorch,2024-04-01,closed,CONTRIBUTOR,ae9a62bd5,311,1,0,,
pytorch,pytorch,2024-04-01,closed,CONTRIBUTOR,a642039ad,368,17,6,14,
pytorch,pytorch,2024-04-01,closed,NONE,a643c997a,26,2,1,2,
pytorch,pytorch,2024-04-01,closed,CONTRIBUTOR,a1eb0cd02,2071,20,0,,
pytorch,pytorch,2024-04-01,closed,CONTRIBUTOR,ab028fbf6,2,1,2,0,
pytorch,pytorch,2024-04-01,closed,CONTRIBUTOR,a2e231ad4,245,3,7,21,
pytorch,pytorch,2024-04-01,closed,CONTRIBUTOR,a77b6068a,93,1,3,1374,
pytorch,pytorch,2024-04-01,closed,COLLABORATOR,a4dac1560,20,2,1,4,
pytorch,pytorch,2024-04-01,closed,CONTRIBUTOR,a94cbb390,177,8,7,17,
pytorch,pytorch,2024-04-01,closed,CONTRIBUTOR,ab754d804,842,4,3,82,
pytorch,pytorch,2024-04-01,closed,CONTRIBUTOR,a94cbb390,220,10,1,27,
pytorch,pytorch,2024-04-01,closed,CONTRIBUTOR,a554ec844,14,2,4,402,
pytorch,pytorch,2024-04-01,closed,CONTRIBUTOR,a554ec844,14,1,1,0,
pytorch,pytorch,2024-04-01,closed,CONTRIBUTOR,a468a7f64,2,1,1,0,
pytorch,pytorch,2024-04-01,closed,CONTRIBUTOR,a05331277,216,3,1,95,
pytorch,pytorch,2024-04-01,closed,CONTRIBUTOR,afb62a5b9,208,4,5,2,
pytorch,pytorch,2024-04-01,closed,COLLABORATOR,aa773f4ff,26,5,2,8,
pytorch,pytorch,2024-04-01,closed,COLLABORATOR,a726550be,98,11,9,2,
pytorch,pytorch,2024-04-01,closed,CONTRIBUTOR,a24a774ff,9,1,2,7,
pytorch,pytorch,2024-04-01,closed,CONTRIBUTOR,ab689c736,545,17,2,21,
pytorch,pytorch,2024-04-01,closed,CONTRIBUTOR,add189f6d,62,2,2,11,
pytorch,pytorch,2024-04-01,closed,COLLABORATOR,a65c747a0,41,3,3,2,
pytorch,pytorch,2024-04-01,closed,CONTRIBUTOR,a740472d6,5,5,1,5,
pytorch,pytorch,2024-04-01,closed,CONTRIBUTOR,a9dd2e3c0,2,1,2,1,
pytorch,pytorch,2024-04-01,closed,COLLABORATOR,a597022dd,20,4,3,24,
pytorch,pytorch,2024-04-01,closed,CONTRIBUTOR,a16414c3f,89,2,1,7,
pytorch,pytorch,2024-04-01,closed,COLLABORATOR,ae617e84f,15,2,2,15,
pytorch,pytorch,2024-04-01,closed,COLLABORATOR,a0a5ccaf7,569,12,11,30,
pytorch,pytorch,2024-04-01,closed,CONTRIBUTOR,add189f6d,86,2,2,1,
pytorch,pytorch,2024-04-01,closed,CONTRIBUTOR,aa238cb0a,1,1,2,0,
pytorch,pytorch,2024-04-01,closed,CONTRIBUTOR,ab2ece173,273,7,13,6,
pytorch,pytorch,2024-04-01,closed,CONTRIBUTOR,a642039ad,48,3,0,,
pytorch,pytorch,2024-04-01,closed,CONTRIBUTOR,add189f6d,26,2,1,21,
pytorch,pytorch,2024-04-01,closed,COLLABORATOR,af5bc3743,4,1,4,0,
pytorch,pytorch,2024-04-01,closed,COLLABORATOR,af5bc3743,4,1,0,,
pytorch,pytorch,2024-04-01,closed,COLLABORATOR,aeba75f66,55,6,3,182,
pytorch,pytorch,2024-04-01,closed,MEMBER,a846e2bc0,8,1,2,13,
pytorch,pytorch,2024-04-01,closed,CONTRIBUTOR,aaf3a5cbc,6,1,1,0,
pytorch,pytorch,2024-04-01,closed,CONTRIBUTOR,a8dd56e6a,23,1,6,0,
pytorch,pytorch,2024-04-01,closed,CONTRIBUTOR,a8dd56e6a,3,1,2,0,
pytorch,pytorch,2024-04-01,closed,CONTRIBUTOR,afb62a5b9,303,3,1,46,
pytorch,pytorch,2024-04-01,closed,CONTRIBUTOR,a7d863361,17,1,2,23,
pytorch,pytorch,2024-04-01,closed,COLLABORATOR,accc9933e,68,4,5,34,
pytorch,pytorch,2024-04-01,closed,CONTRIBUTOR,aba90eb5b,40,2,2,0,
pytorch,pytorch,2024-04-01,closed,COLLABORATOR,a5f149101,31,5,4,11,
pytorch,pytorch,2024-04-01,closed,MEMBER,a82fe44ad,58,2,2,40,
pytorch,pytorch,2024-04-01,closed,CONTRIBUTOR,add189f6d,4,1,2,2,
pytorch,pytorch,2024-04-01,closed,CONTRIBUTOR,a6272c338,163,2,1,34,
pytorch,pytorch,2024-04-01,closed,CONTRIBUTOR,afb62a5b9,133,4,1,40,
pytorch,pytorch,2024-04-01,closed,CONTRIBUTOR,af46d2248,163,4,2,64,
pytorch,pytorch,2024-04-01,closed,CONTRIBUTOR,ad1b2f518,26,2,0,,
pytorch,pytorch,2024-04-01,closed,MEMBER,a82fe44ad,140,2,1,2,
pytorch,pytorch,2024-04-01,closed,CONTRIBUTOR,a740472d6,657,37,1,48,
pytorch,pytorch,2024-04-01,closed,COLLABORATOR,a65c747a0,4,1,0,,
pytorch,pytorch,2024-04-01,closed,CONTRIBUTOR,acde10e71,14,4,2,1,
pytorch,pytorch,2024-04-01,closed,CONTRIBUTOR,a05331277,133,3,0,,
pytorch,pytorch,2024-04-01,closed,CONTRIBUTOR,ab2ece173,183,7,1,0,
pytorch,pytorch,2024-04-01,closed,CONTRIBUTOR,a642039ad,95,6,2,5,
pytorch,pytorch,2024-04-01,closed,COLLABORATOR,a5b042f9c,735,1,0,,
pytorch,pytorch,2024-04-01,closed,CONTRIBUTOR,a71340490,189,7,1,13,
pytorch,pytorch,2024-04-01,closed,NONE,a1c5c176d,106,1,8,38,
pytorch,pytorch,2024-04-01,closed,NONE,ab73d36ea,118,24,1,207,
pytorch,pytorch,2024-04-01,closed,COLLABORATOR,a01eff35b,17,1,9,2,
pytorch,pytorch,2024-04-01,closed,MEMBER,a82fe44ad,22,1,0,,
pytorch,pytorch,2024-04-01,closed,CONTRIBUTOR,ab33464d0,2,1,1,1,
pytorch,pytorch,2024-04-01,closed,COLLABORATOR,a72e5ee0e,670,4,12,71,
pytorch,pytorch,2024-04-01,closed,COLLABORATOR,aa773f4ff,129,3,1,0,
pytorch,pytorch,2024-04-01,closed,CONTRIBUTOR,a642039ad,2,1,1,46,
pytorch,pytorch,2024-04-01,closed,CONTRIBUTOR,a45bf8722,47,2,3,4,
pytorch,pytorch,2024-04-01,closed,CONTRIBUTOR,aba90eb5b,131,4,6,123,
pytorch,pytorch,2024-05-01,closed,CONTRIBUTOR,aa238cb0a,26,2,1,0,
pytorch,pytorch,2024-05-01,closed,CONTRIBUTOR,ae9bba66a,90,2,1,169,
pytorch,pytorch,2024-05-01,closed,COLLABORATOR,a597022dd,23,3,9,0,
pytorch,pytorch,2024-05-01,closed,COLLABORATOR,a5dc541f5,6,1,0,,
pytorch,pytorch,2024-05-01,closed,CONTRIBUTOR,ad1b2f518,170,3,2,0,
pytorch,pytorch,2024-05-01,closed,CONTRIBUTOR,ae66f3706,2,1,1,1,
pytorch,pytorch,2024-05-01,closed,COLLABORATOR,acd40f187,1312,7,58,26,
pytorch,pytorch,2024-05-01,closed,CONTRIBUTOR,a9dd2e3c0,38,3,2,138,
pytorch,pytorch,2024-05-01,closed,CONTRIBUTOR,ae7a7efe1,395,2,2,0,
pytorch,pytorch,2024-05-01,closed,CONTRIBUTOR,a9c2dad37,16,3,1,21,
pytorch,pytorch,2024-05-01,closed,MEMBER,a846e2bc0,111,11,3,46,
pytorch,pytorch,2024-05-01,closed,COLLABORATOR,aeba75f66,11,3,3,19,
pytorch,pytorch,2024-05-01,merged,COLLABORATOR,ab06db1d7,45,8,1,19,19
pytorch,pytorch,2024-05-01,closed,CONTRIBUTOR,a72b3c0d0,2,1,2,12,
pytorch,pytorch,2024-05-01,closed,CONTRIBUTOR,a9da25011,99,2,0,,
pytorch,pytorch,2024-05-01,closed,COLLABORATOR,aeac7bc7f,53,10,1,7,
pytorch,pytorch,2024-05-01,closed,CONTRIBUTOR,a6272c338,5,1,1,34,
pytorch,pytorch,2024-05-01,closed,COLLABORATOR,a6ff1690e,1238,17,0,,
pytorch,pytorch,2024-05-01,closed,CONTRIBUTOR,a8d482f18,2,1,0,,
pytorch,pytorch,2024-05-01,closed,CONTRIBUTOR,a2e231ad4,104,4,2,452,
pytorch,pytorch,2024-05-01,closed,COLLABORATOR,afcac5ef0,48,3,1,1,
pytorch,pytorch,2024-05-01,closed,MEMBER,a82fe44ad,20,5,0,,
pytorch,pytorch,2024-05-01,closed,COLLABORATOR,a6cfb0643,87,6,4,141,
pytorch,pytorch,2024-05-01,closed,CONTRIBUTOR,a868cfe77,44,4,2,0,
pytorch,pytorch,2024-05-01,closed,CONTRIBUTOR,a18c03ea5,4,2,1,0,
pytorch,pytorch,2024-05-01,closed,CONTRIBUTOR,a18c03ea5,908,17,5,162,
pytorch,pytorch,2024-05-01,closed,CONTRIBUTOR,a0a3c332c,22,2,5,0,
pytorch,pytorch,2024-05-01,closed,CONTRIBUTOR,affa1f180,38,1,6,12,
pytorch,pytorch,2024-05-01,closed,CONTRIBUTOR,affa1f180,74,1,5,12,
pytorch,pytorch,2024-05-01,closed,COLLABORATOR,aaee1c0cd,233,2,5,8,
pytorch,pytorch,2024-05-01,closed,CONTRIBUTOR,a3552c582,153,2,9,6,
pytorch,pytorch,2024-05-01,closed,CONTRIBUTOR,acde10e71,1897,15,1,4,
pytorch,pytorch,2024-05-01,closed,CONTRIBUTOR,a8d482f18,497,7,0,,
pytorch,pytorch,2024-05-01,closed,CONTRIBUTOR,acde10e71,6971,31,1,3,
pytorch,pytorch,2024-05-01,closed,CONTRIBUTOR,a05331277,91,1,0,,
pytorch,pytorch,2024-05-01,closed,CONTRIBUTOR,a05331277,376,3,0,,
pytorch,pytorch,2024-05-01,closed,CONTRIBUTOR,a05331277,91,1,1,98,
pytorch,pytorch,2024-05-01,closed,CONTRIBUTOR,ab689c736,39,4,1,0,
pytorch,pytorch,2024-05-01,closed,CONTRIBUTOR,a76060dbc,31,3,1,138,
pytorch,pytorch,2024-05-01,closed,CONTRIBUTOR,a41334601,26,1,2,0,
pytorch,pytorch,2024-05-01,closed,COLLABORATOR,a01eff35b,69,21,1,20,
pytorch,pytorch,2024-05-01,closed,COLLABORATOR,a01eff35b,1042,296,2,0,
pytorch,pytorch,2024-05-01,closed,COLLABORATOR,aaee1c0cd,18,2,3,0,
pytorch,pytorch,2024-05-01,closed,CONTRIBUTOR,ab5d5eb7e,179,2,0,,
pytorch,pytorch,2024-05-01,closed,COLLABORATOR,aeac7bc7f,25,2,0,,
pytorch,pytorch,2024-05-01,closed,CONTRIBUTOR,a2cece6e0,996,3,0,,
pytorch,pytorch,2024-05-01,closed,CONTRIBUTOR,a4992194a,19,1,5,37,
pytorch,pytorch,2024-05-01,closed,CONTRIBUTOR,a642039ad,319,12,0,,
pytorch,pytorch,2024-05-01,closed,CONTRIBUTOR,a435b6d96,15,2,4,164,
pytorch,pytorch,2024-05-01,closed,NONE,a11d6f54c,1,1,0,,
pytorch,pytorch,2024-05-01,closed,CONTRIBUTOR,a567a1ee2,2,1,2,15,
pytorch,pytorch,2024-05-01,closed,CONTRIBUTOR,ab14f2c80,13,1,0,,
pytorch,pytorch,2024-05-01,closed,CONTRIBUTOR,a740472d6,43,2,1,1,
pytorch,pytorch,2024-05-01,closed,CONTRIBUTOR,ab689c736,89,3,1,0,
pytorch,pytorch,2024-05-01,merged,COLLABORATOR,abb677e08,22,11,1,8,8
pytorch,pytorch,2024-05-01,closed,CONTRIBUTOR,ad1b2f518,65,5,0,,
pytorch,pytorch,2024-05-01,closed,NONE,a500ec4e8,40,1,0,,
pytorch,pytorch,2024-05-01,closed,CONTRIBUTOR,a0a3c332c,33,2,3,3,
pytorch,pytorch,2024-05-01,closed,COLLABORATOR,a96e79d8e,78,2,6,0,
pytorch,pytorch,2024-05-01,closed,CONTRIBUTOR,ae1c57010,30,1,1,1,
pytorch,pytorch,2024-05-01,closed,COLLABORATOR,a22ea5b25,4,1,2,14,
pytorch,pytorch,2024-05-01,closed,CONTRIBUTOR,a0a3c332c,14,2,3,43,
pytorch,pytorch,2024-05-01,closed,CONTRIBUTOR,a0a3c332c,14,2,3,43,
pytorch,pytorch,2024-05-01,closed,CONTRIBUTOR,a6e3e1227,3,2,2,8,
pytorch,pytorch,2024-05-01,closed,CONTRIBUTOR,a8d482f18,6,1,0,,
pytorch,pytorch,2024-05-01,closed,COLLABORATOR,a96e79d8e,164,20,1,0,
pytorch,pytorch,2024-05-01,closed,CONTRIBUTOR,a785abea7,9,1,5,1,
pytorch,pytorch,2024-05-01,closed,CONTRIBUTOR,ab028fbf6,2,1,0,,
pytorch,pytorch,2024-05-01,closed,CONTRIBUTOR,ab689c736,511,8,38,0,
pytorch,pytorch,2024-05-01,closed,CONTRIBUTOR,a8e8e27a7,96,2,0,,
pytorch,pytorch,2024-05-01,closed,CONTRIBUTOR,a69e2988f,85,1,8,2,
pytorch,pytorch,2024-05-01,closed,CONTRIBUTOR,af46d2248,44,1,2,0,
pytorch,pytorch,2024-05-01,closed,COLLABORATOR,aeac7bc7f,8,2,1,27,
pytorch,pytorch,2024-05-01,closed,CONTRIBUTOR,a642039ad,32,2,1,20,
pytorch,pytorch,2024-05-01,closed,CONTRIBUTOR,a63e53439,16,1,12,61,
pytorch,pytorch,2024-05-01,closed,COLLABORATOR,aeac7bc7f,13,4,1,109,
pytorch,pytorch,2024-05-01,closed,NONE,aa2fe6597,43,3,2,22,
pytorch,pytorch,2024-05-01,closed,CONTRIBUTOR,a05331277,88,3,1,117,
pytorch,pytorch,2024-05-01,closed,CONTRIBUTOR,a8d482f18,11,1,1,6,
pytorch,pytorch,2024-05-01,closed,CONTRIBUTOR,aa9ac2ea5,53,2,3,14,
pytorch,pytorch,2024-05-01,closed,CONTRIBUTOR,a3552c582,51,1,0,,
pytorch,pytorch,2024-05-01,closed,COLLABORATOR,a55d2cdc8,2,1,1,1,
pytorch,pytorch,2024-05-01,closed,CONTRIBUTOR,aa4392b50,73,5,1,503,
pytorch,pytorch,2024-05-01,closed,CONTRIBUTOR,a3552c582,44,3,1,1,
pytorch,pytorch,2024-05-01,closed,CONTRIBUTOR,a76060dbc,726,16,0,,
pytorch,pytorch,2024-05-01,closed,CONTRIBUTOR,ab2c3d13b,26,3,1,69,
pytorch,pytorch,2024-05-01,closed,MEMBER,a1d1ec4c4,2,1,0,,
pytorch,pytorch,2024-05-01,closed,COLLABORATOR,aeac7bc7f,3081,31,1,86,
pytorch,pytorch,2024-05-01,closed,CONTRIBUTOR,a6b783616,2,1,2,116,
pytorch,pytorch,2024-05-01,closed,COLLABORATOR,a5f149101,531,6,5,7,
pytorch,pytorch,2024-05-01,closed,CONTRIBUTOR,ac297ff57,14,5,1,0,
pytorch,pytorch,2024-05-01,closed,COLLABORATOR,aaee1c0cd,3,1,1,0,
pytorch,pytorch,2024-05-01,closed,CONTRIBUTOR,a8d482f18,4,1,1,191,
pytorch,pytorch,2024-05-01,closed,CONTRIBUTOR,aa9ac2ea5,87,2,7,4,
pytorch,pytorch,2024-05-01,closed,CONTRIBUTOR,ad1b2f518,32,1,0,,
pytorch,pytorch,2024-05-01,closed,CONTRIBUTOR,a9dd2e3c0,42,3,4,2,
pytorch,pytorch,2024-05-01,closed,CONTRIBUTOR,a18c03ea5,79,3,1,27,
pytorch,pytorch,2024-05-01,closed,CONTRIBUTOR,a468a7f64,1,1,2,0,
pytorch,pytorch,2024-05-01,closed,CONTRIBUTOR,a1eb0cd02,233,3,8,45,
pytorch,pytorch,2024-05-01,closed,NONE,a8c040772,2,1,0,,
pytorch,pytorch,2024-05-01,closed,COLLABORATOR,abd4c73b4,141,15,37,6,
pytorch,pytorch,2024-05-01,closed,CONTRIBUTOR,ad1b2f518,121,5,10,50,
pytorch,pytorch,2024-05-01,closed,COLLABORATOR,aaee1c0cd,58,2,0,,
pytorch,pytorch,2024-05-01,closed,CONTRIBUTOR,af48e596d,17,1,7,225,
pytorch,pytorch,2024-05-01,closed,CONTRIBUTOR,a054bb9b9,76,2,0,,
pytorch,pytorch,2024-05-01,closed,COLLABORATOR,a978a2c3f,9542,2,2,108,
pytorch,pytorch,2024-05-01,closed,CONTRIBUTOR,a94cbb390,14,1,2,39,
pytorch,pytorch,2024-05-01,closed,CONTRIBUTOR,a468a7f64,87,3,1,2,
pytorch,pytorch,2024-05-01,closed,CONTRIBUTOR,a94cbb390,23,4,1,66,
pytorch,pytorch,2024-05-01,closed,COLLABORATOR,a65c747a0,20,2,1,8,
pytorch,pytorch,2024-05-01,closed,CONTRIBUTOR,aeab82720,14,5,1,1,
pytorch,pytorch,2024-05-01,closed,CONTRIBUTOR,a83890a7a,33,2,10,0,
pytorch,pytorch,2024-05-01,closed,CONTRIBUTOR,a6e3e1227,199,13,1,76,
pytorch,pytorch,2024-05-01,closed,CONTRIBUTOR,a9dd2e3c0,12,1,1,58,
pytorch,pytorch,2024-05-01,closed,CONTRIBUTOR,a9c2dad37,1183,6,2,117,
pytorch,pytorch,2024-05-01,closed,CONTRIBUTOR,a2c89a862,8,1,7,103,
pytorch,pytorch,2024-05-01,closed,COLLABORATOR,aa773f4ff,5,1,2,44,
pytorch,pytorch,2024-05-01,closed,CONTRIBUTOR,a642039ad,194,2,3,1,
pytorch,pytorch,2024-05-01,closed,CONTRIBUTOR,aa22d9d8a,83,2,1,0,
pytorch,pytorch,2024-05-01,closed,COLLABORATOR,a597022dd,6,2,1,0,
pytorch,pytorch,2024-05-01,merged,CONTRIBUTOR,a619ab9b4,4,1,1,120,120
pytorch,pytorch,2024-05-01,closed,CONTRIBUTOR,a642039ad,18,1,0,,
pytorch,pytorch,2024-05-01,closed,CONTRIBUTOR,a642039ad,20,2,0,,
pytorch,pytorch,2024-05-01,closed,CONTRIBUTOR,a642039ad,3,1,0,,
pytorch,pytorch,2024-05-01,closed,MEMBER,a506852cd,87,4,5,1,
pytorch,pytorch,2024-05-01,closed,CONTRIBUTOR,a642039ad,53,3,2,1,
pytorch,pytorch,2024-05-01,closed,CONTRIBUTOR,a079c3a68,5,1,0,,
pytorch,pytorch,2024-05-01,closed,CONTRIBUTOR,a8dd0bebe,280,5,6,284,
pytorch,pytorch,2024-05-01,closed,CONTRIBUTOR,a41334601,58,11,0,,
pytorch,pytorch,2024-05-01,closed,CONTRIBUTOR,a6e3e1227,42,1,1,3,
pytorch,pytorch,2024-05-01,closed,CONTRIBUTOR,a740472d6,1,1,1,0,
pytorch,pytorch,2024-05-01,closed,COLLABORATOR,a94edfed8,9,2,0,,
pytorch,pytorch,2024-05-01,closed,COLLABORATOR,ae25f14a4,1378,9,0,,
pytorch,pytorch,2024-05-01,closed,CONTRIBUTOR,a740472d6,2,1,0,,
pytorch,pytorch,2024-05-01,closed,MEMBER,ae2045c3f,16,2,1,817,
pytorch,pytorch,2024-05-01,closed,CONTRIBUTOR,a6272c338,26,3,9,124,
pytorch,pytorch,2024-05-01,closed,CONTRIBUTOR,a8d482f18,9,3,0,,
pytorch,pytorch,2024-05-01,closed,CONTRIBUTOR,a69e2988f,16,1,1,16,
pytorch,pytorch,2024-05-01,closed,CONTRIBUTOR,a56222d4e,86,2,1,48,
pytorch,pytorch,2024-05-01,closed,CONTRIBUTOR,add189f6d,2,1,1,0,
pytorch,pytorch,2024-05-01,closed,MEMBER,a846e2bc0,48,5,2,2,
pytorch,pytorch,2024-05-01,closed,CONTRIBUTOR,a642039ad,24,2,2,17,
pytorch,pytorch,2024-05-01,closed,CONTRIBUTOR,a9c2dad37,44,1,0,,
pytorch,pytorch,2024-05-01,closed,CONTRIBUTOR,a9c2dad37,29,1,0,,
pytorch,pytorch,2024-05-01,closed,COLLABORATOR,afcac5ef0,162,5,2,10,
pytorch,pytorch,2024-05-01,closed,CONTRIBUTOR,a9c2dad37,9237,19,0,,
pytorch,pytorch,2024-05-01,closed,CONTRIBUTOR,ae66f3706,40,2,1,94,
pytorch,pytorch,2024-05-01,closed,COLLABORATOR,abb677e08,291,5,0,,
pytorch,pytorch,2024-05-01,closed,COLLABORATOR,aab0b0a28,266,22,1,3,
pytorch,pytorch,2024-05-01,merged,COLLABORATOR,abb677e08,110,2,1,1,1
pytorch,pytorch,2024-05-01,merged,COLLABORATOR,abb677e08,53,3,1,1,1
pytorch,pytorch,2024-05-01,closed,CONTRIBUTOR,a642039ad,27,2,2,0,
pytorch,pytorch,2024-05-01,closed,COLLABORATOR,a4a245b6f,12,1,0,,
pytorch,pytorch,2024-05-01,closed,CONTRIBUTOR,a468a7f64,43,7,2,14,
pytorch,pytorch,2024-05-01,closed,CONTRIBUTOR,a94cbb390,3,1,1,37,
pytorch,pytorch,2024-05-01,closed,COLLABORATOR,acd40f187,425,8,1,74,
pytorch,pytorch,2024-05-01,closed,COLLABORATOR,aeac7bc7f,18,1,1,256,
pytorch,pytorch,2024-05-01,closed,CONTRIBUTOR,a8d482f18,3,1,0,,
pytorch,pytorch,2024-05-01,closed,MEMBER,a1a5a17e0,12,2,2,0,
pytorch,pytorch,2024-05-01,closed,CONTRIBUTOR,a642039ad,11,1,3,1,
pytorch,pytorch,2024-05-01,closed,CONTRIBUTOR,a37aaac61,87,5,0,,
pytorch,pytorch,2024-05-01,closed,CONTRIBUTOR,ab028fbf6,35,2,0,,
pytorch,pytorch,2024-05-01,closed,CONTRIBUTOR,ae66f3706,2,1,1,119,
pytorch,pytorch,2024-05-01,closed,CONTRIBUTOR,a295aa443,7,1,2,173,
pytorch,pytorch,2024-05-01,closed,CONTRIBUTOR,a468a7f64,18,1,1,0,
pytorch,pytorch,2024-05-01,closed,CONTRIBUTOR,a8267dc41,1,1,1,16,
pytorch,pytorch,2024-05-01,closed,MEMBER,a846e2bc0,41,7,5,19,
pytorch,pytorch,2024-05-01,closed,CONTRIBUTOR,a468a7f64,71,1,1,0,
pytorch,pytorch,2024-05-01,closed,COLLABORATOR,a7c32ab52,209,10,3,47,
pytorch,pytorch,2024-05-01,closed,CONTRIBUTOR,add189f6d,72,3,1,0,
pytorch,pytorch,2024-05-01,closed,CONTRIBUTOR,a740472d6,8,2,1,0,
pytorch,pytorch,2024-05-01,closed,CONTRIBUTOR,a39772212,103,1,2,26,
pytorch,pytorch,2024-05-01,closed,CONTRIBUTOR,a5d25ac09,108,1,0,,
pytorch,pytorch,2024-05-01,closed,CONTRIBUTOR,a56222d4e,23,1,0,,
pytorch,pytorch,2024-05-01,closed,CONTRIBUTOR,ae66f3706,16,1,1,3,
pytorch,pytorch,2024-05-01,closed,CONTRIBUTOR,a9dd2e3c0,114,1,0,,
pytorch,pytorch,2024-05-01,closed,CONTRIBUTOR,a9dd2e3c0,56,2,1,2,
pytorch,pytorch,2024-05-01,closed,CONTRIBUTOR,a2e231ad4,734,2,7,27,
pytorch,pytorch,2024-05-01,closed,CONTRIBUTOR,ac73c2135,67,4,1,118,
pytorch,pytorch,2024-05-01,merged,CONTRIBUTOR,abd4fe483,35,1,2,0,171
pytorch,pytorch,2024-05-01,closed,COLLABORATOR,a65c747a0,1068,2,0,,
pytorch,pytorch,2024-05-01,closed,CONTRIBUTOR,a6e3e1227,4,2,1,332,
pytorch,pytorch,2024-05-01,closed,COLLABORATOR,a2f4faf3a,787,22,0,,
pytorch,pytorch,2024-05-01,closed,COLLABORATOR,a726550be,547,8,2,0,
pytorch,pytorch,2024-05-01,closed,CONTRIBUTOR,ac297ff57,159,3,7,3,
pytorch,pytorch,2024-05-01,closed,CONTRIBUTOR,a32df52cc,5,1,0,,
pytorch,pytorch,2024-05-01,closed,CONTRIBUTOR,a83890a7a,54,1,1,190,
pytorch,pytorch,2024-05-01,closed,CONTRIBUTOR,a868cfe77,6,1,3,0,
pytorch,pytorch,2024-05-01,closed,CONTRIBUTOR,a09d24c7c,9,1,1,23,
pytorch,pytorch,2024-05-01,closed,COLLABORATOR,ab472c49a,2,1,0,,
pytorch,pytorch,2024-05-01,closed,CONTRIBUTOR,a6272c338,10,1,1,0,
pytorch,pytorch,2024-05-01,closed,COLLABORATOR,a6ff1690e,226,2,0,,
pytorch,pytorch,2024-05-01,closed,COLLABORATOR,a55d2cdc8,365,49,1,19,
pytorch,pytorch,2024-05-01,closed,COLLABORATOR,ad655184d,2,1,1,0,
pytorch,pytorch,2024-05-01,closed,CONTRIBUTOR,a37aaac61,52,1,4,67,
pytorch,pytorch,2024-05-01,closed,CONTRIBUTOR,a76060dbc,747,12,1,3,
pytorch,pytorch,2024-05-01,closed,CONTRIBUTOR,ad1b2f518,2,1,1,3,
pytorch,pytorch,2024-05-01,closed,COLLABORATOR,a01eff35b,121,4,2,1,
pytorch,pytorch,2024-05-01,closed,MEMBER,a846e2bc0,1,2,1,42,
pytorch,pytorch,2024-05-01,closed,CONTRIBUTOR,a0213bdcf,65,4,15,15,
pytorch,pytorch,2024-05-01,closed,COLLABORATOR,afcac5ef0,67,1,5,0,
pytorch,pytorch,2024-05-01,closed,COLLABORATOR,a48d2281d,30,2,4,0,
pytorch,pytorch,2024-05-01,closed,COLLABORATOR,ab80641ee,164,9,18,2951,
pytorch,pytorch,2024-05-01,closed,COLLABORATOR,a92f64428,110,2,1,15,
pytorch,pytorch,2024-05-01,closed,CONTRIBUTOR,a8d482f18,108,1,7,0,
pytorch,pytorch,2024-05-01,closed,COLLABORATOR,a22ea5b25,771,28,21,524,
pytorch,pytorch,2024-05-01,closed,CONTRIBUTOR,add189f6d,16,1,0,,
pytorch,pytorch,2024-05-01,closed,CONTRIBUTOR,a3552c582,13,2,6,2,
pytorch,pytorch,2024-05-01,open,CONTRIBUTOR,abd4fe483,360,11,7,193,
pytorch,pytorch,2024-05-01,closed,CONTRIBUTOR,ae9a62bd5,889,3,9,25,
pytorch,pytorch,2024-05-01,closed,CONTRIBUTOR,a642039ad,5,1,1,2,
pytorch,pytorch,2024-06-01,closed,CONTRIBUTOR,a9dd2e3c0,220,9,3,290,
pytorch,pytorch,2024-06-01,closed,COLLABORATOR,aa773f4ff,64,2,4,19,
pytorch,pytorch,2024-06-01,closed,COLLABORATOR,a7c32ab52,144,8,3,12,
pytorch,pytorch,2024-06-01,merged,COLLABORATOR,abb677e08,17,2,1,15,15
pytorch,pytorch,2024-06-01,closed,CONTRIBUTOR,add189f6d,1,1,1,0,
pytorch,pytorch,2024-06-01,closed,CONTRIBUTOR,a415e187b,24,2,0,,
pytorch,pytorch,2024-06-01,closed,COLLABORATOR,aeba75f66,71,3,2,20,
pytorch,pytorch,2024-06-01,closed,CONTRIBUTOR,aaced45c8,1,1,0,,
pytorch,pytorch,2024-06-01,closed,CONTRIBUTOR,a9a19100a,28,2,0,,
pytorch,pytorch,2024-06-01,closed,COLLABORATOR,a01eff35b,194,84,1,776,
pytorch,pytorch,2024-06-01,closed,COLLABORATOR,a01eff35b,95,52,1,673,
pytorch,pytorch,2024-06-01,closed,COLLABORATOR,a01eff35b,159,74,1,461,
pytorch,pytorch,2024-06-01,closed,CONTRIBUTOR,a45d3c333,2,1,2,63,
pytorch,pytorch,2024-06-01,closed,CONTRIBUTOR,ab14f2c80,199,5,4,78,
pytorch,pytorch,2024-06-01,closed,CONTRIBUTOR,a9c2dad37,2,1,1,0,
pytorch,pytorch,2024-06-01,merged,COLLABORATOR,abb677e08,72,3,3,0,21
pytorch,pytorch,2024-06-01,closed,CONTRIBUTOR,a415e187b,385,2,0,,
pytorch,pytorch,2024-06-01,closed,COLLABORATOR,a22ea5b25,5,1,1,15,
pytorch,pytorch,2024-06-01,closed,CONTRIBUTOR,a468a7f64,18,2,1,0,
pytorch,pytorch,2024-06-01,closed,COLLABORATOR,a22ea5b25,25,2,2,0,
pytorch,pytorch,2024-06-01,closed,COLLABORATOR,a55d2cdc8,2,1,5,19,
pytorch,pytorch,2024-06-01,closed,COLLABORATOR,a01eff35b,39,4,1,8,
pytorch,pytorch,2024-06-01,closed,CONTRIBUTOR,a740472d6,10,2,1,12,
pytorch,pytorch,2024-06-01,closed,CONTRIBUTOR,acbed9a7b,2,1,2,15,
pytorch,pytorch,2024-06-01,closed,CONTRIBUTOR,a8f097036,6,2,1,184,
pytorch,pytorch,2024-06-01,closed,CONTRIBUTOR,a41334601,64,2,4,4,
pytorch,pytorch,2024-06-01,closed,CONTRIBUTOR,a94cbb390,10,1,3,1,
pytorch,pytorch,2024-06-01,closed,NONE,a435911c2,17,2,0,,
pytorch,pytorch,2024-06-01,closed,CONTRIBUTOR,a996e38e1,11,1,2,13,
pytorch,pytorch,2024-06-01,closed,CONTRIBUTOR,a53f71719,8,1,10,0,
pytorch,pytorch,2024-06-01,closed,CONTRIBUTOR,aa22d9d8a,7,1,1,3,
pytorch,pytorch,2024-06-01,closed,COLLABORATOR,a18a2143e,304,8,0,,
pytorch,pytorch,2024-06-01,closed,CONTRIBUTOR,aeab82720,18,5,1,96,
pytorch,pytorch,2024-06-01,closed,COLLABORATOR,a4dac1560,36,3,1,35,
pytorch,pytorch,2024-06-01,closed,CONTRIBUTOR,a83890a7a,18,3,1,1,
pytorch,pytorch,2024-06-01,closed,CONTRIBUTOR,aa9b84bc4,5,1,4,116,
pytorch,pytorch,2024-06-01,closed,CONTRIBUTOR,a3254803a,3,1,1,10,
pytorch,pytorch,2024-06-01,closed,COLLABORATOR,a48d2281d,264,7,1,16,
pytorch,pytorch,2024-06-01,closed,CONTRIBUTOR,a642039ad,2347,39,0,,
pytorch,pytorch,2024-06-01,closed,COLLABORATOR,aaee1c0cd,159,8,2,0,
pytorch,pytorch,2024-06-01,closed,CONTRIBUTOR,a22c35824,354,11,14,116,
pytorch,pytorch,2024-06-01,closed,CONTRIBUTOR,ae66f3706,199,3,1,0,
pytorch,pytorch,2024-06-01,closed,COLLABORATOR,a286957d0,102,5,4,74,
pytorch,pytorch,2024-06-01,closed,CONTRIBUTOR,a6e3e1227,11,1,2,0,
pytorch,pytorch,2024-06-01,closed,CONTRIBUTOR,a11fc527d,18,1,0,,
pytorch,pytorch,2024-06-01,closed,CONTRIBUTOR,ab33464d0,13,1,3,3,
pytorch,pytorch,2024-06-01,closed,CONTRIBUTOR,a8da1b764,31665,462,4,113,
pytorch,pytorch,2024-06-01,closed,CONTRIBUTOR,a37aaac61,493,4,1,63,
pytorch,pytorch,2024-06-01,closed,COLLABORATOR,ae25f14a4,47,2,0,,
pytorch,pytorch,2024-06-01,closed,CONTRIBUTOR,ab33464d0,53,1,0,,
pytorch,pytorch,2024-06-01,closed,CONTRIBUTOR,a76060dbc,24,1,1,1,
pytorch,pytorch,2024-06-01,closed,CONTRIBUTOR,a554ec844,10,1,1,0,
pytorch,pytorch,2024-06-01,closed,CONTRIBUTOR,add189f6d,29,1,1,13,
pytorch,pytorch,2024-06-01,closed,CONTRIBUTOR,a8dd56e6a,145,4,12,2,
pytorch,pytorch,2024-06-01,closed,COLLABORATOR,a9d3065cc,24,1,1,7,
pytorch,pytorch,2024-06-01,closed,COLLABORATOR,a01eff35b,463,2,1,122,
pytorch,pytorch,2024-06-01,closed,CONTRIBUTOR,ab028fbf6,304,3,0,,
pytorch,pytorch,2024-06-01,closed,COLLABORATOR,ade52dd53,1,1,1,3,
pytorch,pytorch,2024-06-01,closed,CONTRIBUTOR,a740472d6,13,2,1,6,
pytorch,pytorch,2024-06-01,closed,CONTRIBUTOR,ae66f3706,363,9,0,,
pytorch,pytorch,2024-06-01,closed,CONTRIBUTOR,a69e2988f,4,1,0,,
pytorch,pytorch,2024-06-01,closed,CONTRIBUTOR,a740472d6,13,2,1,4,
pytorch,pytorch,2024-06-01,closed,CONTRIBUTOR,a05331277,2,1,0,,
pytorch,pytorch,2024-06-01,closed,CONTRIBUTOR,ae66f3706,249,5,8,16,
pytorch,pytorch,2024-06-01,closed,CONTRIBUTOR,a05331277,53,2,0,,
pytorch,pytorch,2024-06-01,closed,CONTRIBUTOR,ab14f2c80,135,3,0,,
pytorch,pytorch,2024-06-01,closed,CONTRIBUTOR,a9c2dad37,6,2,0,,
pytorch,pytorch,2024-06-01,closed,COLLABORATOR,aaee1c0cd,44,2,0,,
pytorch,pytorch,2024-06-01,closed,MEMBER,af9a90ce4,58,4,1,0,
pytorch,pytorch,2024-06-01,closed,COLLABORATOR,acbd43ef2,179,5,0,,
pytorch,pytorch,2024-06-01,closed,CONTRIBUTOR,a642039ad,76,5,1,58,
pytorch,pytorch,2024-06-01,closed,CONTRIBUTOR,a642039ad,4,1,2,2,
pytorch,pytorch,2024-06-01,closed,CONTRIBUTOR,a35333b4b,14,1,1,25,
pytorch,pytorch,2024-06-01,closed,CONTRIBUTOR,a868cfe77,118,3,19,1,
pytorch,pytorch,2024-06-01,closed,NONE,a7606db35,15,1,1,139,
pytorch,pytorch,2024-06-01,closed,CONTRIBUTOR,a740472d6,30,2,2,29,
pytorch,pytorch,2024-06-01,closed,COLLABORATOR,a96e79d8e,69,2,4,0,
pytorch,pytorch,2024-06-01,closed,CONTRIBUTOR,a868cfe77,69,4,7,0,
pytorch,pytorch,2024-06-01,closed,CONTRIBUTOR,a1f9343dd,6,1,2,59,
pytorch,pytorch,2024-06-01,closed,COLLABORATOR,a726550be,16,2,5,24,
pytorch,pytorch,2024-06-01,closed,COLLABORATOR,a1674399b,2,2,4,2,
pytorch,pytorch,2024-06-01,closed,CONTRIBUTOR,a76060dbc,68,1,7,0,
pytorch,pytorch,2024-06-01,closed,CONTRIBUTOR,a7d863361,129,1,4,15,
pytorch,pytorch,2024-06-01,closed,CONTRIBUTOR,a6e3e1227,134,7,2,163,
pytorch,pytorch,2024-06-01,closed,CONTRIBUTOR,a8d482f18,35,1,3,0,
pytorch,pytorch,2024-06-01,closed,CONTRIBUTOR,a9abd153a,726,3,2,13,
pytorch,pytorch,2024-06-01,closed,COLLABORATOR,a9d3065cc,29,1,2,5,
pytorch,pytorch,2024-06-01,closed,CONTRIBUTOR,a0a3c332c,359,1,2,2,
pytorch,pytorch,2024-06-01,closed,COLLABORATOR,ae6bab425,177,12,8,1,
pytorch,pytorch,2024-06-01,closed,CONTRIBUTOR,a75330cfd,3,1,1,41,
pytorch,pytorch,2024-06-01,closed,CONTRIBUTOR,af46d2248,3,1,1,20,
pytorch,pytorch,2024-06-01,closed,CONTRIBUTOR,ae66f3706,6,3,2,0,
pytorch,pytorch,2024-06-01,closed,COLLABORATOR,a55d2cdc8,2,1,2,2,
pytorch,pytorch,2024-06-01,closed,CONTRIBUTOR,a642039ad,121,5,0,,
pytorch,pytorch,2024-06-01,closed,CONTRIBUTOR,affa1f180,6,1,1,17,
pytorch,pytorch,2024-06-01,closed,NONE,aa8170e9d,0,0,0,,
pytorch,pytorch,2024-06-01,closed,CONTRIBUTOR,a37aaac61,4,3,2,20,
pytorch,pytorch,2024-06-01,closed,CONTRIBUTOR,a415e187b,81,5,29,15,
pytorch,pytorch,2024-06-01,closed,CONTRIBUTOR,add189f6d,1,1,0,,
pytorch,pytorch,2024-06-01,closed,CONTRIBUTOR,ab2c3d13b,1,1,3,12,
pytorch,pytorch,2024-06-01,closed,COLLABORATOR,ae25f14a4,102,11,8,0,
pytorch,pytorch,2024-06-01,closed,NONE,a897224ed,2,1,0,,
pytorch,pytorch,2024-06-01,closed,CONTRIBUTOR,a91ac4b9b,7,2,1,2,
pytorch,pytorch,2024-06-01,closed,CONTRIBUTOR,a785abea7,4,2,0,,
pytorch,pytorch,2024-06-01,closed,CONTRIBUTOR,add189f6d,76,1,1,0,
pytorch,pytorch,2024-06-01,closed,CONTRIBUTOR,a60e9a189,33,5,4,0,
pytorch,pytorch,2024-06-01,closed,NONE,aab0a1395,8,1,0,,
pytorch,pytorch,2024-06-01,closed,CONTRIBUTOR,a7d280a41,1731,16,0,,
pytorch,pytorch,2024-06-01,merged,CONTRIBUTOR,afb62a5b9,32,2,1,50,50
pytorch,pytorch,2024-06-01,closed,CONTRIBUTOR,a9dd2e3c0,14,7,2,0,
pytorch,pytorch,2024-06-01,closed,COLLABORATOR,a01eff35b,356,39,1,2,
pytorch,pytorch,2024-06-01,closed,COLLABORATOR,a01eff35b,888,37,2,2,
pytorch,pytorch,2024-06-01,closed,CONTRIBUTOR,a740472d6,34,1,1,0,
pytorch,pytorch,2024-06-01,closed,COLLABORATOR,af5bc3743,2,1,3,1,
pytorch,pytorch,2024-06-01,closed,CONTRIBUTOR,ab14f2c80,14,3,0,,
pytorch,pytorch,2024-06-01,closed,COLLABORATOR,a4dac1560,1378,15,20,324,
pytorch,pytorch,2024-06-01,closed,CONTRIBUTOR,ad4ff5258,13,3,1,1,
pytorch,pytorch,2024-06-01,closed,CONTRIBUTOR,a0f853bee,536,19,22,195,
pytorch,pytorch,2024-06-01,closed,COLLABORATOR,aeac7bc7f,231,8,2,0,
pytorch,pytorch,2024-06-01,closed,CONTRIBUTOR,a41334601,123,2,1,14,
pytorch,pytorch,2024-06-01,closed,CONTRIBUTOR,abc9e182c,1,1,0,,
pytorch,pytorch,2024-06-01,closed,CONTRIBUTOR,a6e3e1227,466,9,0,,
pytorch,pytorch,2024-06-01,closed,CONTRIBUTOR,a37aaac61,2,1,1,2,
pytorch,pytorch,2024-06-01,closed,CONTRIBUTOR,add189f6d,8,1,2,0,
pytorch,pytorch,2024-06-01,closed,CONTRIBUTOR,add189f6d,23,3,2,5,
pytorch,pytorch,2024-06-01,closed,CONTRIBUTOR,ab689c736,18,1,1,0,
pytorch,pytorch,2024-06-01,closed,CONTRIBUTOR,a930bd28c,320,4,21,5,
pytorch,pytorch,2024-06-01,closed,CONTRIBUTOR,a1eb0cd02,152,2,4,0,
pytorch,pytorch,2024-06-01,closed,CONTRIBUTOR,a6e3e1227,5,2,0,,
pytorch,pytorch,2024-06-01,closed,MEMBER,a82fe44ad,25,2,2,48,
pytorch,pytorch,2024-06-01,closed,CONTRIBUTOR,a09dddc06,204,4,35,45,
pytorch,pytorch,2024-06-01,closed,COLLABORATOR,aeac7bc7f,181,7,2,1,
pytorch,pytorch,2024-06-01,closed,CONTRIBUTOR,affa1f180,98,14,0,,
pytorch,pytorch,2024-06-01,closed,COLLABORATOR,aeba75f66,79,4,3,49,
pytorch,pytorch,2024-06-01,closed,COLLABORATOR,aeba75f66,30,7,2,49,
pytorch,pytorch,2024-06-01,closed,CONTRIBUTOR,a6e3e1227,496,9,2,5,
pytorch,pytorch,2024-06-01,closed,CONTRIBUTOR,abc9e182c,8,1,1,0,
pytorch,pytorch,2024-06-01,closed,COLLABORATOR,a4dac1560,34,1,1,1,
pytorch,pytorch,2024-06-01,closed,CONTRIBUTOR,add189f6d,3,1,2,4,
pytorch,pytorch,2024-06-01,closed,COLLABORATOR,ab06db1d7,14,3,1,287,
pytorch,pytorch,2024-06-01,closed,MEMBER,a82fe44ad,38,1,1,20,
pytorch,pytorch,2024-06-01,closed,CONTRIBUTOR,a740472d6,3,75,1,10,
pytorch,pytorch,2024-06-01,closed,COLLABORATOR,ad19ffe38,39,2,0,,
pytorch,pytorch,2024-06-01,closed,CONTRIBUTOR,add58da91,52,2,5,4,
pytorch,pytorch,2024-06-01,closed,CONTRIBUTOR,a6e3e1227,47,2,2,7,
pytorch,pytorch,2024-06-01,merged,CONTRIBUTOR,ab028fbf6,4,1,0,,0
pytorch,pytorch,2024-06-01,closed,CONTRIBUTOR,aa35e944c,2,1,0,,
pytorch,pytorch,2024-06-01,closed,CONTRIBUTOR,ab14f2c80,183,5,18,1,
pytorch,pytorch,2024-06-01,closed,NONE,a9d8beaeb,12,2,0,,
pytorch,pytorch,2024-06-01,closed,NONE,a9d8beaeb,12,2,0,,
pytorch,pytorch,2024-06-01,closed,CONTRIBUTOR,ab14f2c80,489,10,7,17,
pytorch,pytorch,2024-06-01,closed,CONTRIBUTOR,a468a7f64,1024,6,29,0,
pytorch,pytorch,2024-06-01,closed,COLLABORATOR,aeba75f66,102,3,6,92,
pytorch,pytorch,2024-06-01,merged,CONTRIBUTOR,afb62a5b9,17,7,1,1,1
pytorch,pytorch,2024-06-01,closed,COLLABORATOR,afcac5ef0,30,3,5,0,
pytorch,pytorch,2024-06-01,closed,CONTRIBUTOR,abd4fe483,28,2,2,1,
pytorch,pytorch,2024-06-01,closed,CONTRIBUTOR,a1eb0cd02,125,1,6,1,
pytorch,pytorch,2024-06-01,closed,CONTRIBUTOR,a05331277,671,11,0,,
pytorch,pytorch,2024-06-01,closed,CONTRIBUTOR,a740472d6,50,4,1,73,
pytorch,pytorch,2024-06-01,closed,COLLABORATOR,a18a2143e,171,2,3,3,
pytorch,pytorch,2024-06-01,closed,CONTRIBUTOR,a94cbb390,172,4,1,42,
pytorch,pytorch,2024-06-01,closed,CONTRIBUTOR,a930bd28c,475,4,3,100,
pytorch,pytorch,2024-06-01,closed,CONTRIBUTOR,a2e231ad4,344,3,4,218,
pytorch,pytorch,2024-06-01,closed,CONTRIBUTOR,ab14f2c80,7,1,2,29,
pytorch,pytorch,2024-06-01,closed,CONTRIBUTOR,af46d2248,3,1,2,1,
pytorch,pytorch,2024-06-01,closed,CONTRIBUTOR,a69e2988f,31,2,4,1,
pytorch,pytorch,2024-06-01,closed,COLLABORATOR,a65c747a0,2488,1,0,,
pytorch,pytorch,2024-06-01,closed,COLLABORATOR,ae25f14a4,3,1,0,,
pytorch,pytorch,2024-06-01,closed,COLLABORATOR,ae25f14a4,52,1,0,,
pytorch,pytorch,2024-06-01,closed,CONTRIBUTOR,a39a50856,44,2,0,,
pytorch,pytorch,2024-06-01,closed,CONTRIBUTOR,add189f6d,12,1,3,5,
pytorch,pytorch,2024-06-01,closed,COLLABORATOR,a821316f3,3,1,3,1,
pytorch,pytorch,2024-06-01,closed,CONTRIBUTOR,a3552c582,8,3,2,1,
pytorch,pytorch,2024-06-01,closed,NONE,ad81301bf,124,9,1,363,
pytorch,pytorch,2024-06-01,closed,CONTRIBUTOR,a89dca5ef,51,2,1,298,
pytorch,pytorch,2024-06-01,closed,COLLABORATOR,ade45ae8f,65,3,2,16,
pytorch,pytorch,2024-06-01,closed,CONTRIBUTOR,ae1c24ee3,249,4,3,7,
pytorch,pytorch,2024-06-01,closed,CONTRIBUTOR,ac4ae7b08,44,3,5,32,
pytorch,pytorch,2024-06-01,closed,MEMBER,a82fe44ad,24,2,0,,
pytorch,pytorch,2024-06-01,closed,COLLABORATOR,ab34fc079,4,1,1,136,
pytorch,pytorch,2024-06-01,closed,COLLABORATOR,a12cd0aaa,16,2,2,479,
pytorch,pytorch,2024-06-01,closed,COLLABORATOR,a01eff35b,122,3,2,460,
pytorch,pytorch,2024-06-01,closed,CONTRIBUTOR,af1d1a664,3,1,0,,
pytorch,pytorch,2024-06-01,closed,CONTRIBUTOR,add189f6d,46,1,2,0,
pytorch,pytorch,2024-06-01,closed,CONTRIBUTOR,acde10e71,4,2,1,0,
pytorch,pytorch,2024-06-01,closed,CONTRIBUTOR,add189f6d,6,2,2,0,
pytorch,pytorch,2024-06-01,closed,CONTRIBUTOR,ad6e74ab4,20,1,2,0,
pytorch,pytorch,2024-06-01,closed,CONTRIBUTOR,a76060dbc,152,9,11,0,
pytorch,pytorch,2024-06-01,closed,CONTRIBUTOR,ab9fc4641,86,1,0,,
pytorch,pytorch,2024-06-01,closed,CONTRIBUTOR,a0a3c332c,711,3,3,119,
pytorch,pytorch,2024-06-01,closed,CONTRIBUTOR,af46aca0f,91,3,8,1,
pytorch,pytorch,2024-06-01,closed,CONTRIBUTOR,a1a98d22d,7,2,1,277,
pytorch,pytorch,2024-06-01,closed,CONTRIBUTOR,a73b095db,98,4,2,1,
pytorch,pytorch,2024-06-01,closed,COLLABORATOR,a0a5ccaf7,41,1,1,18,
pytorch,pytorch,2024-06-01,closed,CONTRIBUTOR,ae05dec79,9,3,4,0,
pytorch,pytorch,2024-06-01,closed,CONTRIBUTOR,aa35e944c,4,2,0,,
pytorch,pytorch,2024-06-01,closed,CONTRIBUTOR,a642039ad,41,2,2,26,
pytorch,pytorch,2024-07-01,closed,COLLABORATOR,a12cd0aaa,100,3,4,17,
pytorch,pytorch,2024-07-01,closed,COLLABORATOR,a5ac668f6,53,4,0,,
pytorch,pytorch,2024-07-01,closed,CONTRIBUTOR,affa1f180,23,2,1,4,
pytorch,pytorch,2024-07-01,closed,CONTRIBUTOR,a642039ad,21,2,3,0,
pytorch,pytorch,2024-07-01,closed,NONE,a5d22fca3,125,2,2,0,
pytorch,pytorch,2024-07-01,closed,CONTRIBUTOR,a74a523df,332,2,1,0,
pytorch,pytorch,2024-07-01,closed,CONTRIBUTOR,a5582844c,1444,12,1,20,
pytorch,pytorch,2024-07-01,closed,COLLABORATOR,ae0a18ec6,95,1,1,18,
pytorch,pytorch,2024-07-01,closed,CONTRIBUTOR,a37aaac61,15,2,0,,
pytorch,pytorch,2024-07-01,closed,COLLABORATOR,a53cba981,14,1,1,482,
pytorch,pytorch,2024-07-01,closed,CONTRIBUTOR,af65adc15,4,2,6,19,
pytorch,pytorch,2024-07-01,closed,COLLABORATOR,a4a245b6f,24,1,0,,
pytorch,pytorch,2024-07-01,closed,COLLABORATOR,a4997e570,77,1,1,180,
pytorch,pytorch,2024-07-01,closed,COLLABORATOR,afcac5ef0,7,1,0,,
pytorch,pytorch,2024-07-01,closed,CONTRIBUTOR,ac4ae7b08,43,1,3,52,
pytorch,pytorch,2024-07-01,closed,CONTRIBUTOR,a6c8c07a8,1,1,3,0,
pytorch,pytorch,2024-07-01,closed,CONTRIBUTOR,a6e3e1227,92,1,2,27,
pytorch,pytorch,2024-07-01,closed,CONTRIBUTOR,a6e3e1227,34,1,2,27,
pytorch,pytorch,2024-07-01,closed,COLLABORATOR,ae25f14a4,16,2,3,4,
pytorch,pytorch,2024-07-01,closed,CONTRIBUTOR,aa8d2fcec,9,1,3,0,
pytorch,pytorch,2024-07-01,closed,CONTRIBUTOR,a740472d6,44,6,8,5,
pytorch,pytorch,2024-07-01,closed,CONTRIBUTOR,aa238cb0a,326,3,10,168,
pytorch,pytorch,2024-07-01,closed,CONTRIBUTOR,af46aca0f,57,7,13,16,
pytorch,pytorch,2024-07-01,closed,CONTRIBUTOR,ae66f3706,558,8,5,60,
pytorch,pytorch,2024-07-01,closed,CONTRIBUTOR,a868cfe77,11,1,2,0,
pytorch,pytorch,2024-07-01,closed,MEMBER,a846e2bc0,9,1,1,29,
pytorch,pytorch,2024-07-01,closed,MEMBER,a846e2bc0,22,1,1,29,
pytorch,pytorch,2024-07-01,closed,CONTRIBUTOR,a3c54983f,300,5,0,,
pytorch,pytorch,2024-07-01,closed,NONE,acd08e857,2,1,0,,
pytorch,pytorch,2024-07-01,closed,CONTRIBUTOR,a740472d6,22,1,1,117,
pytorch,pytorch,2024-07-01,closed,CONTRIBUTOR,a740472d6,60,6,3,0,
pytorch,pytorch,2024-07-01,closed,CONTRIBUTOR,ae66f3706,38,3,4,210,
pytorch,pytorch,2024-07-01,closed,CONTRIBUTOR,af46aca0f,83,6,7,17,
pytorch,pytorch,2024-07-01,closed,CONTRIBUTOR,ab14f2c80,5,1,1,0,
pytorch,pytorch,2024-07-01,closed,CONTRIBUTOR,ae978efa8,2,1,4,17,
pytorch,pytorch,2024-07-01,closed,CONTRIBUTOR,afb62a5b9,42,2,1,6,
pytorch,pytorch,2024-07-01,closed,CONTRIBUTOR,a9dd2e3c0,21,3,3,6,
pytorch,pytorch,2024-07-01,closed,CONTRIBUTOR,ae66f3706,2,1,1,7,
pytorch,pytorch,2024-07-01,closed,COLLABORATOR,aeba75f66,115,3,1,24,
pytorch,pytorch,2024-07-01,closed,CONTRIBUTOR,a468a7f64,1392,5,0,,
pytorch,pytorch,2024-07-01,closed,COLLABORATOR,a65c747a0,8,1,2,11,
pytorch,pytorch,2024-07-01,closed,CONTRIBUTOR,a9b5024c6,6,1,1,37,
pytorch,pytorch,2024-07-01,closed,CONTRIBUTOR,a8c6f0108,30,4,1,232,
pytorch,pytorch,2024-07-01,closed,CONTRIBUTOR,afb62a5b9,1509,15,1,12,
pytorch,pytorch,2024-07-01,closed,COLLABORATOR,aeac7bc7f,102,37,1,13,
pytorch,pytorch,2024-07-01,closed,COLLABORATOR,a597022dd,200,4,0,,
pytorch,pytorch,2024-07-01,closed,COLLABORATOR,a96e79d8e,114,3,2,7,
pytorch,pytorch,2024-07-01,closed,COLLABORATOR,a96e79d8e,623,6,1,93,
pytorch,pytorch,2024-07-01,closed,CONTRIBUTOR,a89dca5ef,55,3,7,1,
pytorch,pytorch,2024-07-01,closed,CONTRIBUTOR,aa278a2ae,15,4,3,0,
pytorch,pytorch,2024-07-01,closed,CONTRIBUTOR,a9f497c83,2,1,0,,
pytorch,pytorch,2024-07-01,closed,CONTRIBUTOR,ad1b2f518,21,2,3,54,
pytorch,pytorch,2024-07-01,closed,CONTRIBUTOR,a8c6f0108,83,5,1,220,
pytorch,pytorch,2024-07-01,closed,CONTRIBUTOR,a9b5024c6,2,1,1,0,
pytorch,pytorch,2024-07-01,closed,COLLABORATOR,aeac7bc7f,717,105,1,14,
pytorch,pytorch,2024-07-01,closed,CONTRIBUTOR,a5c8cf88f,2,1,1,56,
pytorch,pytorch,2024-07-01,closed,COLLABORATOR,aeac7bc7f,20,2,1,1817,
pytorch,pytorch,2024-07-01,closed,COLLABORATOR,ab34fc079,187,4,10,48,
pytorch,pytorch,2024-07-01,closed,CONTRIBUTOR,a5b5060c2,4,1,1,93,
pytorch,pytorch,2024-07-01,closed,COLLABORATOR,a01eff35b,310,51,2,41,
pytorch,pytorch,2024-07-01,closed,CONTRIBUTOR,afb62a5b9,386,3,2,68,
pytorch,pytorch,2024-07-01,closed,CONTRIBUTOR,a642039ad,22,3,1,0,
pytorch,pytorch,2024-07-01,closed,CONTRIBUTOR,af46d2248,1,1,1,4,
pytorch,pytorch,2024-07-01,closed,CONTRIBUTOR,a740472d6,56,5,1,5,
pytorch,pytorch,2024-07-01,closed,COLLABORATOR,a4a245b6f,111,3,11,95,
pytorch,pytorch,2024-07-01,closed,COLLABORATOR,a4a245b6f,101,2,0,,
pytorch,pytorch,2024-07-01,closed,COLLABORATOR,a01eff35b,569,6,1,81,
pytorch,pytorch,2024-07-01,closed,COLLABORATOR,a01eff35b,31,13,5,12,
pytorch,pytorch,2024-07-01,closed,CONTRIBUTOR,aa22d9d8a,322,1,1,146,
pytorch,pytorch,2024-07-01,closed,CONTRIBUTOR,acd7419fd,91,2,0,,
pytorch,pytorch,2024-07-01,closed,COLLABORATOR,ae25f14a4,94,2,0,,
pytorch,pytorch,2024-07-01,closed,COLLABORATOR,aeac7bc7f,7,1,2,40,
pytorch,pytorch,2024-07-01,closed,MEMBER,a82fe44ad,24,2,1,25,
pytorch,pytorch,2024-07-01,closed,COLLABORATOR,ab3e923f8,56,2,2,20,
pytorch,pytorch,2024-07-01,closed,COLLABORATOR,a53cba981,53,3,2,8,
pytorch,pytorch,2024-07-01,closed,CONTRIBUTOR,a881bfc9c,2,1,2,1909,
pytorch,pytorch,2024-07-01,closed,CONTRIBUTOR,af46d2248,5,3,2,1,
pytorch,pytorch,2024-07-01,closed,COLLABORATOR,ad655184d,2,1,1,0,
pytorch,pytorch,2024-07-01,closed,CONTRIBUTOR,a8d482f18,18,6,0,,
pytorch,pytorch,2024-07-01,closed,COLLABORATOR,a5874920f,14,3,0,,
pytorch,pytorch,2024-07-01,closed,CONTRIBUTOR,ab9fc4641,42,4,1,27,
pytorch,pytorch,2024-07-01,closed,COLLABORATOR,a65c747a0,185,3,5,11,
pytorch,pytorch,2024-07-01,closed,CONTRIBUTOR,ac4ae7b08,23,2,2,142,
pytorch,pytorch,2024-07-01,closed,CONTRIBUTOR,ab14f2c80,265,6,0,,
pytorch,pytorch,2024-07-01,closed,CONTRIBUTOR,ab14f2c80,61,3,0,,
pytorch,pytorch,2024-07-01,closed,CONTRIBUTOR,a3c210118,2,1,1,0,
pytorch,pytorch,2024-07-01,closed,CONTRIBUTOR,afb62a5b9,12,2,1,0,
pytorch,pytorch,2024-07-01,closed,CONTRIBUTOR,a18c03ea5,568,8,3,168,
pytorch,pytorch,2024-07-01,closed,CONTRIBUTOR,a415e187b,502,3,0,,
pytorch,pytorch,2024-07-01,closed,CONTRIBUTOR,a0f853bee,3,1,0,,
pytorch,pytorch,2024-07-01,closed,COLLABORATOR,a5dc541f5,42,2,7,18,
pytorch,pytorch,2024-07-01,closed,CONTRIBUTOR,a642039ad,31,2,2,12,
pytorch,pytorch,2024-07-01,closed,COLLABORATOR,aeac7bc7f,3,1,1,59,
pytorch,pytorch,2024-07-01,closed,CONTRIBUTOR,a0a3c332c,101,2,0,,
pytorch,pytorch,2024-07-01,closed,CONTRIBUTOR,a4a414edc,26,4,7,0,
pytorch,pytorch,2024-07-01,closed,MEMBER,a846e2bc0,10,1,2,2,
pytorch,pytorch,2024-07-01,closed,COLLABORATOR,a18a2143e,302,4,4,0,
pytorch,pytorch,2024-07-01,closed,COLLABORATOR,a0aaba698,3,1,1,104,
pytorch,pytorch,2024-07-01,closed,CONTRIBUTOR,a4a414edc,23,2,3,20,
pytorch,pytorch,2024-07-01,closed,COLLABORATOR,a65c747a0,0,1,0,,
pytorch,pytorch,2024-07-01,closed,CONTRIBUTOR,a3254803a,10,1,2,10,
pytorch,pytorch,2024-07-01,closed,COLLABORATOR,aab0b0a28,6,1,3,0,
pytorch,pytorch,2024-07-01,closed,CONTRIBUTOR,afb62a5b9,44,3,1,3,
pytorch,pytorch,2024-07-01,closed,COLLABORATOR,a65c747a0,1723,9,2,0,
pytorch,pytorch,2024-07-01,closed,CONTRIBUTOR,ae66f3706,6,2,0,,
pytorch,pytorch,2024-07-01,closed,CONTRIBUTOR,ad1b2f518,392,20,12,68,
pytorch,pytorch,2024-07-01,closed,CONTRIBUTOR,aa762d6a6,12,2,2,79,
pytorch,pytorch,2024-07-01,closed,CONTRIBUTOR,add189f6d,1,1,1,17,
pytorch,pytorch,2024-07-01,closed,COLLABORATOR,aab0b0a28,34,2,4,38,
pytorch,pytorch,2024-07-01,closed,COLLABORATOR,a6b8ba0fc,35,1,1,1630,
pytorch,pytorch,2024-07-01,closed,MEMBER,a5bfa44f7,91,3,0,,
pytorch,pytorch,2024-07-01,closed,CONTRIBUTOR,add189f6d,276,3,1,0,
pytorch,pytorch,2024-07-01,closed,CONTRIBUTOR,a37aaac61,15,1,3,4,
pytorch,pytorch,2024-07-01,closed,CONTRIBUTOR,a05331277,370,8,9,7,
pytorch,pytorch,2024-07-01,closed,CONTRIBUTOR,a554ec844,7882,681,1,13,
pytorch,pytorch,2024-07-01,closed,COLLABORATOR,af5bc3743,4,1,3,9,
pytorch,pytorch,2024-07-01,closed,COLLABORATOR,a4dac1560,125,4,1,1,
pytorch,pytorch,2024-07-01,closed,CONTRIBUTOR,a868cfe77,77,4,3,1,
pytorch,pytorch,2024-07-01,closed,CONTRIBUTOR,a95a7bc64,161,5,1,20,
pytorch,pytorch,2024-07-01,closed,COLLABORATOR,ae25f14a4,10,2,0,,
pytorch,pytorch,2024-07-01,closed,CONTRIBUTOR,ab722bf65,26,6,8,0,
pytorch,pytorch,2024-07-01,closed,CONTRIBUTOR,a1eb0cd02,302,3,0,,
pytorch,pytorch,2024-07-01,closed,COLLABORATOR,aeac7bc7f,17,2,1,15,
pytorch,pytorch,2024-07-01,closed,CONTRIBUTOR,a69e2988f,212,2,7,0,
pytorch,pytorch,2024-07-01,closed,CONTRIBUTOR,a1eb0cd02,254,1,0,,
pytorch,pytorch,2024-07-01,closed,CONTRIBUTOR,a0a3c332c,209,3,1,142,
pytorch,pytorch,2024-07-01,closed,CONTRIBUTOR,a8d482f18,223,3,0,,
pytorch,pytorch,2024-07-01,closed,CONTRIBUTOR,abd39705f,2,1,3,4,
pytorch,pytorch,2024-07-01,closed,CONTRIBUTOR,a740472d6,37,2,0,,
pytorch,pytorch,2024-07-01,closed,CONTRIBUTOR,a8d482f18,14,1,1,102,
pytorch,pytorch,2024-07-01,closed,CONTRIBUTOR,a8c6f0108,199,7,0,,
pytorch,pytorch,2024-07-01,closed,CONTRIBUTOR,a18c03ea5,48,2,3,18,
pytorch,pytorch,2024-07-01,closed,COLLABORATOR,a6cde2935,28,3,1,282,
pytorch,pytorch,2024-07-01,closed,COLLABORATOR,afb18a590,122,6,9,84,
pytorch,pytorch,2024-07-01,closed,COLLABORATOR,a821316f3,64,3,0,,
pytorch,pytorch,2024-07-01,closed,CONTRIBUTOR,a8d482f18,13,1,0,,
pytorch,pytorch,2024-07-01,closed,CONTRIBUTOR,ab2ece173,20,1,1,0,
pytorch,pytorch,2024-07-01,closed,MEMBER,af9a90ce4,14,1,3,3,
pytorch,pytorch,2024-07-01,closed,NONE,a1ff362ae,687,5,21,81,
pytorch,pytorch,2024-07-01,closed,CONTRIBUTOR,a0102bc9d,3,1,1,35,
pytorch,pytorch,2024-07-01,closed,COLLABORATOR,a5b042f9c,83,3,8,163,
pytorch,pytorch,2024-07-01,closed,COLLABORATOR,a96e79d8e,39,2,1,0,
pytorch,pytorch,2024-07-01,closed,CONTRIBUTOR,ae66f3706,2,1,2,0,
pytorch,pytorch,2024-07-01,closed,CONTRIBUTOR,aa238cb0a,30,5,1,0,
pytorch,pytorch,2024-07-01,closed,CONTRIBUTOR,af46aca0f,13,1,1,21,
pytorch,pytorch,2024-07-01,closed,CONTRIBUTOR,a8c6f0108,198,7,0,,
pytorch,pytorch,2024-07-01,closed,CONTRIBUTOR,a8c6f0108,657,10,0,,
pytorch,pytorch,2024-07-01,closed,CONTRIBUTOR,a922d450b,437,5,1,150,
pytorch,pytorch,2024-07-01,closed,COLLABORATOR,a18a2143e,130,2,1,25,
pytorch,pytorch,2024-07-01,closed,CONTRIBUTOR,a6c8c07a8,25,1,1,22,
pytorch,pytorch,2024-07-01,closed,CONTRIBUTOR,a554ec844,18,2,1,1,
pytorch,pytorch,2024-07-01,closed,CONTRIBUTOR,aa22d9d8a,2,1,1,7,
pytorch,pytorch,2024-07-01,closed,COLLABORATOR,aeac7bc7f,3,2,2,3,
pytorch,pytorch,2024-07-01,closed,CONTRIBUTOR,ab9fc4641,193,6,0,,
pytorch,pytorch,2024-07-01,closed,COLLABORATOR,aa773f4ff,18,2,2,21,
pytorch,pytorch,2024-07-01,closed,CONTRIBUTOR,a642039ad,3,1,0,,
pytorch,pytorch,2024-07-01,closed,COLLABORATOR,acf4dda97,5,1,3,7,
pytorch,pytorch,2024-07-01,closed,COLLABORATOR,ae25f14a4,54,6,0,,
pytorch,pytorch,2024-07-01,closed,CONTRIBUTOR,a868cfe77,2,1,1,1,
pytorch,pytorch,2024-07-01,closed,CONTRIBUTOR,a74a523df,332,2,8,71,
pytorch,pytorch,2024-07-01,closed,CONTRIBUTOR,a740472d6,4,1,1,0,
pytorch,pytorch,2024-07-01,closed,CONTRIBUTOR,affa1f180,32,12,4,0,
pytorch,pytorch,2024-07-01,closed,CONTRIBUTOR,affa1f180,38,10,2,3,
pytorch,pytorch,2024-07-01,closed,CONTRIBUTOR,affa1f180,8,1,2,3,
pytorch,pytorch,2024-07-01,closed,CONTRIBUTOR,a740472d6,2,1,1,1,
pytorch,pytorch,2024-07-01,closed,CONTRIBUTOR,a0a3c332c,102,2,3,7,
pytorch,pytorch,2024-07-01,closed,CONTRIBUTOR,a8c6f0108,62,2,1,378,
pytorch,pytorch,2024-07-01,closed,CONTRIBUTOR,af65adc15,6,2,0,,
pytorch,pytorch,2024-07-01,closed,CONTRIBUTOR,ab9fc4641,48,1,2,26,
pytorch,pytorch,2024-07-01,closed,CONTRIBUTOR,ae66f3706,3,2,1,0,
pytorch,pytorch,2024-07-01,closed,MEMBER,aeabdc817,2,1,1,0,
pytorch,pytorch,2024-07-01,closed,CONTRIBUTOR,ab2ece173,175,6,1,26,
pytorch,pytorch,2024-07-01,closed,MEMBER,a506852cd,2,1,1,21,
pytorch,pytorch,2024-07-01,closed,COLLABORATOR,a553f2a58,20,1,8,23,
pytorch,pytorch,2024-07-01,closed,CONTRIBUTOR,ab2ece173,48,7,1,21,
pytorch,pytorch,2024-07-01,closed,COLLABORATOR,a4dac1560,58,4,2,41,
pytorch,pytorch,2024-07-01,closed,CONTRIBUTOR,ab2ece173,713,99,1,20,
pytorch,pytorch,2024-07-01,closed,COLLABORATOR,a22ea5b25,20,1,1,15,
pytorch,pytorch,2024-07-01,closed,CONTRIBUTOR,af3454535,11,1,1,5,
pytorch,pytorch,2024-07-01,closed,CONTRIBUTOR,ab2ece173,406,1,5,21,
pytorch,pytorch,2024-07-01,closed,CONTRIBUTOR,a740472d6,11,2,1,7,
pytorch,pytorch,2024-07-01,closed,CONTRIBUTOR,a1eb0cd02,825,7,17,2118,
pytorch,pytorch,2024-07-01,closed,COLLABORATOR,acbd43ef2,153,2,7,0,
pytorch,pytorch,2024-07-01,closed,CONTRIBUTOR,a6e3e1227,7,2,2,2,
pytorch,pytorch,2024-07-01,closed,CONTRIBUTOR,a468a7f64,3,1,2,0,
pytorch,pytorch,2024-07-01,closed,CONTRIBUTOR,a6e3e1227,8,3,2,19,
pytorch,pytorch,2024-07-01,closed,CONTRIBUTOR,a6e3e1227,129,3,3,9,
pytorch,pytorch,2024-07-01,closed,CONTRIBUTOR,ab9fc4641,197,11,2,15,
pytorch,pytorch,2024-07-01,closed,COLLABORATOR,a72e5ee0e,234,2,1,21,
pytorch,pytorch,2024-07-01,closed,CONTRIBUTOR,affa1f180,586,40,1,16,
pytorch,pytorch,2024-07-01,closed,CONTRIBUTOR,a868cfe77,54,27,1,58,
pytorch,pytorch,2024-07-01,closed,COLLABORATOR,a5ac668f6,439,5,18,498,
pytorch,pytorch,2024-07-01,closed,CONTRIBUTOR,aa72e03be,4,1,2,16,
pytorch,pytorch,2024-07-01,closed,CONTRIBUTOR,a1eb0cd02,43,1,5,1,
pytorch,pytorch,2024-07-01,closed,CONTRIBUTOR,abd4fe483,4,2,2,67,
pytorch,pytorch,2024-07-01,closed,CONTRIBUTOR,add189f6d,187,2,4,1,
pytorch,pytorch,2024-07-01,closed,CONTRIBUTOR,a740472d6,1,1,1,0,
pytorch,pytorch,2024-07-01,closed,CONTRIBUTOR,a9dd2e3c0,726,10,22,234,
pytorch,pytorch,2024-07-01,closed,CONTRIBUTOR,a73b095db,23,2,1,72,
pytorch,pytorch,2024-07-01,closed,CONTRIBUTOR,a6930a452,80,2,2,0,
pytorch,pytorch,2024-07-01,closed,CONTRIBUTOR,a1eb0cd02,6,1,0,,
pytorch,pytorch,2024-07-01,closed,CONTRIBUTOR,a740472d6,11,2,2,68,
pytorch,pytorch,2024-07-01,closed,CONTRIBUTOR,a26210bab,34,1,1,1,
pytorch,pytorch,2024-07-01,closed,COLLABORATOR,aeac7bc7f,414,54,2,12,
pytorch,pytorch,2024-07-01,closed,NONE,af6cd8c80,1344,12,1,1,
pytorch,pytorch,2024-07-01,closed,COLLABORATOR,a96e79d8e,7196,19,6,0,
pytorch,pytorch,2024-07-01,closed,CONTRIBUTOR,a9dd2e3c0,24,3,1,2,
pytorch,pytorch,2024-07-01,closed,CONTRIBUTOR,a69e2988f,51,2,2,0,
pytorch,pytorch,2024-07-01,closed,COLLABORATOR,aa773f4ff,13,2,1,30,
pytorch,pytorch,2024-07-01,closed,COLLABORATOR,abfbbfb4a,35,2,0,,
pytorch,pytorch,2024-07-01,closed,COLLABORATOR,afcac5ef0,6,1,1,10,
pytorch,pytorch,2024-07-01,closed,COLLABORATOR,aeac7bc7f,945,26,0,,
pytorch,pytorch,2024-08-01,closed,COLLABORATOR,a01eff35b,5,1,1,1,
pytorch,pytorch,2024-08-01,closed,CONTRIBUTOR,afb3de5a7,451,4,5,0,
pytorch,pytorch,2024-08-01,closed,CONTRIBUTOR,a8c6f0108,492,3,0,,
pytorch,pytorch,2024-08-01,closed,COLLABORATOR,ab6cb35e7,24,3,0,,
pytorch,pytorch,2024-08-01,closed,CONTRIBUTOR,ab028fbf6,59,3,1,1,
pytorch,pytorch,2024-08-01,closed,COLLABORATOR,a0684f932,123,4,2,79,
pytorch,pytorch,2024-08-01,closed,CONTRIBUTOR,a468a7f64,134,2,2,0,
pytorch,pytorch,2024-08-01,closed,CONTRIBUTOR,afb62a5b9,62,3,0,,
pytorch,pytorch,2024-08-01,closed,CONTRIBUTOR,ab722bf65,5,2,3,0,
pytorch,pytorch,2024-08-01,closed,CONTRIBUTOR,a6930a452,21,2,1,0,
pytorch,pytorch,2024-08-01,closed,COLLABORATOR,a597022dd,17,2,1,0,
pytorch,pytorch,2024-08-01,closed,CONTRIBUTOR,a10ecd6de,21,2,4,0,
pytorch,pytorch,2024-08-01,closed,CONTRIBUTOR,a8c6f0108,329,3,1,4,
pytorch,pytorch,2024-08-01,merged,COLLABORATOR,abb677e08,21,2,1,139,139
pytorch,pytorch,2024-08-01,merged,COLLABORATOR,abb677e08,22,5,1,122,122
pytorch,pytorch,2024-08-01,closed,CONTRIBUTOR,af46aca0f,4,1,1,4,
pytorch,pytorch,2024-08-01,closed,MEMBER,a82fe44ad,64,3,2,22,
pytorch,pytorch,2024-08-01,closed,COLLABORATOR,a53cba981,119,2,3,550,
pytorch,pytorch,2024-08-01,closed,CONTRIBUTOR,a069eaeb7,8,3,0,,
pytorch,pytorch,2024-08-01,merged,COLLABORATOR,abb677e08,5,1,0,,21
pytorch,pytorch,2024-08-01,closed,CONTRIBUTOR,ae66f3706,2,1,3,23,
pytorch,pytorch,2024-08-01,closed,CONTRIBUTOR,a6a33fc4f,592,4,19,150,
pytorch,pytorch,2024-08-01,closed,NONE,ab79f6a95,15,2,0,,
pytorch,pytorch,2024-08-01,closed,CONTRIBUTOR,ad1b2f518,7,1,0,,
pytorch,pytorch,2024-08-01,closed,CONTRIBUTOR,ad1b2f518,24,1,0,,
pytorch,pytorch,2024-08-01,closed,COLLABORATOR,a4a245b6f,24,9,0,,
pytorch,pytorch,2024-08-01,closed,COLLABORATOR,a4a245b6f,53,11,0,,
pytorch,pytorch,2024-08-01,closed,COLLABORATOR,a4a245b6f,51,19,0,,
pytorch,pytorch,2024-08-01,closed,COLLABORATOR,a4a245b6f,36,10,0,,
pytorch,pytorch,2024-08-01,closed,COLLABORATOR,a4a245b6f,38,11,0,,
pytorch,pytorch,2024-08-01,closed,COLLABORATOR,a48d2281d,134,2,6,367,
pytorch,pytorch,2024-08-01,closed,COLLABORATOR,aeac7bc7f,15,4,2,30,
pytorch,pytorch,2024-08-01,merged,COLLABORATOR,abb677e08,338,10,1,11,11
pytorch,pytorch,2024-08-01,closed,CONTRIBUTOR,a554ec844,4656,3,1,0,
pytorch,pytorch,2024-08-01,closed,CONTRIBUTOR,a7d863361,100,7,4,50,
pytorch,pytorch,2024-08-01,closed,CONTRIBUTOR,ab9fc4641,140,2,4,19,
pytorch,pytorch,2024-08-01,closed,CONTRIBUTOR,afb62a5b9,99,3,0,,
pytorch,pytorch,2024-08-01,closed,COLLABORATOR,a6ff1690e,625,9,54,1895,
pytorch,pytorch,2024-08-01,closed,MEMBER,a82fe44ad,54,4,0,,
pytorch,pytorch,2024-08-01,closed,COLLABORATOR,abfbbfb4a,1216,137,0,,
pytorch,pytorch,2024-08-01,closed,CONTRIBUTOR,af29d8563,32,5,0,,
pytorch,pytorch,2024-08-01,closed,COLLABORATOR,a01eff35b,8,1,0,,
pytorch,pytorch,2024-08-01,closed,CONTRIBUTOR,abd4fe483,628,10,7,20,
pytorch,pytorch,2024-08-01,merged,CONTRIBUTOR,ab028fbf6,21,1,1,1,1
pytorch,pytorch,2024-08-01,closed,COLLABORATOR,a65c747a0,13,1,1,0,
pytorch,pytorch,2024-08-01,closed,COLLABORATOR,aaee1c0cd,66,1,4,0,
pytorch,pytorch,2024-08-01,closed,CONTRIBUTOR,add189f6d,9,2,1,163,
pytorch,pytorch,2024-08-01,closed,CONTRIBUTOR,afb3de5a7,419,4,1,19,
pytorch,pytorch,2024-08-01,closed,CONTRIBUTOR,a37aaac61,89,3,6,16,
pytorch,pytorch,2024-08-01,closed,CONTRIBUTOR,a6e3e1227,1,1,0,,
pytorch,pytorch,2024-08-01,closed,COLLABORATOR,aeba75f66,7,1,3,3,
pytorch,pytorch,2024-08-01,closed,CONTRIBUTOR,a37aaac61,32,3,7,209,
pytorch,pytorch,2024-08-01,closed,COLLABORATOR,aeac7bc7f,342,41,1,563,
pytorch,pytorch,2024-08-01,closed,CONTRIBUTOR,a6e3e1227,23,3,3,150,
pytorch,pytorch,2024-08-01,closed,COLLABORATOR,a6c95b819,73,9,22,3,
pytorch,pytorch,2024-08-01,merged,COLLABORATOR,abb677e08,36,3,1,1,7
pytorch,pytorch,2024-08-01,closed,COLLABORATOR,aaee1c0cd,10,1,1,1,
pytorch,pytorch,2024-08-01,closed,CONTRIBUTOR,a740472d6,71,3,4,0,
pytorch,pytorch,2024-08-01,closed,CONTRIBUTOR,a94cbb390,100,3,1,135,
pytorch,pytorch,2024-08-01,closed,CONTRIBUTOR,a75330cfd,959,54,0,,
pytorch,pytorch,2024-08-01,closed,COLLABORATOR,af5bc3743,877,8,0,,
pytorch,pytorch,2024-08-01,closed,CONTRIBUTOR,aeab82720,0,0,2,0,
pytorch,pytorch,2024-08-01,closed,CONTRIBUTOR,a6e3e1227,104,2,3,26,
pytorch,pytorch,2024-08-01,closed,COLLABORATOR,a65c747a0,55,6,0,,
pytorch,pytorch,2024-08-01,closed,COLLABORATOR,a65c747a0,47,2,7,1,
pytorch,pytorch,2024-08-01,closed,CONTRIBUTOR,ab9fc4641,917,3,12,111,
pytorch,pytorch,2024-08-01,closed,CONTRIBUTOR,a8dd56e6a,62,3,9,1,
pytorch,pytorch,2024-08-01,closed,CONTRIBUTOR,a7d863361,35,3,1,73,
pytorch,pytorch,2024-08-01,closed,CONTRIBUTOR,a891c5fd9,60,2,3,1,
pytorch,pytorch,2024-08-01,closed,COLLABORATOR,acbd43ef2,241,17,2,148,
pytorch,pytorch,2024-08-01,closed,CONTRIBUTOR,acd15128f,127,2,1,1,
pytorch,pytorch,2024-08-01,closed,CONTRIBUTOR,a468a7f64,8,2,1,5,
pytorch,pytorch,2024-08-01,closed,CONTRIBUTOR,a740472d6,57,5,0,,
pytorch,pytorch,2024-08-01,closed,CONTRIBUTOR,a069eaeb7,50,2,8,91,
pytorch,pytorch,2024-08-01,closed,CONTRIBUTOR,affa1f180,406,2,1,20,
pytorch,pytorch,2024-08-01,closed,CONTRIBUTOR,ae771d0f6,18,3,0,,
pytorch,pytorch,2024-08-01,closed,CONTRIBUTOR,a642039ad,10,1,1,40,
pytorch,pytorch,2024-08-01,closed,CONTRIBUTOR,ac4ae7b08,31,2,2,31,
pytorch,pytorch,2024-08-01,closed,COLLABORATOR,ab34fc079,13,2,2,0,
pytorch,pytorch,2024-08-01,closed,COLLABORATOR,ae25f14a4,13,2,0,,
pytorch,pytorch,2024-08-01,closed,NONE,a17e7b840,7,3,1,32,
pytorch,pytorch,2024-08-01,closed,CONTRIBUTOR,a83890a7a,3,1,1,0,
pytorch,pytorch,2024-08-01,closed,CONTRIBUTOR,aa9ac2ea5,2,1,0,,
pytorch,pytorch,2024-08-01,closed,CONTRIBUTOR,add189f6d,754,22,4,111,
pytorch,pytorch,2024-08-01,closed,CONTRIBUTOR,a554ec844,27,3,1,241,
pytorch,pytorch,2024-08-01,closed,CONTRIBUTOR,a0895b074,2,1,3,0,
pytorch,pytorch,2024-08-01,closed,CONTRIBUTOR,a7d863361,38,3,4,2,
pytorch,pytorch,2024-08-01,closed,COLLABORATOR,a02a2a466,157,1,0,,
pytorch,pytorch,2024-08-01,closed,NONE,a48310399,9,2,1,9,
pytorch,pytorch,2024-08-01,closed,CONTRIBUTOR,a128309b3,47,2,8,297,
pytorch,pytorch,2024-08-01,closed,COLLABORATOR,a6cfb0643,11,2,3,111,
pytorch,pytorch,2024-08-01,closed,CONTRIBUTOR,a7d863361,74,11,3,0,
pytorch,pytorch,2024-08-01,closed,CONTRIBUTOR,a6272c338,17,3,0,,
pytorch,pytorch,2024-08-01,merged,CONTRIBUTOR,a56222d4e,113,1,1,18,196
pytorch,pytorch,2024-08-01,closed,CONTRIBUTOR,a56222d4e,94,1,0,,
pytorch,pytorch,2024-08-01,closed,CONTRIBUTOR,a9da25011,45,2,4,1,
pytorch,pytorch,2024-08-01,closed,COLLABORATOR,afcac5ef0,8,1,1,0,
pytorch,pytorch,2024-08-01,closed,CONTRIBUTOR,ad6e74ab4,453,4,0,,
pytorch,pytorch,2024-08-01,closed,CONTRIBUTOR,a8e8e27a7,116,4,0,,
pytorch,pytorch,2024-08-01,closed,MEMBER,a846e2bc0,612,18,38,20,
pytorch,pytorch,2024-08-01,closed,CONTRIBUTOR,a930bd28c,71,2,6,1,
pytorch,pytorch,2024-08-01,closed,CONTRIBUTOR,ab689c736,1085,11,17,0,
pytorch,pytorch,2024-08-01,closed,CONTRIBUTOR,a740472d6,20,5,1,0,
pytorch,pytorch,2024-08-01,closed,CONTRIBUTOR,a8c6f0108,130,1,1,175,
pytorch,pytorch,2024-08-01,closed,CONTRIBUTOR,ab9fc4641,197,11,1,143,
pytorch,pytorch,2024-08-01,closed,COLLABORATOR,ab06db1d7,22,7,1,150,
pytorch,pytorch,2024-08-01,closed,COLLABORATOR,acbd43ef2,7,1,2,1,
pytorch,pytorch,2024-08-01,closed,CONTRIBUTOR,afb62a5b9,121,3,5,16,
pytorch,pytorch,2024-08-01,closed,CONTRIBUTOR,a3552c582,229,2,9,140,
pytorch,pytorch,2024-08-01,closed,CONTRIBUTOR,a642039ad,36,2,3,3,
pytorch,pytorch,2024-08-01,closed,CONTRIBUTOR,a642039ad,66,13,1,1,
pytorch,pytorch,2024-08-01,closed,CONTRIBUTOR,af46aca0f,124,10,1,5,
pytorch,pytorch,2024-08-01,closed,COLLABORATOR,a01eff35b,9,1,1,5,
pytorch,pytorch,2024-08-01,closed,NONE,a520adf9c,2,1,4,22,
pytorch,pytorch,2024-08-01,closed,COLLABORATOR,a4a245b6f,107,2,5,30,
pytorch,pytorch,2024-08-01,closed,CONTRIBUTOR,a389b1446,26,2,10,167,
pytorch,pytorch,2024-08-01,closed,COLLABORATOR,a53cba981,155,4,8,28,
pytorch,pytorch,2024-08-01,closed,COLLABORATOR,aeac7bc7f,133,7,1,10,
pytorch,pytorch,2024-08-01,closed,CONTRIBUTOR,a5d25ac09,126,2,3,146,
pytorch,pytorch,2024-08-01,closed,CONTRIBUTOR,ab2ece173,81,3,1,15,
pytorch,pytorch,2024-08-01,closed,CONTRIBUTOR,aa0a5573a,2,1,1,1853,
pytorch,pytorch,2024-08-01,closed,COLLABORATOR,ae0a18ec6,13,1,2,0,
pytorch,pytorch,2024-08-01,closed,CONTRIBUTOR,a8c6f0108,167,3,1,46,
pytorch,pytorch,2024-08-01,closed,CONTRIBUTOR,a642039ad,302,15,3,1,
pytorch,pytorch,2024-08-01,closed,CONTRIBUTOR,a6c7d041b,65,2,4,18,
pytorch,pytorch,2024-08-01,closed,COLLABORATOR,aeac7bc7f,268,12,11,7,
pytorch,pytorch,2024-08-01,closed,COLLABORATOR,a5ac668f6,58,2,2,23,
pytorch,pytorch,2024-08-01,closed,CONTRIBUTOR,abaa46e5f,2,1,1,36,
pytorch,pytorch,2024-08-01,closed,COLLABORATOR,afcac5ef0,6,1,2,1,
pytorch,pytorch,2024-08-01,closed,COLLABORATOR,aeac7bc7f,137,19,4,15,
pytorch,pytorch,2024-08-01,closed,CONTRIBUTOR,ac76f946f,31,3,5,62,
pytorch,pytorch,2024-08-01,closed,COLLABORATOR,ae0a18ec6,5657,27,8,0,
pytorch,pytorch,2024-08-01,closed,COLLABORATOR,aeba75f66,13,1,6,0,
pytorch,pytorch,2024-08-01,closed,CONTRIBUTOR,a9dcc565b,4,1,1,246,
pytorch,pytorch,2024-08-01,closed,CONTRIBUTOR,a619ab9b4,11,1,1,91,
pytorch,pytorch,2024-08-01,closed,COLLABORATOR,ae25f14a4,14,1,2,0,
pytorch,pytorch,2024-08-01,closed,COLLABORATOR,afcac5ef0,56,3,3,1,
pytorch,pytorch,2024-08-01,closed,CONTRIBUTOR,a554ec844,40,4,1,0,
pytorch,pytorch,2024-08-01,closed,CONTRIBUTOR,ad1b2f518,6,2,0,,
pytorch,pytorch,2024-08-01,closed,COLLABORATOR,a4997e570,93,1,1,186,
pytorch,pytorch,2024-08-01,open,CONTRIBUTOR,abd4fe483,26,4,12,27,
pytorch,pytorch,2024-08-01,merged,COLLABORATOR,abb677e08,44,1,1,1,1
pytorch,pytorch,2024-08-01,closed,COLLABORATOR,a2726e37a,2,1,1,23,
pytorch,pytorch,2024-08-01,closed,CONTRIBUTOR,a9f4c60b4,4,1,0,,
pytorch,pytorch,2024-08-01,closed,CONTRIBUTOR,ac4ae7b08,332,3,6,0,
pytorch,pytorch,2024-08-01,closed,COLLABORATOR,aeac7bc7f,8,2,1,117,
pytorch,pytorch,2024-08-01,closed,CONTRIBUTOR,a3d878320,36,2,11,84,
pytorch,pytorch,2024-08-01,closed,COLLABORATOR,aeac7bc7f,337,34,9,12,
pytorch,pytorch,2024-08-01,closed,COLLABORATOR,aeac7bc7f,137,10,1,18,
pytorch,pytorch,2024-08-01,closed,CONTRIBUTOR,aeab82720,5,2,6,2,
pytorch,pytorch,2024-08-01,closed,CONTRIBUTOR,a6c8c07a8,628,1,0,,
pytorch,pytorch,2024-08-01,closed,COLLABORATOR,a18a2143e,128,3,0,,
pytorch,pytorch,2024-08-01,closed,MEMBER,a1d1ec4c4,39,2,1,0,
pytorch,pytorch,2024-08-01,closed,MEMBER,a9c1e4615,507,6,1,2,
pytorch,pytorch,2024-08-01,closed,CONTRIBUTOR,ab2ece173,10,2,1,1,
pytorch,pytorch,2024-08-01,closed,MEMBER,a506852cd,250,1,0,,
pytorch,pytorch,2024-08-01,closed,CONTRIBUTOR,a9c2dad37,8,1,3,21,
pytorch,pytorch,2024-08-01,closed,CONTRIBUTOR,ab2ece173,34,2,3,0,
pytorch,pytorch,2024-08-01,closed,CONTRIBUTOR,afb62a5b9,98,3,5,1,
pytorch,pytorch,2024-08-01,closed,COLLABORATOR,afb18a590,275,10,6,21,
pytorch,pytorch,2024-08-01,closed,CONTRIBUTOR,ab33464d0,4,2,1,2,
pytorch,pytorch,2024-08-01,closed,CONTRIBUTOR,a6e3e1227,134,3,3,64,
pytorch,pytorch,2024-08-01,closed,COLLABORATOR,af5bc3743,2,1,1,2,
pytorch,pytorch,2024-08-01,closed,CONTRIBUTOR,ab028fbf6,27,4,1,0,
pytorch,pytorch,2024-08-01,closed,COLLABORATOR,a5f149101,2,1,2,48,
pytorch,pytorch,2024-08-01,closed,COLLABORATOR,aeac7bc7f,5,1,1,1555,
pytorch,pytorch,2024-08-01,closed,CONTRIBUTOR,a785abea7,1699,10,114,21,
pytorch,pytorch,2024-08-01,closed,COLLABORATOR,ae25f14a4,4,1,1,2,
pytorch,pytorch,2024-08-01,closed,COLLABORATOR,ae25f14a4,20,2,3,10,
pytorch,pytorch,2024-08-01,closed,CONTRIBUTOR,ab028fbf6,24,2,2,0,
pytorch,pytorch,2024-08-01,closed,NONE,a0e2219f9,20,3,6,3,
pytorch,pytorch,2024-08-01,closed,CONTRIBUTOR,add189f6d,30,4,2,0,
pytorch,pytorch,2024-08-01,closed,COLLABORATOR,aaee1c0cd,37,2,8,9,
pytorch,pytorch,2024-08-01,closed,CONTRIBUTOR,ab9fc4641,827,16,1,71,
pytorch,pytorch,2024-08-01,merged,CONTRIBUTOR,ab028fbf6,154,5,3,0,19
pytorch,pytorch,2024-08-01,closed,CONTRIBUTOR,a83890a7a,2,1,2,2,
pytorch,pytorch,2024-08-01,closed,COLLABORATOR,a9e5e9c6e,36,2,2,5,
pytorch,pytorch,2024-08-01,closed,CONTRIBUTOR,a94cbb390,45,1,2,22,
pytorch,pytorch,2024-08-01,closed,COLLABORATOR,a0684f932,22,3,0,,
pytorch,pytorch,2024-08-01,closed,CONTRIBUTOR,add189f6d,18,1,2,18,
pytorch,pytorch,2024-08-01,closed,CONTRIBUTOR,a785abea7,68,5,0,,
pytorch,pytorch,2024-08-01,closed,MEMBER,a82fe44ad,42,1,1,0,
pytorch,pytorch,2024-08-01,closed,CONTRIBUTOR,acd7419fd,50,1,0,,
pytorch,pytorch,2024-08-01,closed,CONTRIBUTOR,a99bb45a1,24,1,2,156,
pytorch,pytorch,2024-08-01,closed,CONTRIBUTOR,a6e3e1227,10,1,1,4,
pytorch,pytorch,2024-08-01,merged,COLLABORATOR,abb677e08,2,1,1,1,1
pytorch,pytorch,2024-08-01,closed,COLLABORATOR,a01eff35b,45,3,1,8,
pytorch,pytorch,2024-08-01,closed,CONTRIBUTOR,ae05dec79,78,3,0,,
pytorch,pytorch,2024-08-01,closed,CONTRIBUTOR,a6930a452,221,11,1,6,
pytorch,pytorch,2024-08-01,closed,COLLABORATOR,ae25f14a4,30,1,0,,
pytorch,pytorch,2024-08-01,closed,COLLABORATOR,a96e79d8e,5304,110,5,11,
pytorch,pytorch,2024-08-01,closed,CONTRIBUTOR,a9da25011,6,2,2,18,
pytorch,pytorch,2024-08-01,closed,CONTRIBUTOR,a10ecd6de,88,3,2,41,
pytorch,pytorch,2024-08-01,closed,CONTRIBUTOR,a32925b77,27,2,1,1,
pytorch,pytorch,2024-08-01,closed,CONTRIBUTOR,aab87ca8f,7,1,1,0,
pytorch,pytorch,2024-08-01,closed,CONTRIBUTOR,ab9fc4641,50,4,2,0,
pytorch,pytorch,2024-08-01,closed,CONTRIBUTOR,a70909928,149,1,1,1,
pytorch,pytorch,2024-08-01,closed,CONTRIBUTOR,a70909928,38,1,1,1,
pytorch,pytorch,2024-08-01,closed,CONTRIBUTOR,a740472d6,2,1,0,,
pytorch,pytorch,2024-08-01,closed,COLLABORATOR,a821316f3,100,7,3,7,
pytorch,pytorch,2024-08-01,closed,CONTRIBUTOR,a785abea7,110,2,0,,
pytorch,pytorch,2024-08-01,closed,COLLABORATOR,aeac7bc7f,19,1,0,,
pytorch,pytorch,2024-08-01,closed,CONTRIBUTOR,a05331277,481,2,6,0,
pytorch,pytorch,2024-08-01,closed,CONTRIBUTOR,a930bd28c,161,4,7,73,
pytorch,pytorch,2024-08-01,closed,CONTRIBUTOR,a740472d6,102,2,1,2,
pytorch,pytorch,2024-08-01,closed,CONTRIBUTOR,a156f545a,1,1,1,5,
pytorch,pytorch,2024-08-01,closed,CONTRIBUTOR,a1febba14,366,1,23,29,
pytorch,pytorch,2024-08-01,closed,COLLABORATOR,a4a245b6f,181,31,0,,
pytorch,pytorch,2024-08-01,closed,COLLABORATOR,a4a245b6f,180,30,0,,
pytorch,pytorch,2024-08-01,closed,COLLABORATOR,a597022dd,34,3,5,2,
pytorch,pytorch,2024-08-01,closed,CONTRIBUTOR,af48e596d,3,1,1,86,
pytorch,pytorch,2024-08-01,closed,COLLABORATOR,a0aaba698,49,3,5,22,
pytorch,pytorch,2024-08-01,closed,CONTRIBUTOR,ab2ece173,1,1,0,,
pytorch,pytorch,2024-08-01,closed,CONTRIBUTOR,aa238cb0a,27,1,4,1,
pytorch,pytorch,2024-08-01,closed,CONTRIBUTOR,a6930a452,29,2,1,1,
pytorch,pytorch,2024-08-01,closed,COLLABORATOR,a01eff35b,41,6,0,,
pytorch,pytorch,2024-08-01,closed,COLLABORATOR,a0a5ccaf7,14,1,4,0,
pytorch,pytorch,2024-08-01,closed,COLLABORATOR,a0a5ccaf7,14,1,0,,
pytorch,pytorch,2024-08-01,closed,COLLABORATOR,ab3e923f8,8,1,0,,
pytorch,pytorch,2024-08-01,closed,COLLABORATOR,a01eff35b,51,3,6,23,
pytorch,pytorch,2024-08-01,merged,CONTRIBUTOR,ae13b2e40,76,3,3,1,6
pytorch,pytorch,2024-08-01,closed,COLLABORATOR,ae25f14a4,33,4,0,,
pytorch,pytorch,2024-08-01,closed,COLLABORATOR,aeac7bc7f,4,3,1,50,
pytorch,pytorch,2024-08-01,closed,COLLABORATOR,ae25f14a4,12,3,0,,
pytorch,pytorch,2024-08-01,closed,COLLABORATOR,aa773f4ff,35,2,1,46,
pytorch,pytorch,2024-08-01,closed,COLLABORATOR,a01eff35b,84,4,7,46,
pytorch,pytorch,2024-08-01,closed,CONTRIBUTOR,a05331277,13,3,0,,
pytorch,pytorch,2024-08-01,closed,COLLABORATOR,a22ea5b25,2,1,3,0,
pytorch,pytorch,2024-08-01,closed,COLLABORATOR,ae25f14a4,4,1,1,22,
pytorch,pytorch,2024-08-01,closed,CONTRIBUTOR,a3be39839,74,2,4,71,
pytorch,pytorch,2024-08-01,closed,CONTRIBUTOR,a740472d6,232,10,2,0,
pytorch,pytorch,2024-09-01,closed,COLLABORATOR,a597022dd,23,1,1,4,
pytorch,pytorch,2024-09-01,closed,COLLABORATOR,aeac7bc7f,78,5,1,1080,
pytorch,pytorch,2024-09-01,closed,COLLABORATOR,aeac7bc7f,11,3,1,19,
pytorch,pytorch,2024-09-01,closed,CONTRIBUTOR,a295aa443,5,1,0,,
pytorch,pytorch,2024-09-01,closed,CONTRIBUTOR,a642039ad,43,2,4,6,
pytorch,pytorch,2024-09-01,closed,NONE,ac4fad48e,3,1,1,0,
pytorch,pytorch,2024-09-01,closed,COLLABORATOR,ade52dd53,16,1,5,3,
pytorch,pytorch,2024-09-01,closed,CONTRIBUTOR,ab2ece173,2,1,2,0,
pytorch,pytorch,2024-09-01,closed,CONTRIBUTOR,a2571eb19,2,1,2,20,
pytorch,pytorch,2024-09-01,closed,CONTRIBUTOR,afb62a5b9,21,2,5,0,
pytorch,pytorch,2024-09-01,closed,COLLABORATOR,ae76eb135,94,8,3,0,
pytorch,pytorch,2024-09-01,closed,COLLABORATOR,aeba75f66,142,3,6,833,
pytorch,pytorch,2024-09-01,closed,CONTRIBUTOR,ab028fbf6,10,2,2,0,
pytorch,pytorch,2024-09-01,closed,CONTRIBUTOR,a740472d6,8,1,2,2,
pytorch,pytorch,2024-09-01,closed,CONTRIBUTOR,a642039ad,12,5,3,18,
pytorch,pytorch,2024-09-01,closed,CONTRIBUTOR,a785abea7,161,7,17,0,
pytorch,pytorch,2024-09-01,closed,CONTRIBUTOR,a9da25011,82,2,6,5,
pytorch,pytorch,2024-09-01,closed,CONTRIBUTOR,ab14f2c80,2,1,1,0,
pytorch,pytorch,2024-09-01,closed,COLLABORATOR,ae25f14a4,27,6,0,,
pytorch,pytorch,2024-09-01,closed,CONTRIBUTOR,ac4e43f2b,1,1,1,31,
pytorch,pytorch,2024-09-01,closed,COLLABORATOR,aeba75f66,34,5,3,2,
pytorch,pytorch,2024-09-01,closed,CONTRIBUTOR,a642039ad,69,4,1,1,
pytorch,pytorch,2024-09-01,closed,COLLABORATOR,ae0a18ec6,1,1,1,506,
pytorch,pytorch,2024-09-01,closed,CONTRIBUTOR,a95a7bc64,12,3,1,0,
pytorch,pytorch,2024-09-01,closed,CONTRIBUTOR,ab14f2c80,10,2,0,,
pytorch,pytorch,2024-09-01,closed,CONTRIBUTOR,a3dda35b5,2,1,2,428,
pytorch,pytorch,2024-09-01,closed,CONTRIBUTOR,a3be39839,6,1,1,0,
pytorch,pytorch,2024-09-01,closed,CONTRIBUTOR,ab9169065,18,3,5,2,
pytorch,pytorch,2024-09-01,closed,COLLABORATOR,a8fc1f349,66,2,5,138,
pytorch,pytorch,2024-09-01,closed,CONTRIBUTOR,a32925b77,69,2,1,10,
pytorch,pytorch,2024-09-01,closed,CONTRIBUTOR,a55b84e13,13,1,2,338,
pytorch,pytorch,2024-09-01,closed,COLLABORATOR,ae0a18ec6,88,5,1,1,
pytorch,pytorch,2024-09-01,closed,CONTRIBUTOR,a94cbb390,41,1,1,29,
pytorch,pytorch,2024-09-01,closed,COLLABORATOR,aaee1c0cd,156,2,10,59,
pytorch,pytorch,2024-09-01,closed,CONTRIBUTOR,a63abc716,29,2,7,1,
pytorch,pytorch,2024-09-01,closed,COLLABORATOR,a53cba981,99,2,2,11,
pytorch,pytorch,2024-09-01,closed,CONTRIBUTOR,a554ec844,56,3,2,19,
pytorch,pytorch,2024-09-01,closed,COLLABORATOR,aeac7bc7f,26,3,1,29,
pytorch,pytorch,2024-09-01,closed,NONE,a8cfc198b,2,1,0,,
pytorch,pytorch,2024-09-01,closed,CONTRIBUTOR,ab028fbf6,1130,68,0,,
pytorch,pytorch,2024-09-01,closed,CONTRIBUTOR,a8dd56e6a,125,4,4,20,
pytorch,pytorch,2024-09-01,closed,CONTRIBUTOR,a554ec844,93,4,1,0,
pytorch,pytorch,2024-09-01,closed,CONTRIBUTOR,aa9ac2ea5,273,5,3,7,
pytorch,pytorch,2024-09-01,closed,CONTRIBUTOR,a9c2dad37,113,3,4,0,
pytorch,pytorch,2024-09-01,merged,CONTRIBUTOR,ab028fbf6,26,2,1,0,0
pytorch,pytorch,2024-09-01,closed,CONTRIBUTOR,a41e32aac,190,5,1,190,
pytorch,pytorch,2024-09-01,closed,CONTRIBUTOR,a3552c582,94,3,2,1,
pytorch,pytorch,2024-09-01,closed,CONTRIBUTOR,a00be8d57,3,1,1,40,
pytorch,pytorch,2024-09-01,closed,CONTRIBUTOR,a76060dbc,901,7,0,,
pytorch,pytorch,2024-09-01,closed,COLLABORATOR,a286957d0,12,2,1,3,
pytorch,pytorch,2024-09-01,closed,CONTRIBUTOR,a76060dbc,933,11,47,43,
pytorch,pytorch,2024-09-01,closed,CONTRIBUTOR,a740472d6,30,3,1,0,
pytorch,pytorch,2024-09-01,closed,CONTRIBUTOR,affa1f180,197,45,2,53,
pytorch,pytorch,2024-09-01,closed,COLLABORATOR,a5b042f9c,627,22,0,,
pytorch,pytorch,2024-09-01,closed,CONTRIBUTOR,a9dd2e3c0,545,3,0,,
pytorch,pytorch,2024-09-01,closed,COLLABORATOR,a4a245b6f,509,18,1,844,
pytorch,pytorch,2024-09-01,closed,CONTRIBUTOR,af46aca0f,5,2,1,2,
pytorch,pytorch,2024-09-01,closed,CONTRIBUTOR,af46aca0f,153,7,1,500,
pytorch,pytorch,2024-09-01,closed,CONTRIBUTOR,a740472d6,173,3,0,,
pytorch,pytorch,2024-09-01,merged,CONTRIBUTOR,a7e60a047,192,19,1,212,212
pytorch,pytorch,2024-09-01,closed,CONTRIBUTOR,a785abea7,43,1,2,24,
pytorch,pytorch,2024-09-01,closed,CONTRIBUTOR,a70d873d0,55,2,7,0,
pytorch,pytorch,2024-09-01,closed,CONTRIBUTOR,ad8666c3d,30,1,3,0,
pytorch,pytorch,2024-09-01,closed,CONTRIBUTOR,af932d01e,13,1,0,,
pytorch,pytorch,2024-09-01,closed,NONE,a14d76fb9,51,6,0,,
pytorch,pytorch,2024-09-01,closed,CONTRIBUTOR,a78497ad2,45,2,3,3,
pytorch,pytorch,2024-09-01,closed,CONTRIBUTOR,a189e90dd,42,3,1,9,
pytorch,pytorch,2024-09-01,closed,CONTRIBUTOR,a18c03ea5,65,2,1,313,
pytorch,pytorch,2024-09-01,closed,MEMBER,aeabdc817,65,2,2,0,
pytorch,pytorch,2024-09-01,closed,CONTRIBUTOR,a1a68fdfe,2,1,1,121,
pytorch,pytorch,2024-09-01,closed,CONTRIBUTOR,add189f6d,2,1,1,1,
pytorch,pytorch,2024-09-01,closed,COLLABORATOR,acf4dda97,4,1,1,0,
pytorch,pytorch,2024-09-01,closed,CONTRIBUTOR,ab689c736,172,1,1,4,
pytorch,pytorch,2024-09-01,closed,CONTRIBUTOR,a740472d6,9,1,2,0,
pytorch,pytorch,2024-09-01,closed,COLLABORATOR,aeba75f66,71,3,2,2,
pytorch,pytorch,2024-09-01,closed,COLLABORATOR,a5ac668f6,2,2,2,61,
pytorch,pytorch,2024-09-01,closed,CONTRIBUTOR,ab5d5eb7e,5,2,1,13,
pytorch,pytorch,2024-09-01,closed,CONTRIBUTOR,ab2c3d13b,4,1,1,12,
pytorch,pytorch,2024-09-01,closed,MEMBER,a5bfa44f7,132,10,19,6,
pytorch,pytorch,2024-09-01,closed,CONTRIBUTOR,add189f6d,16,2,2,1,
pytorch,pytorch,2024-09-01,closed,CONTRIBUTOR,a05331277,39,3,4,455,
pytorch,pytorch,2024-09-01,closed,CONTRIBUTOR,a05331277,135,7,0,,
pytorch,pytorch,2024-09-01,closed,COLLABORATOR,a9e5e9c6e,79,1,9,90,
pytorch,pytorch,2024-09-01,closed,CONTRIBUTOR,acb1ece47,42,5,0,,
pytorch,pytorch,2024-09-01,closed,COLLABORATOR,a01eff35b,15,1,1,238,
pytorch,pytorch,2024-09-01,closed,COLLABORATOR,ae617e84f,215,3,1,47,
pytorch,pytorch,2024-09-01,closed,CONTRIBUTOR,a76060dbc,19,3,0,,
pytorch,pytorch,2024-09-01,closed,CONTRIBUTOR,ab2c3d13b,4,1,1,40,
pytorch,pytorch,2024-09-01,closed,CONTRIBUTOR,acb1ece47,33,1,1,2,
pytorch,pytorch,2024-09-01,closed,CONTRIBUTOR,ae13b2e40,374,16,1,8,
pytorch,pytorch,2024-09-01,closed,COLLABORATOR,ae0a18ec6,45,1,2,0,
pytorch,pytorch,2024-09-01,closed,COLLABORATOR,a22ea5b25,4,1,6,3,
pytorch,pytorch,2024-09-01,closed,COLLABORATOR,a597022dd,2,1,1,25,
pytorch,pytorch,2024-09-01,closed,COLLABORATOR,a7c32ab52,2,1,0,,
pytorch,pytorch,2024-09-01,closed,CONTRIBUTOR,a740472d6,97,2,1,0,
pytorch,pytorch,2024-09-01,closed,CONTRIBUTOR,a41e32aac,43,4,1,21,
pytorch,pytorch,2024-09-01,closed,CONTRIBUTOR,ab689c736,127,3,2,0,
pytorch,pytorch,2024-09-01,closed,CONTRIBUTOR,affa1f180,176,4,1,86,
pytorch,pytorch,2024-09-01,closed,COLLABORATOR,afcac5ef0,652,12,19,0,
pytorch,pytorch,2024-09-01,closed,COLLABORATOR,aacca3d11,25,2,1,28,
pytorch,pytorch,2024-09-01,closed,CONTRIBUTOR,a5296642e,2,1,3,270,
pytorch,pytorch,2024-09-01,closed,COLLABORATOR,ae0a18ec6,1,1,1,28,
pytorch,pytorch,2024-09-01,closed,CONTRIBUTOR,a891c5fd9,107,2,1,3,
pytorch,pytorch,2024-09-01,closed,CONTRIBUTOR,a1febba14,116,5,4,107,
pytorch,pytorch,2024-09-01,closed,COLLABORATOR,a8b0d2ff6,8,1,2,103,
pytorch,pytorch,2024-09-01,closed,CONTRIBUTOR,a6c8c07a8,2,1,1,4,
pytorch,pytorch,2024-09-01,closed,CONTRIBUTOR,a6acce7b9,91709,1347,0,,
pytorch,pytorch,2024-09-01,closed,NONE,aef2041aa,17,2,1,70,
pytorch,pytorch,2024-09-01,closed,COLLABORATOR,abfbbfb4a,331,15,1,14296,
pytorch,pytorch,2024-09-01,closed,CONTRIBUTOR,a6e3e1227,1,1,1,6,
pytorch,pytorch,2024-09-01,closed,CONTRIBUTOR,a24a774ff,4,1,2,1,
pytorch,pytorch,2024-09-01,closed,CONTRIBUTOR,ae9f94859,2,1,1,670,
pytorch,pytorch,2024-09-01,closed,COLLABORATOR,a55d2cdc8,3,2,2,19,
pytorch,pytorch,2024-09-01,closed,CONTRIBUTOR,adb950557,277,5,5,94,
pytorch,pytorch,2024-09-01,closed,CONTRIBUTOR,affa1f180,22,6,2,3,
pytorch,pytorch,2024-09-01,closed,CONTRIBUTOR,a0f81004a,67,3,1,65,
pytorch,pytorch,2024-09-01,merged,COLLABORATOR,a72e5ee0e,183,13,2,0,47
pytorch,pytorch,2024-09-01,closed,CONTRIBUTOR,ae66f3706,24,1,4,23,
pytorch,pytorch,2024-09-01,closed,CONTRIBUTOR,a37aaac61,57,4,1,29,
pytorch,pytorch,2024-09-01,closed,COLLABORATOR,a22ea5b25,12,1,1,1,
pytorch,pytorch,2024-09-01,closed,CONTRIBUTOR,a99bb45a1,7,1,7,19,
pytorch,pytorch,2024-09-01,closed,CONTRIBUTOR,af46aca0f,6,1,1,0,
pytorch,pytorch,2024-09-01,closed,CONTRIBUTOR,ab689c736,67,2,8,22,
pytorch,pytorch,2024-09-01,closed,CONTRIBUTOR,a1eb0cd02,35,1,11,0,
pytorch,pytorch,2024-09-01,closed,CONTRIBUTOR,abea5f6f8,22,1,3,20,
pytorch,pytorch,2024-09-01,closed,CONTRIBUTOR,a642039ad,66,1,0,,
pytorch,pytorch,2024-09-01,closed,CONTRIBUTOR,a642039ad,9,1,1,0,
pytorch,pytorch,2024-09-01,closed,CONTRIBUTOR,a740472d6,541,18,1,6,
pytorch,pytorch,2024-09-01,closed,COLLABORATOR,ae617e84f,101,3,2,35,
pytorch,pytorch,2024-09-01,closed,NONE,a12aad983,2,1,0,,
pytorch,pytorch,2024-09-01,closed,CONTRIBUTOR,a6e3e1227,6,1,1,6,
pytorch,pytorch,2024-09-01,closed,CONTRIBUTOR,a6c8c07a8,2,1,0,,
pytorch,pytorch,2024-09-01,closed,CONTRIBUTOR,a05331277,15,2,1,1,
pytorch,pytorch,2024-09-01,closed,CONTRIBUTOR,a41334601,2,1,1,0,
pytorch,pytorch,2024-09-01,closed,CONTRIBUTOR,afb62a5b9,1006,75,0,,
pytorch,pytorch,2024-09-01,closed,COLLABORATOR,aa773f4ff,61,5,9,1,
pytorch,pytorch,2024-09-01,closed,CONTRIBUTOR,ae13b2e40,6,1,3,6,
pytorch,pytorch,2024-09-01,closed,CONTRIBUTOR,a930bd28c,65,3,5,0,
pytorch,pytorch,2024-09-01,closed,CONTRIBUTOR,add189f6d,37,3,1,15,
pytorch,pytorch,2024-09-01,closed,CONTRIBUTOR,ab689c736,11,1,0,,
pytorch,pytorch,2024-09-01,closed,CONTRIBUTOR,a8d482f18,108,6,11,117,
pytorch,pytorch,2024-09-01,closed,COLLABORATOR,aa773f4ff,46,1,1,21,
pytorch,pytorch,2024-09-01,merged,COLLABORATOR,abb677e08,256,1,1,1,1
pytorch,pytorch,2024-09-01,closed,CONTRIBUTOR,a05331277,48,2,2,21,
pytorch,pytorch,2024-09-01,closed,CONTRIBUTOR,a1eb0cd02,20,1,1,0,
pytorch,pytorch,2024-09-01,closed,CONTRIBUTOR,a94cbb390,134,1,1,25,
pytorch,pytorch,2024-09-01,closed,COLLABORATOR,a65c747a0,83,2,5,2,
pytorch,pytorch,2024-09-01,closed,COLLABORATOR,a18a2143e,5,1,1,11,
pytorch,pytorch,2024-09-01,closed,CONTRIBUTOR,a70d873d0,170,6,10,424,
pytorch,pytorch,2024-09-01,closed,CONTRIBUTOR,a5bcbcd93,0,0,1,34,
pytorch,pytorch,2024-09-01,closed,CONTRIBUTOR,a18c03ea5,403,7,1,0,
pytorch,pytorch,2024-09-01,closed,CONTRIBUTOR,aa762d6a6,10,2,0,,
pytorch,pytorch,2024-09-01,closed,CONTRIBUTOR,a2e231ad4,4,1,1,1,
pytorch,pytorch,2024-09-01,closed,COLLABORATOR,a55d2cdc8,2,1,1,5,
pytorch,pytorch,2024-09-01,closed,CONTRIBUTOR,ae13b2e40,19,1,1,60,
pytorch,pytorch,2024-09-01,closed,CONTRIBUTOR,ae13b2e40,20,1,5,28,
pytorch,pytorch,2024-09-01,closed,COLLABORATOR,acd40f187,878,4,3,570,
pytorch,pytorch,2024-09-01,closed,COLLABORATOR,a0a5ccaf7,7,1,6,0,
pytorch,pytorch,2024-09-01,closed,CONTRIBUTOR,add189f6d,23,1,1,9,
pytorch,pytorch,2024-09-01,closed,CONTRIBUTOR,a05331277,133,3,3,0,
pytorch,pytorch,2024-10-01,closed,CONTRIBUTOR,ab028fbf6,62,5,2,1,
pytorch,pytorch,2024-10-01,closed,COLLABORATOR,a01eff35b,749,72,0,,
pytorch,pytorch,2024-10-01,closed,COLLABORATOR,a12cd0aaa,669,7,4,29,
pytorch,pytorch,2024-10-01,closed,CONTRIBUTOR,acde10e71,13,1,3,11,
pytorch,pytorch,2024-10-01,closed,CONTRIBUTOR,a3be39839,16,1,1,0,
pytorch,pytorch,2024-10-01,closed,CONTRIBUTOR,a76060dbc,77,1,0,,
pytorch,pytorch,2024-10-01,closed,CONTRIBUTOR,a76060dbc,27,2,3,147,
pytorch,pytorch,2024-10-01,closed,CONTRIBUTOR,acde10e71,161,20,1,2,
pytorch,pytorch,2024-10-01,closed,COLLABORATOR,a21df1e70,10,1,1,3,
pytorch,pytorch,2024-10-01,closed,NONE,aff5860bc,76,1,0,,
pytorch,pytorch,2024-10-01,closed,CONTRIBUTOR,add189f6d,7,1,1,17,
pytorch,pytorch,2024-10-01,closed,CONTRIBUTOR,a05331277,115,2,1,1472,
pytorch,pytorch,2024-10-01,closed,CONTRIBUTOR,ab689c736,106,4,1,0,
pytorch,pytorch,2024-10-01,closed,CONTRIBUTOR,ab689c736,65,1,1,117,
pytorch,pytorch,2024-10-01,closed,CONTRIBUTOR,a09c29be5,38,1,0,,
pytorch,pytorch,2024-10-01,closed,MEMBER,a82fe44ad,3,1,2,0,
pytorch,pytorch,2024-10-01,closed,MEMBER,a846e2bc0,47,7,2,25,
pytorch,pytorch,2024-10-01,closed,CONTRIBUTOR,aa238cb0a,3,1,2,0,
pytorch,pytorch,2024-10-01,closed,CONTRIBUTOR,ab14f2c80,68,4,6,10,
pytorch,pytorch,2024-10-01,closed,NONE,a1c1988ce,13,1,3,8,
pytorch,pytorch,2024-10-01,closed,COLLABORATOR,ae25f14a4,2,1,4,6,
pytorch,pytorch,2024-10-01,closed,CONTRIBUTOR,ab14f2c80,154,8,0,,
pytorch,pytorch,2024-10-01,closed,COLLABORATOR,a18a2143e,31,3,0,,
pytorch,pytorch,2024-10-01,closed,CONTRIBUTOR,a1eb0cd02,12,1,1,38,
pytorch,pytorch,2024-10-01,closed,CONTRIBUTOR,a05331277,44,2,1,66,
pytorch,pytorch,2024-10-01,closed,CONTRIBUTOR,a930bd28c,7,1,3,1,
pytorch,pytorch,2024-10-01,closed,CONTRIBUTOR,a37aaac61,87,4,9,0,
pytorch,pytorch,2024-10-01,closed,CONTRIBUTOR,af46aca0f,86,2,1,2,
pytorch,pytorch,2024-10-01,closed,COLLABORATOR,aeac7bc7f,63,7,0,,
pytorch,pytorch,2024-10-01,closed,CONTRIBUTOR,a619ab9b4,2,1,0,,
pytorch,pytorch,2024-10-01,closed,COLLABORATOR,a01eff35b,2,1,0,,
pytorch,pytorch,2024-10-01,closed,CONTRIBUTOR,a642039ad,2,1,1,10,
pytorch,pytorch,2024-10-01,closed,CONTRIBUTOR,ac09922de,130,3,7,0,
pytorch,pytorch,2024-10-01,closed,MEMBER,af9a90ce4,5,1,3,0,
pytorch,pytorch,2024-10-01,closed,CONTRIBUTOR,add189f6d,7,1,1,0,
pytorch,pytorch,2024-10-01,closed,COLLABORATOR,a4a245b6f,7,1,2,21,
pytorch,pytorch,2024-10-01,closed,CONTRIBUTOR,a642039ad,2,1,1,0,
pytorch,pytorch,2024-10-01,closed,COLLABORATOR,a978a2c3f,40,1,1,11,
pytorch,pytorch,2024-10-01,closed,CONTRIBUTOR,a15956758,14,1,3,1,
pytorch,pytorch,2024-10-01,closed,COLLABORATOR,a8fe8a171,16,1,1,17,
pytorch,pytorch,2024-10-01,closed,COLLABORATOR,afcac5ef0,34,5,2,9,
pytorch,pytorch,2024-10-01,closed,CONTRIBUTOR,a63e53439,116,2,3,0,
pytorch,pytorch,2024-10-01,closed,CONTRIBUTOR,a4b5365a5,8,1,2,0,
pytorch,pytorch,2024-10-01,closed,CONTRIBUTOR,a4b5365a5,190,4,16,3,
pytorch,pytorch,2024-10-01,closed,CONTRIBUTOR,a9dd2e3c0,40,7,6,1,
pytorch,pytorch,2024-10-01,closed,CONTRIBUTOR,affa1f180,367,8,1,1,
pytorch,pytorch,2024-10-01,closed,COLLABORATOR,a597022dd,2,1,1,1,
pytorch,pytorch,2024-10-01,closed,CONTRIBUTOR,add189f6d,37,5,4,0,
pytorch,pytorch,2024-10-01,closed,CONTRIBUTOR,a642039ad,57,1,2,1,
pytorch,pytorch,2024-10-01,closed,CONTRIBUTOR,a1b4d48ea,19,1,6,364,
pytorch,pytorch,2024-10-01,closed,COLLABORATOR,a65c747a0,57,8,4,3,
pytorch,pytorch,2024-10-01,closed,CONTRIBUTOR,ae771d0f6,189,1,40,135,
pytorch,pytorch,2024-10-01,closed,COLLABORATOR,a22ea5b25,1,1,2,27,
pytorch,pytorch,2024-10-01,closed,CONTRIBUTOR,aeab82720,586,10,11,0,
pytorch,pytorch,2024-10-01,closed,CONTRIBUTOR,a554ec844,66,2,4,598,
pytorch,pytorch,2024-10-01,closed,MEMBER,a82fe44ad,324,16,4,2,
pytorch,pytorch,2024-10-01,closed,COLLABORATOR,a8fe8a171,11,1,1,88,
pytorch,pytorch,2024-10-01,closed,CONTRIBUTOR,aeab82720,5,1,1,312,
pytorch,pytorch,2024-10-01,closed,CONTRIBUTOR,a8a5c57ab,8,1,1,271,
pytorch,pytorch,2024-10-01,closed,CONTRIBUTOR,a252cdb64,42,1,4,73,
pytorch,pytorch,2024-10-01,closed,CONTRIBUTOR,a930bd28c,183,6,4,77,
pytorch,pytorch,2024-10-01,closed,CONTRIBUTOR,ab1d93ca3,11,1,1,53,
pytorch,pytorch,2024-10-01,closed,COLLABORATOR,a65c747a0,383,18,1,20,
pytorch,pytorch,2024-10-01,closed,COLLABORATOR,a65c747a0,2,1,1,6,
pytorch,pytorch,2024-10-01,closed,CONTRIBUTOR,a5d852f0c,17,1,4,4,
pytorch,pytorch,2024-10-01,closed,CONTRIBUTOR,a6e3e1227,6,1,1,7,
pytorch,pytorch,2024-10-01,closed,COLLABORATOR,a4997e570,5,1,8,1,
pytorch,pytorch,2024-10-01,closed,CONTRIBUTOR,a554ec844,379,14,1,1,
pytorch,pytorch,2024-10-01,closed,CONTRIBUTOR,add189f6d,5,1,1,5,
pytorch,pytorch,2024-10-01,closed,CONTRIBUTOR,a73b095db,156,2,2,844,
pytorch,pytorch,2024-10-01,closed,NONE,a757d820c,166,3,0,,
pytorch,pytorch,2024-10-01,closed,CONTRIBUTOR,ae13b2e40,75,2,0,,
pytorch,pytorch,2024-10-01,closed,CONTRIBUTOR,add189f6d,17,1,3,18,
pytorch,pytorch,2024-10-01,closed,CONTRIBUTOR,aa238cb0a,14,7,0,,
pytorch,pytorch,2024-10-01,closed,COLLABORATOR,afba20cb7,12,1,1,1178,
pytorch,pytorch,2024-10-01,closed,CONTRIBUTOR,a6e3e1227,145,2,1,13,
pytorch,pytorch,2024-10-01,closed,CONTRIBUTOR,a6e3e1227,11,1,1,1,
pytorch,pytorch,2024-10-01,closed,CONTRIBUTOR,ab2ece173,52,3,2,0,
pytorch,pytorch,2024-10-01,closed,CONTRIBUTOR,abea5f6f8,553,5,10,19,
pytorch,pytorch,2024-10-01,merged,COLLABORATOR,abb677e08,30,6,1,0,0
pytorch,pytorch,2024-10-01,closed,CONTRIBUTOR,a37aaac61,90,5,4,19,
pytorch,pytorch,2024-10-01,closed,CONTRIBUTOR,a26210bab,103,2,1,15,
pytorch,pytorch,2024-10-01,closed,CONTRIBUTOR,a6c8c07a8,5312,215,0,,
pytorch,pytorch,2024-10-01,merged,CONTRIBUTOR,a6c8c07a8,52,1,1,0,0
pytorch,pytorch,2024-10-01,closed,MEMBER,a82fe44ad,45,5,1,48,
pytorch,pytorch,2024-10-01,closed,CONTRIBUTOR,a18c03ea5,8,2,1,0,
pytorch,pytorch,2024-10-01,closed,COLLABORATOR,aeac7bc7f,6,1,2,126,
pytorch,pytorch,2024-10-01,closed,COLLABORATOR,aab0b0a28,2,1,1,0,
pytorch,pytorch,2024-10-01,closed,COLLABORATOR,a01eff35b,256,8,4,11,
pytorch,pytorch,2024-10-01,closed,COLLABORATOR,a01eff35b,283,5,8,199,
pytorch,pytorch,2024-10-01,closed,COLLABORATOR,aeac7bc7f,430,41,4,33,
pytorch,pytorch,2024-10-01,closed,CONTRIBUTOR,a63e53439,2157,19,5,9,
pytorch,pytorch,2024-10-01,closed,COLLABORATOR,a54be2aa2,620,11,63,1,
pytorch,pytorch,2024-10-01,closed,CONTRIBUTOR,a94cbb390,3,1,1,0,
pytorch,pytorch,2024-10-01,closed,CONTRIBUTOR,a2e231ad4,27,2,1,25,
pytorch,pytorch,2024-10-01,closed,CONTRIBUTOR,a41334601,313,4,2,0,
pytorch,pytorch,2024-10-01,closed,CONTRIBUTOR,ab2ece173,1128,7,22,3,
pytorch,pytorch,2024-10-01,closed,CONTRIBUTOR,a6272c338,16,2,1,4,
pytorch,pytorch,2024-10-01,closed,COLLABORATOR,a18a2143e,516,3,2,15,
pytorch,pytorch,2024-10-01,closed,COLLABORATOR,a18a2143e,156,2,1,15,
pytorch,pytorch,2024-10-01,closed,COLLABORATOR,a55982b43,12,1,4,203,
pytorch,pytorch,2024-10-01,closed,COLLABORATOR,a54be2aa2,94,2,4,2,
pytorch,pytorch,2024-10-01,closed,CONTRIBUTOR,af46aca0f,63,3,10,171,
pytorch,pytorch,2024-10-01,closed,COLLABORATOR,ae0a18ec6,72,2,1,0,
pytorch,pytorch,2024-10-01,closed,CONTRIBUTOR,aa238cb0a,13,1,6,1,
pytorch,pytorch,2024-10-01,closed,COLLABORATOR,a8fe8a171,2,1,1,42,
pytorch,pytorch,2024-10-01,closed,CONTRIBUTOR,ae66f3706,2,1,0,,
pytorch,pytorch,2024-10-01,closed,CONTRIBUTOR,a785abea7,61,2,8,0,
pytorch,pytorch,2024-10-01,closed,COLLABORATOR,a18a2143e,8,2,1,10,
pytorch,pytorch,2024-10-01,closed,COLLABORATOR,a6ff1690e,94,9,39,0,
pytorch,pytorch,2024-10-01,closed,CONTRIBUTOR,a6272c338,116,9,7,23,
pytorch,pytorch,2024-10-01,closed,COLLABORATOR,abfbbfb4a,134,11,1,13834,
pytorch,pytorch,2024-10-01,closed,COLLABORATOR,af5bc3743,4,1,0,,
pytorch,pytorch,2024-10-01,closed,CONTRIBUTOR,ae13b2e40,18,1,2,2,
pytorch,pytorch,2024-10-01,closed,CONTRIBUTOR,a24a774ff,20,1,1,2,
pytorch,pytorch,2024-10-01,closed,CONTRIBUTOR,ac73c2135,62,3,1,1,
pytorch,pytorch,2024-10-01,closed,CONTRIBUTOR,ae13b2e40,29,2,1,55,
pytorch,pytorch,2024-10-01,closed,COLLABORATOR,a5874920f,14,2,2,2,
pytorch,pytorch,2024-10-01,closed,COLLABORATOR,a22ea5b25,68,2,0,,
pytorch,pytorch,2024-10-01,closed,CONTRIBUTOR,a94cbb390,419,11,0,,
pytorch,pytorch,2024-10-01,closed,COLLABORATOR,a55d2cdc8,4,2,1,3,
pytorch,pytorch,2024-10-01,closed,CONTRIBUTOR,a63e53439,6,2,3,7,
pytorch,pytorch,2024-10-01,closed,CONTRIBUTOR,aa0a5573a,261,10,10,0,
pytorch,pytorch,2024-10-01,closed,COLLABORATOR,a6b8ba0fc,6,1,2,1,
pytorch,pytorch,2024-10-01,closed,CONTRIBUTOR,a785abea7,3,1,3,104,
pytorch,pytorch,2024-10-01,closed,CONTRIBUTOR,aa2d39325,2,1,3,0,
pytorch,pytorch,2024-10-01,closed,CONTRIBUTOR,a41334601,2,1,2,0,
pytorch,pytorch,2024-10-01,closed,COLLABORATOR,a6cfb0643,16,1,3,511,
pytorch,pytorch,2024-10-01,closed,CONTRIBUTOR,a1130134e,4,3,2,98,
pytorch,pytorch,2024-10-01,closed,COLLABORATOR,a9e5e9c6e,4,1,1,98,
pytorch,pytorch,2024-10-01,closed,CONTRIBUTOR,a41334601,69,5,1,0,
pytorch,pytorch,2024-10-01,closed,COLLABORATOR,a21df1e70,8,1,1,1,
pytorch,pytorch,2024-10-01,closed,COLLABORATOR,a21df1e70,2,1,2,0,
pytorch,pytorch,2024-10-01,closed,CONTRIBUTOR,a12e642aa,129,3,3,0,
pytorch,pytorch,2024-10-01,closed,CONTRIBUTOR,a0672f764,1,1,0,,
pytorch,pytorch,2024-10-01,closed,CONTRIBUTOR,ae66f3706,63,3,1,2,
pytorch,pytorch,2024-10-01,closed,CONTRIBUTOR,a73b095db,687,4,1,0,
pytorch,pytorch,2024-10-01,closed,CONTRIBUTOR,abea5f6f8,107,1,0,,
pytorch,pytorch,2024-10-01,closed,CONTRIBUTOR,ad1b2f518,36,2,0,,
pytorch,pytorch,2024-10-01,closed,CONTRIBUTOR,a9dd2e3c0,77,3,0,,
pytorch,pytorch,2024-10-01,closed,CONTRIBUTOR,a2e231ad4,2,1,1,0,
pytorch,pytorch,2024-10-01,closed,COLLABORATOR,aeac7bc7f,142,28,11,0,
pytorch,pytorch,2024-10-01,closed,CONTRIBUTOR,abd4fe483,2089,30,2,0,
pytorch,pytorch,2024-10-01,closed,CONTRIBUTOR,a95a7bc64,69,5,2,21,
pytorch,pytorch,2024-10-01,closed,CONTRIBUTOR,a9ed3eaa6,793,24,12,207,
pytorch,pytorch,2024-10-01,closed,CONTRIBUTOR,ad5417e63,140,2,1,374,
pytorch,pytorch,2024-10-01,closed,CONTRIBUTOR,a63e53439,145,1,0,,
pytorch,pytorch,2024-10-01,closed,CONTRIBUTOR,add189f6d,6,1,1,0,
pytorch,pytorch,2024-10-01,closed,CONTRIBUTOR,a9dd2e3c0,431,8,11,24,
pytorch,pytorch,2024-10-01,closed,CONTRIBUTOR,a9dd2e3c0,138,1,6,25,
pytorch,pytorch,2024-10-01,closed,CONTRIBUTOR,afb62a5b9,1068,23,0,,
pytorch,pytorch,2024-10-01,closed,CONTRIBUTOR,a8dd56e6a,123,6,17,1,
pytorch,pytorch,2024-10-01,closed,CONTRIBUTOR,a6e3e1227,74,4,1,2,
pytorch,pytorch,2024-10-01,closed,CONTRIBUTOR,a4b5365a5,0,364,0,,
pytorch,pytorch,2024-10-01,closed,CONTRIBUTOR,a63e53439,709,6,5,33,
pytorch,pytorch,2024-10-01,closed,COLLABORATOR,ad655184d,580,1,1,0,
pytorch,pytorch,2024-10-01,closed,COLLABORATOR,aeac7bc7f,97,4,4,7,
pytorch,pytorch,2024-10-01,closed,CONTRIBUTOR,acde10e71,128,12,1,0,
pytorch,pytorch,2024-10-01,closed,CONTRIBUTOR,a0db1f58a,249695,1840,23,43,
pytorch,pytorch,2024-10-01,closed,CONTRIBUTOR,a63e53439,2,1,3,19,
pytorch,pytorch,2024-10-01,closed,CONTRIBUTOR,aa8d2fcec,11,2,1,74,
pytorch,pytorch,2024-10-01,closed,CONTRIBUTOR,af188d2fd,59,3,1,101,
pytorch,pytorch,2024-10-01,closed,CONTRIBUTOR,ae13b2e40,2,1,0,,
pytorch,pytorch,2024-10-01,closed,CONTRIBUTOR,a740472d6,90,7,0,,
pytorch,pytorch,2024-10-01,closed,COLLABORATOR,ae25f14a4,3,1,1,59,
pytorch,pytorch,2024-10-01,closed,CONTRIBUTOR,a94cbb390,264,7,1,16,
pytorch,pytorch,2024-10-01,closed,COLLABORATOR,abfbbfb4a,50,6,0,,
pytorch,pytorch,2024-10-01,closed,CONTRIBUTOR,affa1f180,77,1,1,1294,
pytorch,pytorch,2024-10-01,closed,CONTRIBUTOR,a73b095db,45,3,1,1,
pytorch,pytorch,2024-10-01,closed,NONE,a623edff3,339,11,0,,
pytorch,pytorch,2024-10-01,closed,COLLABORATOR,a978a2c3f,163,1,13,104,
pytorch,pytorch,2024-10-01,closed,CONTRIBUTOR,a4ab98dfa,60,5,8,84,
pytorch,pytorch,2024-10-01,closed,COLLABORATOR,a65c747a0,195,4,4,9,
pytorch,pytorch,2024-10-01,closed,CONTRIBUTOR,ab722bf65,28,2,1,0,
pytorch,pytorch,2024-10-01,closed,CONTRIBUTOR,a26210bab,7,1,2,0,
pytorch,pytorch,2024-10-01,closed,CONTRIBUTOR,add189f6d,2043,6,4,0,
pytorch,pytorch,2024-10-01,closed,CONTRIBUTOR,aebedb076,31,2,2,6,
pytorch,pytorch,2024-10-01,closed,CONTRIBUTOR,a99bb45a1,3,1,5,154,
pytorch,pytorch,2024-10-01,closed,CONTRIBUTOR,a121e41b3,24,3,3,651,
pytorch,pytorch,2024-10-01,closed,CONTRIBUTOR,a642039ad,580,3,20,0,
pytorch,pytorch,2024-10-01,closed,CONTRIBUTOR,ae66f3706,9,3,2,1,
pytorch,pytorch,2024-10-01,closed,CONTRIBUTOR,a8d482f18,183,2,1,160,
pytorch,pytorch,2024-10-01,closed,CONTRIBUTOR,a8d482f18,61,3,2,11,
pytorch,pytorch,2024-10-01,closed,CONTRIBUTOR,a8d482f18,247,3,0,,
pytorch,pytorch,2024-10-01,closed,CONTRIBUTOR,ae13b2e40,3,1,0,,
pytorch,pytorch,2024-10-01,closed,CONTRIBUTOR,ab722bf65,65,7,9,41,
pytorch,pytorch,2024-10-01,closed,COLLABORATOR,a286957d0,8,1,3,0,
pytorch,pytorch,2024-10-01,open,CONTRIBUTOR,a1b182841,11,1,6,21,
pytorch,pytorch,2024-10-01,closed,CONTRIBUTOR,ab2ece173,36,1,1,0,
pytorch,pytorch,2024-10-01,closed,CONTRIBUTOR,a39772212,124,2,10,25,
pytorch,pytorch,2024-10-01,closed,CONTRIBUTOR,a05331277,2,1,3,0,
pytorch,pytorch,2024-10-01,closed,COLLABORATOR,ab3e923f8,251,2,14,1,
pytorch,pytorch,2024-10-01,closed,CONTRIBUTOR,a9b0c028d,37,2,8,31,
pytorch,pytorch,2024-10-01,closed,CONTRIBUTOR,a137af425,407,3,12,759,
pytorch,pytorch,2024-10-01,merged,CONTRIBUTOR,ab028fbf6,60,5,1,2,2
pytorch,pytorch,2024-10-01,closed,CONTRIBUTOR,ab722bf65,54,2,0,,
pytorch,pytorch,2024-10-01,closed,CONTRIBUTOR,ae66f3706,553,6,3,1201,
pytorch,pytorch,2024-10-01,closed,CONTRIBUTOR,ab722bf65,48,8,0,,
pytorch,pytorch,2024-10-01,closed,CONTRIBUTOR,a5a3e9105,78,2,11,6,
pytorch,pytorch,2024-10-01,closed,NONE,aeec32b27,2,1,0,,
pytorch,pytorch,2024-10-01,closed,CONTRIBUTOR,a8d482f18,6,3,1,5,
pytorch,pytorch,2024-10-01,closed,CONTRIBUTOR,a6c8c07a8,1,1,3,0,
pytorch,pytorch,2024-10-01,closed,NONE,a188e867b,27,4,1,6,
pytorch,pytorch,2024-10-01,closed,COLLABORATOR,a4a245b6f,538,45,0,,
pytorch,pytorch,2024-11-01,closed,COLLABORATOR,af5bc3743,125,3,5,215,
pytorch,pytorch,2024-11-01,closed,CONTRIBUTOR,a3b6aa0a0,114,4,0,,
pytorch,pytorch,2024-11-01,closed,CONTRIBUTOR,a3be39839,393,2,1,0,
pytorch,pytorch,2024-11-01,closed,CONTRIBUTOR,a8d482f18,22,1,0,,
pytorch,pytorch,2024-11-01,closed,COLLABORATOR,ae0a18ec6,2,1,1,0,
pytorch,pytorch,2024-11-01,closed,CONTRIBUTOR,af0d424f2,13,2,6,8,
pytorch,pytorch,2024-11-01,closed,COLLABORATOR,a821316f3,134,1,5,6,
pytorch,pytorch,2024-11-01,closed,COLLABORATOR,af5bc3743,699,17,5,216,
pytorch,pytorch,2024-11-01,closed,COLLABORATOR,ab80641ee,4,2,2,4,
pytorch,pytorch,2024-11-01,closed,COLLABORATOR,a075d3ab3,58,2,5,65,
pytorch,pytorch,2024-11-01,closed,CONTRIBUTOR,af4261d6f,130,2,2,109,
pytorch,pytorch,2024-11-01,closed,CONTRIBUTOR,affa1f180,471,4,1,97,
pytorch,pytorch,2024-11-01,closed,CONTRIBUTOR,a41334601,65,4,1,69,
pytorch,pytorch,2024-11-01,closed,CONTRIBUTOR,af188d2fd,199,7,3,88,
pytorch,pytorch,2024-11-01,closed,CONTRIBUTOR,a37aaac61,23,2,5,1,
pytorch,pytorch,2024-11-01,closed,NONE,ab37528bd,256,1,0,,
pytorch,pytorch,2024-11-01,closed,COLLABORATOR,ade45ae8f,4,1,1,1,
pytorch,pytorch,2024-11-01,closed,COLLABORATOR,a18a2143e,48,2,1,100,
pytorch,pytorch,2024-11-01,closed,CONTRIBUTOR,a76060dbc,40,1,1,85,
pytorch,pytorch,2024-11-01,closed,CONTRIBUTOR,add189f6d,101,4,1,13,
pytorch,pytorch,2024-11-01,closed,CONTRIBUTOR,ab689c736,27,3,2,0,
pytorch,pytorch,2024-11-01,closed,CONTRIBUTOR,a05331277,19,2,0,,
pytorch,pytorch,2024-11-01,closed,COLLABORATOR,a2191c48d,2,1,1,1,
pytorch,pytorch,2024-11-01,closed,CONTRIBUTOR,a76060dbc,238,7,1,92,
pytorch,pytorch,2024-11-01,closed,CONTRIBUTOR,a740472d6,57,3,5,0,
pytorch,pytorch,2024-11-01,closed,MEMBER,a846e2bc0,69,3,1,23,
pytorch,pytorch,2024-11-01,closed,CONTRIBUTOR,a740472d6,21,2,1,2,
pytorch,pytorch,2024-11-01,closed,COLLABORATOR,a4a245b6f,909,11,0,,
pytorch,pytorch,2024-11-01,closed,CONTRIBUTOR,ab028fbf6,3,1,1,0,
pytorch,pytorch,2024-11-01,closed,CONTRIBUTOR,a930bd28c,112,2,5,121,
pytorch,pytorch,2024-11-01,closed,CONTRIBUTOR,a4859b788,29,3,12,615,
pytorch,pytorch,2024-11-01,closed,CONTRIBUTOR,a785abea7,6,1,1,108,
pytorch,pytorch,2024-11-01,closed,COLLABORATOR,aeac7bc7f,12,1,3,1,
pytorch,pytorch,2024-11-01,closed,CONTRIBUTOR,add189f6d,9,3,4,0,
pytorch,pytorch,2024-11-01,closed,CONTRIBUTOR,ac4ae7b08,25,2,6,15,
pytorch,pytorch,2024-11-01,closed,CONTRIBUTOR,a41334601,65,4,1,40,
pytorch,pytorch,2024-11-01,closed,CONTRIBUTOR,a4ab98dfa,8,2,3,164,
pytorch,pytorch,2024-11-01,closed,CONTRIBUTOR,ae13b2e40,13,2,0,,
pytorch,pytorch,2024-11-01,closed,COLLABORATOR,ade45ae8f,2,1,1,28,
pytorch,pytorch,2024-11-01,closed,CONTRIBUTOR,a9dd2e3c0,29,2,1,1,
pytorch,pytorch,2024-11-01,closed,CONTRIBUTOR,a24a774ff,9,2,3,8,
pytorch,pytorch,2024-11-01,closed,CONTRIBUTOR,ab2c3d13b,14,1,1,19,
pytorch,pytorch,2024-11-01,closed,CONTRIBUTOR,a41334601,76,2,1,14,
pytorch,pytorch,2024-11-01,closed,CONTRIBUTOR,add189f6d,34,1,5,0,
pytorch,pytorch,2024-11-01,closed,CONTRIBUTOR,a8ed7b20e,14,1,1,177,
pytorch,pytorch,2024-11-01,closed,CONTRIBUTOR,abd759ade,7,3,1,249,
pytorch,pytorch,2024-11-01,closed,NONE,a48dcb43c,11,1,0,,
pytorch,pytorch,2024-11-01,closed,COLLABORATOR,a22ea5b25,150,10,0,,
pytorch,pytorch,2024-11-01,closed,COLLABORATOR,aeac7bc7f,14,8,3,14,
pytorch,pytorch,2024-11-01,closed,CONTRIBUTOR,aa238cb0a,10,1,1,0,
pytorch,pytorch,2024-11-01,closed,CONTRIBUTOR,ab028fbf6,2,1,2,0,
pytorch,pytorch,2024-11-01,closed,CONTRIBUTOR,a8dd56e6a,273,9,28,222,
pytorch,pytorch,2024-11-01,closed,CONTRIBUTOR,aa65fbcd8,109,3,1,206,
pytorch,pytorch,2024-11-01,closed,CONTRIBUTOR,a94cbb390,280,5,2,189,
pytorch,pytorch,2024-11-01,closed,COLLABORATOR,aeac7bc7f,13,2,5,17,
pytorch,pytorch,2024-11-01,closed,CONTRIBUTOR,a740472d6,61,3,3,9,
pytorch,pytorch,2024-11-01,closed,COLLABORATOR,aaee1c0cd,28,1,1,9,
pytorch,pytorch,2024-11-01,closed,COLLABORATOR,ad655184d,10,2,2,0,
pytorch,pytorch,2024-11-01,closed,CONTRIBUTOR,a94cbb390,162,19,1,0,
pytorch,pytorch,2024-11-01,closed,CONTRIBUTOR,ab2ece173,42,2,1,0,
pytorch,pytorch,2024-11-01,closed,NONE,a64d64f94,990175,3000,0,,
pytorch,pytorch,2024-11-01,closed,CONTRIBUTOR,ae13b2e40,3,1,1,20,
pytorch,pytorch,2024-11-01,closed,COLLABORATOR,a21df1e70,25,1,1,5,
pytorch,pytorch,2024-11-01,closed,COLLABORATOR,a608d823d,3,2,1,1593,
pytorch,pytorch,2024-11-01,closed,COLLABORATOR,ade45ae8f,38,6,8,3,
pytorch,pytorch,2024-11-01,closed,CONTRIBUTOR,a41334601,36,1,1,113,
pytorch,pytorch,2024-11-01,closed,COLLABORATOR,aeac7bc7f,97,12,1,136,
pytorch,pytorch,2024-11-01,closed,CONTRIBUTOR,a8e8e27a7,59,5,1,50,
pytorch,pytorch,2024-11-01,closed,CONTRIBUTOR,a8e8e27a7,223,2,1,51,
pytorch,pytorch,2024-11-01,closed,CONTRIBUTOR,a4b5365a5,16,3,1,128,
pytorch,pytorch,2024-11-01,closed,CONTRIBUTOR,a41334601,12,3,1,1,
pytorch,pytorch,2024-11-01,closed,CONTRIBUTOR,a642039ad,233,5,5,0,
pytorch,pytorch,2024-11-01,closed,CONTRIBUTOR,abea5f6f8,61,1,3,124,
pytorch,pytorch,2024-11-01,closed,CONTRIBUTOR,a642039ad,6,1,0,,
pytorch,pytorch,2024-11-01,closed,COLLABORATOR,a8fc1f349,24,2,4,20,
pytorch,pytorch,2024-11-01,closed,COLLABORATOR,a8fc1f349,30,3,2,20,
pytorch,pytorch,2024-11-01,closed,CONTRIBUTOR,a6acce7b9,98,5,0,,
pytorch,pytorch,2024-11-01,closed,CONTRIBUTOR,a225227c5,40,1,2,154,
pytorch,pytorch,2024-11-01,closed,CONTRIBUTOR,aebedb076,6,1,1,1,
pytorch,pytorch,2024-11-01,closed,COLLABORATOR,aeac7bc7f,1,1,0,,
pytorch,pytorch,2024-11-01,closed,CONTRIBUTOR,ae13b2e40,124,9,1,23,
pytorch,pytorch,2024-11-01,closed,CONTRIBUTOR,a6c9842dd,253,3,5,1,
pytorch,pytorch,2024-11-01,closed,MEMBER,a846e2bc0,44,1,2,171,
pytorch,pytorch,2024-11-01,closed,COLLABORATOR,a22ea5b25,10,1,1,335,
pytorch,pytorch,2024-11-01,closed,COLLABORATOR,a0ba25606,11,2,2,0,
pytorch,pytorch,2024-11-01,closed,NONE,afb0db444,4704,1,2,399,
pytorch,pytorch,2024-11-01,closed,CONTRIBUTOR,a642039ad,1,1,0,,
pytorch,pytorch,2024-11-01,closed,COLLABORATOR,aeac7bc7f,230,35,1,25,
pytorch,pytorch,2024-11-01,closed,NONE,a25ff23cb,93,3,3,1,
pytorch,pytorch,2024-11-01,closed,COLLABORATOR,a0684f932,10,2,4,0,
pytorch,pytorch,2024-11-01,closed,CONTRIBUTOR,af188d2fd,21,2,9,161,
pytorch,pytorch,2024-11-01,closed,CONTRIBUTOR,a73b095db,265,6,5,1,
pytorch,pytorch,2024-11-01,closed,CONTRIBUTOR,aaca35c1a,2,1,0,,
pytorch,pytorch,2024-11-01,closed,COLLABORATOR,aafa76c3d,88,5,38,29,
pytorch,pytorch,2024-11-01,closed,CONTRIBUTOR,add189f6d,37,1,1,9,
pytorch,pytorch,2024-11-01,closed,COLLABORATOR,aeac7bc7f,194,2,0,,
pytorch,pytorch,2024-11-01,closed,COLLABORATOR,a6000c73c,11,3,1,1780,
pytorch,pytorch,2024-11-01,closed,CONTRIBUTOR,a6c9842dd,255,3,3,11,
pytorch,pytorch,2024-11-01,closed,CONTRIBUTOR,a3b6aa0a0,424,1,9,75,
pytorch,pytorch,2024-11-01,closed,CONTRIBUTOR,a80310c1f,15,3,7,58,
pytorch,pytorch,2024-11-01,closed,COLLABORATOR,ab06db1d7,517,7,6,62,
pytorch,pytorch,2024-11-01,closed,CONTRIBUTOR,a642039ad,5,1,0,,
pytorch,pytorch,2024-11-01,closed,CONTRIBUTOR,a94cbb390,102,2,1,28,
pytorch,pytorch,2024-11-01,closed,COLLABORATOR,a72e5ee0e,24,2,1,0,
pytorch,pytorch,2024-11-01,closed,CONTRIBUTOR,a60e9a189,4,1,1,0,
pytorch,pytorch,2024-11-01,closed,CONTRIBUTOR,a554ec844,97,6,2,0,
pytorch,pytorch,2024-11-01,closed,CONTRIBUTOR,aeab82720,8,1,10,0,
pytorch,pytorch,2024-11-01,closed,CONTRIBUTOR,ae495c18a,15,1,12,3,
pytorch,pytorch,2024-11-01,closed,COLLABORATOR,a9e5e9c6e,45,4,4,313,
pytorch,pytorch,2024-11-01,closed,NONE,a9275ba09,106,3,1,0,
pytorch,pytorch,2024-11-01,closed,CONTRIBUTOR,ab345b729,5,3,8,0,
pytorch,pytorch,2024-11-01,closed,COLLABORATOR,aeac7bc7f,75,4,1,47,
pytorch,pytorch,2024-11-01,closed,CONTRIBUTOR,a4b5365a5,17,2,2,96,
pytorch,pytorch,2024-11-01,closed,CONTRIBUTOR,a18c03ea5,49,1,1,1,
pytorch,pytorch,2024-11-01,closed,COLLABORATOR,a01eff35b,84,4,1,837,
pytorch,pytorch,2024-11-01,closed,CONTRIBUTOR,afb62a5b9,118,1,2,274,
pytorch,pytorch,2024-11-01,closed,CONTRIBUTOR,abd4fe483,17,2,0,,
pytorch,pytorch,2024-11-01,closed,CONTRIBUTOR,ab028fbf6,64,1,3,1,
pytorch,pytorch,2024-11-01,closed,CONTRIBUTOR,a642039ad,80,2,1,6,
pytorch,pytorch,2024-11-01,closed,CONTRIBUTOR,a4252cd0c,4,1,3,146,
pytorch,pytorch,2024-11-01,closed,COLLABORATOR,ab80641ee,3,1,1,32,
pytorch,pytorch,2024-11-01,closed,COLLABORATOR,a0a5ccaf7,57,6,12,9,
pytorch,pytorch,2024-11-01,closed,CONTRIBUTOR,af46aca0f,9,1,1,11,
pytorch,pytorch,2024-11-01,closed,CONTRIBUTOR,a740472d6,24,2,2,8,
pytorch,pytorch,2024-11-01,closed,CONTRIBUTOR,a785abea7,230,4,6,21,
pytorch,pytorch,2024-11-01,closed,CONTRIBUTOR,a7e60a047,4,1,3,18,
pytorch,pytorch,2024-11-01,closed,CONTRIBUTOR,ab2ece173,6,1,1,19,
pytorch,pytorch,2024-11-01,closed,COLLABORATOR,a9e5e9c6e,34,1,1,44,
pytorch,pytorch,2024-11-01,closed,COLLABORATOR,aa773f4ff,50,2,1,32,
pytorch,pytorch,2024-11-01,closed,COLLABORATOR,a72e5ee0e,7,1,6,317,
pytorch,pytorch,2024-11-01,closed,CONTRIBUTOR,a8198a04c,18,6,8,18,
pytorch,pytorch,2024-11-01,closed,COLLABORATOR,a0a5ccaf7,125,4,6,163,
pytorch,pytorch,2024-11-01,closed,COLLABORATOR,ae25f14a4,15,1,1,43,
pytorch,pytorch,2024-11-01,closed,CONTRIBUTOR,a5ea2f522,2,1,2,15,
pytorch,pytorch,2024-11-01,closed,CONTRIBUTOR,a41334601,1,1,1,0,
pytorch,pytorch,2024-11-01,closed,COLLABORATOR,a978a2c3f,29,6,1,5,
pytorch,pytorch,2024-11-01,closed,CONTRIBUTOR,add189f6d,62,2,1,34,
pytorch,pytorch,2024-11-01,closed,CONTRIBUTOR,ae13b2e40,12,1,0,,
pytorch,pytorch,2024-11-01,closed,CONTRIBUTOR,af46aca0f,69,2,4,16,
pytorch,pytorch,2024-11-01,closed,CONTRIBUTOR,a8d482f18,23,6,1,24,
pytorch,pytorch,2024-11-01,closed,CONTRIBUTOR,af0d7b6a9,800,8,38,1495,
pytorch,pytorch,2024-11-01,closed,MEMBER,a82fe44ad,7,1,0,,
pytorch,pytorch,2024-11-01,closed,NONE,,2,1,3,11,
pytorch,pytorch,2024-11-01,closed,CONTRIBUTOR,a642039ad,9,1,0,,
pytorch,pytorch,2024-11-01,closed,COLLABORATOR,a978a2c3f,3,1,1,29,
pytorch,pytorch,2024-11-01,closed,COLLABORATOR,aeac7bc7f,83,5,1,43,
pytorch,pytorch,2024-11-01,closed,COLLABORATOR,a1674399b,221,4,2,44,
pytorch,pytorch,2024-11-01,closed,CONTRIBUTOR,a1eb0cd02,13,1,0,,
pytorch,pytorch,2024-11-01,closed,CONTRIBUTOR,a86cf270a,49,4,2,62,
pytorch,pytorch,2024-11-01,closed,COLLABORATOR,ab34fc079,9,2,1,0,
pytorch,pytorch,2024-11-01,closed,CONTRIBUTOR,af38e9f69,21,1,1,74,
pytorch,pytorch,2024-11-01,closed,CONTRIBUTOR,ae13b2e40,6,1,1,34,
pytorch,pytorch,2024-11-01,closed,COLLABORATOR,aeac7bc7f,1,1,0,,
pytorch,pytorch,2024-11-01,closed,COLLABORATOR,aeac7bc7f,16,4,1,0,
pytorch,pytorch,2024-11-01,closed,COLLABORATOR,ab6cb35e7,316,6,2,494,
pytorch,pytorch,2024-11-01,closed,CONTRIBUTOR,aeab82720,26,2,1,49,
pytorch,pytorch,2024-11-01,closed,COLLABORATOR,a597022dd,2,1,9,123,
pytorch,pytorch,2024-11-01,closed,CONTRIBUTOR,a642039ad,2,1,0,,
pytorch,pytorch,2024-11-01,closed,NONE,af86ec6d0,21,1,5,0,
pytorch,pytorch,2024-11-01,closed,COLLABORATOR,a6cde2935,2,1,0,,
pytorch,pytorch,2024-11-01,closed,CONTRIBUTOR,ad1b2f518,83,3,2,27,
pytorch,pytorch,2024-11-01,closed,CONTRIBUTOR,ad1b2f518,12,2,1,27,
pytorch,pytorch,2024-11-01,closed,CONTRIBUTOR,af46aca0f,54,3,1,2,
pytorch,pytorch,2024-11-01,closed,CONTRIBUTOR,a63e53439,331,24,1,23,
pytorch,pytorch,2024-11-01,closed,CONTRIBUTOR,af0d424f2,4,2,0,,
pytorch,pytorch,2024-11-01,closed,CONTRIBUTOR,a6272c338,146,9,1,31,
pytorch,pytorch,2024-11-01,closed,CONTRIBUTOR,a24a774ff,25,1,1,6,
pytorch,pytorch,2024-11-01,closed,COLLABORATOR,aeac7bc7f,79,15,20,9,
pytorch,pytorch,2024-11-01,closed,COLLABORATOR,a6ff1690e,313,5,17,6,
pytorch,pytorch,2024-11-01,closed,CONTRIBUTOR,a225227c5,11,2,2,0,
pytorch,pytorch,2024-11-01,closed,CONTRIBUTOR,a8dd56e6a,131,4,7,15,
pytorch,pytorch,2024-11-01,closed,CONTRIBUTOR,aebedb076,36,2,1,5,
pytorch,pytorch,2024-11-01,open,CONTRIBUTOR,ae66f3706,3,1,1,0,
pytorch,pytorch,2024-11-01,closed,CONTRIBUTOR,ae66f3706,3,1,1,0,
pytorch,pytorch,2024-11-01,closed,COLLABORATOR,a5dc541f5,34,8,1,860,
pytorch,pytorch,2024-11-01,closed,COLLABORATOR,aeac7bc7f,93,6,1,119,
pytorch,pytorch,2024-11-01,closed,COLLABORATOR,a8fe8a171,7,2,1,168,
pytorch,pytorch,2024-11-01,closed,CONTRIBUTOR,a41334601,5,1,2,0,
pytorch,pytorch,2024-11-01,closed,CONTRIBUTOR,add189f6d,210,6,2,0,
pytorch,pytorch,2024-11-01,closed,CONTRIBUTOR,ad1b2f518,25,2,0,,
pytorch,pytorch,2024-11-01,closed,CONTRIBUTOR,ab83aa987,5,1,5,17,
pytorch,pytorch,2024-11-01,closed,COLLABORATOR,a6b6637e0,100,2,3,14,
pytorch,pytorch,2024-11-01,closed,COLLABORATOR,a286957d0,417,3,31,16,
pytorch,pytorch,2024-11-01,closed,CONTRIBUTOR,a1febba14,1806,10,4,19,
pytorch,pytorch,2024-11-01,closed,CONTRIBUTOR,ab689c736,74,3,7,16,
pytorch,pytorch,2024-11-01,closed,CONTRIBUTOR,ae66f3706,46,3,1,141,
pytorch,pytorch,2024-11-01,closed,CONTRIBUTOR,a3be39839,26,3,1,0,
pytorch,pytorch,2024-11-01,closed,CONTRIBUTOR,a6e3e1227,39,2,1,32,
pytorch,pytorch,2024-11-01,closed,COLLABORATOR,a5dc541f5,69,2,6,23,
pytorch,pytorch,2024-11-01,closed,CONTRIBUTOR,ab9fc4641,177,3,2,23,
pytorch,pytorch,2024-11-01,closed,COLLABORATOR,ae0a18ec6,54,2,1,27,
pytorch,pytorch,2024-11-01,closed,COLLABORATOR,a821316f3,16,1,0,,
pytorch,pytorch,2024-11-01,closed,NONE,af3049b21,38,1,0,,
pytorch,pytorch,2024-11-01,closed,COLLABORATOR,a978a2c3f,5,1,1,224,
pytorch,pytorch,2024-11-01,closed,COLLABORATOR,a0a5ccaf7,26,2,0,,
pytorch,pytorch,2024-12-01,closed,COLLABORATOR,a4dac1560,7,1,1,5,
pytorch,pytorch,2024-12-01,closed,CONTRIBUTOR,af46aca0f,45,2,1,89,
pytorch,pytorch,2024-12-01,closed,CONTRIBUTOR,a3b6aa0a0,335,1,5,675,
pytorch,pytorch,2024-12-01,merged,COLLABORATOR,abb677e08,3,1,1,63,63
pytorch,pytorch,2024-12-01,closed,COLLABORATOR,aeac7bc7f,15,1,0,,
pytorch,pytorch,2024-12-01,closed,COLLABORATOR,aeac7bc7f,43,1,1,1165,
pytorch,pytorch,2024-12-01,closed,CONTRIBUTOR,a9dd2e3c0,30,2,1,19,
pytorch,pytorch,2024-12-01,closed,CONTRIBUTOR,ae13b2e40,7,1,2,0,
pytorch,pytorch,2024-12-01,closed,CONTRIBUTOR,ad1b2f518,14,2,2,0,
pytorch,pytorch,2024-12-01,closed,CONTRIBUTOR,ae13b2e40,3,1,1,0,
pytorch,pytorch,2024-12-01,closed,CONTRIBUTOR,a05331277,156,2,11,9,
pytorch,pytorch,2024-12-01,closed,COLLABORATOR,ab3e923f8,89,2,6,42,
pytorch,pytorch,2024-12-01,closed,CONTRIBUTOR,add189f6d,3,1,1,2,
pytorch,pytorch,2024-12-01,closed,CONTRIBUTOR,ae13b2e40,6,1,0,,
pytorch,pytorch,2024-12-01,closed,COLLABORATOR,a9e5e9c6e,4,1,1,380,
pytorch,pytorch,2024-12-01,closed,CONTRIBUTOR,ae13b2e40,8,1,2,3,
pytorch,pytorch,2024-12-01,closed,COLLABORATOR,ae25f14a4,2,1,1,48,
pytorch,pytorch,2024-12-01,closed,CONTRIBUTOR,a76060dbc,92,3,1,2,
pytorch,pytorch,2024-12-01,closed,CONTRIBUTOR,a73b095db,63,2,1,0,
pytorch,pytorch,2024-12-01,closed,CONTRIBUTOR,a56222d4e,121,2,0,,
pytorch,pytorch,2024-12-01,closed,CONTRIBUTOR,a09c29be5,268,3,6,0,
pytorch,pytorch,2024-12-01,closed,CONTRIBUTOR,a73b095db,19,4,5,0,
pytorch,pytorch,2024-12-01,closed,CONTRIBUTOR,a18c03ea5,145,5,2,0,
pytorch,pytorch,2024-12-01,closed,COLLABORATOR,a18a2143e,12,1,1,1,
pytorch,pytorch,2024-12-01,closed,CONTRIBUTOR,a95a7bc64,93,5,2,76,
pytorch,pytorch,2024-12-01,closed,CONTRIBUTOR,a4b5365a5,32,2,1,79,
pytorch,pytorch,2024-12-01,closed,CONTRIBUTOR,a8771ec62,196,2,1,142,
pytorch,pytorch,2024-12-01,closed,CONTRIBUTOR,add189f6d,3,2,0,,
pytorch,pytorch,2024-12-01,closed,CONTRIBUTOR,a18c03ea5,53,2,3,816,
pytorch,pytorch,2024-12-01,closed,COLLABORATOR,aaee1c0cd,87,2,5,2,
pytorch,pytorch,2024-12-01,closed,CONTRIBUTOR,a4b5365a5,14,3,1,20,
pytorch,pytorch,2024-12-01,closed,CONTRIBUTOR,a8e8e27a7,89,3,1,2,
pytorch,pytorch,2024-12-01,closed,COLLABORATOR,aeac7bc7f,3,1,1,684,
pytorch,pytorch,2024-12-01,closed,CONTRIBUTOR,a8fbb72bd,29,2,2,217,
pytorch,pytorch,2024-12-01,closed,CONTRIBUTOR,ae66f3706,112,2,3,78,
pytorch,pytorch,2024-12-01,closed,CONTRIBUTOR,a4a414edc,37,2,3,76,
pytorch,pytorch,2024-12-01,closed,CONTRIBUTOR,af0d424f2,3,2,4,11,
pytorch,pytorch,2024-12-01,closed,CONTRIBUTOR,a7d280a41,797,4,3,109,
pytorch,pytorch,2024-12-01,closed,CONTRIBUTOR,a94cbb390,114,5,1,16,
pytorch,pytorch,2024-12-01,closed,CONTRIBUTOR,add189f6d,5,1,1,2,
pytorch,pytorch,2024-12-01,closed,CONTRIBUTOR,ab754d804,6,1,2,0,
pytorch,pytorch,2024-12-01,closed,CONTRIBUTOR,a41b2e0a2,22,2,1,1,
pytorch,pytorch,2024-12-01,closed,CONTRIBUTOR,ae13b2e40,21,1,5,1,
pytorch,pytorch,2024-12-01,closed,CONTRIBUTOR,ae13b2e40,3,1,3,0,
pytorch,pytorch,2024-12-01,closed,COLLABORATOR,a9e5e9c6e,270,25,15,145,
pytorch,pytorch,2024-12-01,closed,COLLABORATOR,aeba75f66,428,7,9,232,
pytorch,pytorch,2024-12-01,closed,CONTRIBUTOR,add189f6d,16,2,4,13,
pytorch,pytorch,2024-12-01,closed,COLLABORATOR,a96e79d8e,134,4,7,79,
pytorch,pytorch,2024-12-01,merged,COLLABORATOR,a1674399b,58,5,1,1,1
pytorch,pytorch,2024-12-01,closed,CONTRIBUTOR,ae13b2e40,2,1,1,0,
pytorch,pytorch,2024-12-01,closed,CONTRIBUTOR,a73b095db,40,2,6,0,
pytorch,pytorch,2024-12-01,closed,COLLABORATOR,a597022dd,165,3,2,17,
pytorch,pytorch,2024-12-01,closed,CONTRIBUTOR,a619ab9b4,2,1,1,0,
pytorch,pytorch,2024-12-01,closed,COLLABORATOR,aeac7bc7f,2,1,1,1,
pytorch,pytorch,2024-12-01,closed,COLLABORATOR,a0684f932,2,1,1,0,
pytorch,pytorch,2024-12-01,closed,CONTRIBUTOR,a94cbb390,93,1,1,39,
pytorch,pytorch,2024-12-01,closed,CONTRIBUTOR,a94cbb390,227,5,1,15,
pytorch,pytorch,2024-12-01,merged,COLLABORATOR,a0a5ccaf7,2,1,1,68,68
pytorch,pytorch,2024-12-01,closed,COLLABORATOR,a22ea5b25,12,1,4,65,
pytorch,pytorch,2024-12-01,closed,CONTRIBUTOR,a9281e11a,7,1,1,334,
pytorch,pytorch,2024-12-01,closed,COLLABORATOR,ab06db1d7,2,1,1,3,
pytorch,pytorch,2024-12-01,closed,COLLABORATOR,ae25f14a4,2,1,0,,
pytorch,pytorch,2024-12-01,closed,CONTRIBUTOR,aac57cdd0,21,3,9,898,
pytorch,pytorch,2024-12-01,closed,CONTRIBUTOR,a209ce587,8,4,3,10,
pytorch,pytorch,2024-12-01,closed,COLLABORATOR,a978a2c3f,8,1,1,14,
pytorch,pytorch,2024-12-01,closed,COLLABORATOR,aeac7bc7f,81,10,2,39,
pytorch,pytorch,2024-12-01,closed,CONTRIBUTOR,a740472d6,136,19,2,160,
pytorch,pytorch,2024-12-01,closed,CONTRIBUTOR,a0f81004a,73,1,2,405,
pytorch,pytorch,2024-12-01,closed,CONTRIBUTOR,a0887c16b,43,2,2,334,
pytorch,pytorch,2024-12-01,closed,NONE,a07092271,105,3,0,,
pytorch,pytorch,2024-12-01,closed,COLLABORATOR,ae25f14a4,16,2,0,,
pytorch,pytorch,2024-12-01,closed,COLLABORATOR,a1674399b,104,5,6,1,
pytorch,pytorch,2024-12-01,closed,CONTRIBUTOR,ae495c18a,32,1,1,7,
pytorch,pytorch,2024-12-01,closed,CONTRIBUTOR,acde10e71,12,4,3,10,
pytorch,pytorch,2024-12-01,closed,COLLABORATOR,a12cd0aaa,245,3,17,570,
pytorch,pytorch,2024-12-01,closed,MEMBER,a846e2bc0,10,2,1,1,
pytorch,pytorch,2024-12-01,closed,COLLABORATOR,a978a2c3f,879,7,1,12,
pytorch,pytorch,2024-12-01,closed,CONTRIBUTOR,aa238cb0a,38,1,0,,
pytorch,pytorch,2024-12-01,closed,CONTRIBUTOR,aa238cb0a,38,1,1,0,
pytorch,pytorch,2024-12-01,closed,CONTRIBUTOR,a554ec844,4,1,1,0,
pytorch,pytorch,2024-12-01,closed,CONTRIBUTOR,a930bd28c,33,2,1,484,
pytorch,pytorch,2024-12-01,merged,MEMBER,a846e2bc0,4,2,3,0,1
pytorch,pytorch,2024-12-01,closed,COLLABORATOR,aeba75f66,57,2,5,17,
pytorch,pytorch,2024-12-01,closed,CONTRIBUTOR,a6c8c07a8,1,1,2,1,
pytorch,pytorch,2024-12-01,closed,CONTRIBUTOR,aeab82720,24,1,1,22,
pytorch,pytorch,2024-12-01,closed,CONTRIBUTOR,a41334601,1,1,1,0,
pytorch,pytorch,2024-12-01,open,CONTRIBUTOR,a10ecd6de,16,1,2,14827,
pytorch,pytorch,2024-12-01,merged,COLLABORATOR,abb677e08,821,4,1,0,0
pytorch,pytorch,2024-12-01,closed,CONTRIBUTOR,add189f6d,119,3,4,0,
pytorch,pytorch,2024-12-01,closed,COLLABORATOR,a6c95b819,2,1,2,8,
pytorch,pytorch,2024-12-01,closed,NONE,a64d64f94,45,3,0,,
pytorch,pytorch,2024-12-01,closed,COLLABORATOR,af5bc3743,2,1,4,16,
pytorch,pytorch,2024-12-01,closed,CONTRIBUTOR,a76060dbc,295,5,2,1147,
pytorch,pytorch,2024-12-01,closed,CONTRIBUTOR,a6930a452,1500,4,3,96,
pytorch,pytorch,2024-12-01,closed,CONTRIBUTOR,ae13b2e40,2,1,0,,
pytorch,pytorch,2024-12-01,closed,CONTRIBUTOR,a917f63cc,262,5,0,,
pytorch,pytorch,2024-12-01,closed,COLLABORATOR,a8fb04369,109,1,1,0,
pytorch,pytorch,2024-12-01,closed,CONTRIBUTOR,a8d482f18,13,3,1,29,
pytorch,pytorch,2024-12-01,closed,COLLABORATOR,a821316f3,5,2,0,,
pytorch,pytorch,2024-12-01,closed,COLLABORATOR,a075d3ab3,34,1,1,24,
pytorch,pytorch,2024-12-01,closed,CONTRIBUTOR,addd91fa3,485,2,1,23,
pytorch,pytorch,2024-12-01,closed,CONTRIBUTOR,a88e29b73,4,2,1,36,
pytorch,pytorch,2024-12-01,closed,CONTRIBUTOR,a76060dbc,208,4,5,40,
pytorch,pytorch,2024-12-01,closed,CONTRIBUTOR,a6002df3d,175,2,3,19,
pytorch,pytorch,2024-12-01,closed,CONTRIBUTOR,aa8d2fcec,606,3,4,1,
pytorch,pytorch,2024-12-01,closed,COLLABORATOR,afcac5ef0,123,7,0,,
pytorch,pytorch,2024-12-01,closed,MEMBER,a1a5a17e0,2,1,1,0,
pytorch,pytorch,2024-12-01,closed,CONTRIBUTOR,a6e3e1227,327,8,1,25,
pytorch,pytorch,2024-12-01,closed,CONTRIBUTOR,a6e3e1227,58,2,1,17,
pytorch,pytorch,2024-12-01,closed,COLLABORATOR,abfbbfb4a,56,3,5,305,
pytorch,pytorch,2024-12-01,closed,MEMBER,a846e2bc0,1,1,2,10,
pytorch,pytorch,2024-12-01,closed,COLLABORATOR,aeac7bc7f,339,46,0,,
pytorch,pytorch,2024-12-01,closed,CONTRIBUTOR,a83890a7a,15,3,3,47,
pytorch,pytorch,2024-12-01,closed,CONTRIBUTOR,a1febba14,27,2,4,94,
pytorch,pytorch,2024-12-01,closed,CONTRIBUTOR,ad5417e63,34,3,0,,
pytorch,pytorch,2024-12-01,closed,COLLABORATOR,afcac5ef0,2268,13,2,1,
pytorch,pytorch,2024-12-01,closed,CONTRIBUTOR,abd4fe483,323,4,5,73,
pytorch,pytorch,2024-12-01,closed,CONTRIBUTOR,abd4fe483,97,3,3,21,
pytorch,pytorch,2024-12-01,closed,CONTRIBUTOR,a99016e2f,165,10,2,55,
pytorch,pytorch,2024-12-01,closed,COLLABORATOR,aeba75f66,1913,6,0,,
pytorch,pytorch,2024-12-01,closed,CONTRIBUTOR,a1b5b73c3,22,2,19,68,
pytorch,pytorch,2024-12-01,closed,CONTRIBUTOR,a99016e2f,78,10,2,4,
pytorch,pytorch,2024-12-01,closed,COLLABORATOR,a4a245b6f,4,1,0,,
pytorch,pytorch,2024-12-01,closed,COLLABORATOR,aeac7bc7f,8,2,0,,
pytorch,pytorch,2024-12-01,closed,COLLABORATOR,a4a245b6f,2,1,1,0,
pytorch,pytorch,2024-12-01,closed,COLLABORATOR,aeac7bc7f,222,2,2,117,
pytorch,pytorch,2024-12-01,closed,CONTRIBUTOR,a94cbb390,9,1,2,182,
pytorch,pytorch,2024-12-01,closed,COLLABORATOR,aeba75f66,62,16,1,16,
pytorch,pytorch,2024-12-01,closed,CONTRIBUTOR,a76060dbc,31,2,1,4,
pytorch,pytorch,2024-12-01,closed,CONTRIBUTOR,add189f6d,11,1,0,,
pytorch,pytorch,2024-12-01,closed,MEMBER,a846e2bc0,46,1,1,99,
pytorch,pytorch,2024-12-01,closed,CONTRIBUTOR,add189f6d,2,1,1,15,
pytorch,pytorch,2024-12-01,closed,COLLABORATOR,aeac7bc7f,16,2,1,37,
pytorch,pytorch,2024-12-01,closed,CONTRIBUTOR,a7adfea2c,3,1,0,,
pytorch,pytorch,2024-12-01,closed,CONTRIBUTOR,a642039ad,4,1,1,5,
pytorch,pytorch,2024-12-01,closed,CONTRIBUTOR,acde10e71,56,6,1,44,
pytorch,pytorch,2024-12-01,closed,CONTRIBUTOR,a7d863361,0,0,2,58,
pytorch,pytorch,2024-12-01,closed,CONTRIBUTOR,a90cac0b1,63,5,1,292,
pytorch,pytorch,2024-12-01,closed,COLLABORATOR,acd40f187,399,2,19,1,
pytorch,pytorch,2024-12-01,closed,CONTRIBUTOR,ae13b2e40,7,2,0,,
pytorch,pytorch,2024-12-01,closed,COLLABORATOR,aeac7bc7f,168,31,1,15,
pytorch,pytorch,2024-12-01,closed,CONTRIBUTOR,ad04533be,17,1,2,637,
pytorch,pytorch,2024-12-01,closed,CONTRIBUTOR,a4a1dfc6c,22,2,5,3,
pytorch,pytorch,2024-12-01,closed,CONTRIBUTOR,aeab82720,3,1,0,,
pytorch,pytorch,2024-12-01,closed,COLLABORATOR,aaee1c0cd,436,3,0,,
pytorch,pytorch,2024-12-01,closed,CONTRIBUTOR,a642039ad,39,2,1,147,
pytorch,pytorch,2024-12-01,closed,CONTRIBUTOR,a9328cabf,44,1,1,4,
pytorch,pytorch,2024-12-01,closed,CONTRIBUTOR,a0f81004a,124,6,1,44,
pytorch,pytorch,2024-12-01,closed,CONTRIBUTOR,affa1f180,7,1,1,19,
pytorch,pytorch,2024-12-01,closed,CONTRIBUTOR,affa1f180,68,2,2,19,
pytorch,pytorch,2024-12-01,closed,CONTRIBUTOR,ab028fbf6,2,1,1,2,
pytorch,pytorch,2024-12-01,closed,COLLABORATOR,aeac7bc7f,8623,18,1,22,
pytorch,pytorch,2024-12-01,closed,CONTRIBUTOR,a6c8c07a8,234,7,0,,
pytorch,pytorch,2024-12-01,closed,CONTRIBUTOR,a6e3e1227,66,2,1,0,
pytorch,pytorch,2024-12-01,closed,NONE,a79a90872,35,2,1,9,
pytorch,pytorch,2024-12-01,closed,CONTRIBUTOR,a642039ad,3,1,0,,
pytorch,pytorch,2024-12-01,closed,CONTRIBUTOR,ae13b2e40,47,1,1,0,
pytorch,pytorch,2024-12-01,closed,NONE,a3203fcdc,408,2,1,697,
pytorch,pytorch,2024-12-01,closed,CONTRIBUTOR,ae13b2e40,100,2,2,73,
pytorch,pytorch,2024-12-01,closed,CONTRIBUTOR,afb62a5b9,44,3,1,12,
pytorch,pytorch,2024-12-01,closed,COLLABORATOR,a55982b43,52,1,14,114,
pytorch,pytorch,2024-12-01,closed,COLLABORATOR,aeac7bc7f,30,1,1,2,
pytorch,pytorch,2024-12-01,closed,COLLABORATOR,aab0b0a28,102,3,0,,
pytorch,pytorch,2025-01-01,closed,CONTRIBUTOR,ae13b2e40,22,1,3,0,
pytorch,pytorch,2025-01-01,closed,COLLABORATOR,a9e5e9c6e,22,2,1,46,
pytorch,pytorch,2025-01-01,closed,COLLABORATOR,a438dfc5e,91,2,0,,
pytorch,pytorch,2025-01-01,closed,COLLABORATOR,ab6cb35e7,4,2,2,22,
pytorch,pytorch,2025-01-01,closed,CONTRIBUTOR,a6930a452,45,3,0,,
pytorch,pytorch,2025-01-01,closed,COLLABORATOR,ab6cb35e7,15,2,1,30,
pytorch,pytorch,2025-01-01,closed,CONTRIBUTOR,aa238cb0a,49,2,8,0,
pytorch,pytorch,2025-01-01,closed,CONTRIBUTOR,a83890a7a,2,1,2,2,
pytorch,pytorch,2025-01-01,closed,COLLABORATOR,a0aaba698,98,8,9,23,
pytorch,pytorch,2025-01-01,closed,CONTRIBUTOR,a642039ad,6,1,1,1,
pytorch,pytorch,2025-01-01,closed,COLLABORATOR,a8fc1f349,7,2,2,899,
pytorch,pytorch,2025-01-01,closed,COLLABORATOR,ab3e923f8,3097,7,0,,
pytorch,pytorch,2025-01-01,closed,COLLABORATOR,aec11290e,10710,725,7,39,
pytorch,pytorch,2025-01-01,closed,MEMBER,ac8033d42,14,2,2,0,
pytorch,pytorch,2025-01-01,closed,COLLABORATOR,aeac7bc7f,21,3,1,64,
pytorch,pytorch,2025-01-01,merged,COLLABORATOR,abb677e08,5,1,1,0,0
pytorch,pytorch,2025-01-01,closed,CONTRIBUTOR,affa1f180,66,5,0,,
pytorch,pytorch,2025-01-01,closed,COLLABORATOR,a9e5e9c6e,126,7,4,121,
pytorch,pytorch,2025-01-01,closed,CONTRIBUTOR,a295aa443,1623,1,0,,
pytorch,pytorch,2025-01-01,closed,COLLABORATOR,aec11290e,5,1,10,1,
pytorch,pytorch,2025-01-01,closed,CONTRIBUTOR,a6e3e1227,264,8,0,,
pytorch,pytorch,2025-01-01,closed,NONE,ae929a571,3,1,2,5,
pytorch,pytorch,2025-01-01,closed,CONTRIBUTOR,a642039ad,13,1,4,13,
pytorch,pytorch,2025-01-01,closed,MEMBER,ac8033d42,35,1,2,0,
pytorch,pytorch,2025-01-01,closed,CONTRIBUTOR,ab028fbf6,2,1,3,0,
pytorch,pytorch,2025-01-01,closed,CONTRIBUTOR,a740472d6,220,9,5,91,
pytorch,pytorch,2025-01-01,closed,CONTRIBUTOR,aa0a5573a,25,2,2,19,
pytorch,pytorch,2025-01-01,closed,MEMBER,ac8033d42,20,1,2,0,
pytorch,pytorch,2025-01-01,closed,NONE,aa10917a0,10,2,1,106,
pytorch,pytorch,2025-01-01,closed,CONTRIBUTOR,a83890a7a,20,1,2,13,
pytorch,pytorch,2025-01-01,closed,CONTRIBUTOR,a41334601,2,1,0,,
pytorch,pytorch,2025-01-01,closed,CONTRIBUTOR,affa1f180,46,2,4,13,
pytorch,pytorch,2025-01-01,closed,MEMBER,a82fe44ad,18,2,1,14,
pytorch,pytorch,2025-01-01,closed,CONTRIBUTOR,a740472d6,16,2,2,0,
pytorch,pytorch,2025-01-01,closed,CONTRIBUTOR,a30d1efd6,5,1,2,1,
pytorch,pytorch,2025-01-01,closed,CONTRIBUTOR,a73b095db,643,3,11,0,
pytorch,pytorch,2025-01-01,closed,NONE,aa0e30416,63,5,0,,
pytorch,pytorch,2025-01-01,closed,CONTRIBUTOR,a41334601,13,3,1,12,
pytorch,pytorch,2025-01-01,closed,CONTRIBUTOR,affa1f180,287,11,1,110,
pytorch,pytorch,2025-01-01,closed,COLLABORATOR,a8fe8a171,2,1,1,17,
pytorch,pytorch,2025-01-01,closed,CONTRIBUTOR,a802cc9b6,44,2,9,4,
pytorch,pytorch,2025-01-01,closed,CONTRIBUTOR,a868cfe77,64,3,3,4,
pytorch,pytorch,2025-01-01,closed,CONTRIBUTOR,a05331277,71,2,4,0,
pytorch,pytorch,2025-01-01,closed,CONTRIBUTOR,aa238cb0a,6,2,5,0,
pytorch,pytorch,2025-01-01,closed,COLLABORATOR,aafa76c3d,142,6,11,59,
pytorch,pytorch,2025-01-01,closed,CONTRIBUTOR,aa90b6f9e,50,6,0,,
pytorch,pytorch,2025-01-01,closed,COLLABORATOR,aafa76c3d,50,6,22,24,
pytorch,pytorch,2025-01-01,closed,CONTRIBUTOR,affa1f180,1039,34,1,36,
pytorch,pytorch,2025-01-01,closed,COLLABORATOR,a5ac668f6,883,7,7,529,
pytorch,pytorch,2025-01-01,closed,CONTRIBUTOR,affa1f180,1900,146,1,46,
pytorch,pytorch,2025-01-01,closed,CONTRIBUTOR,affa1f180,359,41,1,7,
pytorch,pytorch,2025-01-01,closed,COLLABORATOR,a4a245b6f,638,10,0,,
pytorch,pytorch,2025-01-01,closed,COLLABORATOR,a01eff35b,8,1,0,,
pytorch,pytorch,2025-01-01,closed,CONTRIBUTOR,a80310c1f,261,1,0,,
pytorch,pytorch,2025-01-01,closed,CONTRIBUTOR,af46d2248,52,2,1,17,
pytorch,pytorch,2025-01-01,closed,CONTRIBUTOR,a3b6aa0a0,71,4,0,,
pytorch,pytorch,2025-01-01,closed,CONTRIBUTOR,a1eb0cd02,28,1,0,,
pytorch,pytorch,2025-01-01,closed,CONTRIBUTOR,a15fd419a,682,12,1,72,
pytorch,pytorch,2025-01-01,closed,CONTRIBUTOR,afb62a5b9,365,2,1,1,
pytorch,pytorch,2025-01-01,closed,COLLABORATOR,a02fee006,4,1,3,147,
pytorch,pytorch,2025-01-01,closed,CONTRIBUTOR,a642039ad,2,1,1,0,
pytorch,pytorch,2025-01-01,closed,COLLABORATOR,a4a245b6f,1,1,4,3,
pytorch,pytorch,2025-01-01,closed,NONE,a1dda0c1f,4,1,1,106,
pytorch,pytorch,2025-01-01,closed,CONTRIBUTOR,ab028fbf6,405,7,2,0,
pytorch,pytorch,2025-01-01,closed,CONTRIBUTOR,add189f6d,2,1,2,0,
pytorch,pytorch,2025-01-01,closed,CONTRIBUTOR,aacdfa15d,21,1,1,0,
pytorch,pytorch,2025-01-01,closed,CONTRIBUTOR,aa238cb0a,27,2,1,0,
pytorch,pytorch,2025-01-01,closed,CONTRIBUTOR,a5841c1df,14,2,4,8,
pytorch,pytorch,2025-01-01,closed,COLLABORATOR,a8fb04369,198,6,1,468,
pytorch,pytorch,2025-01-01,closed,COLLABORATOR,a9e5e9c6e,194,6,1,189,
pytorch,pytorch,2025-01-01,closed,COLLABORATOR,a18a2143e,17,2,1,0,
pytorch,pytorch,2025-01-01,closed,CONTRIBUTOR,ab028fbf6,378,27,1,0,
pytorch,pytorch,2025-01-01,closed,CONTRIBUTOR,a6e3e1227,51,4,2,3,
pytorch,pytorch,2025-01-01,closed,NONE,a658c284e,1,1,0,,
pytorch,pytorch,2025-01-01,closed,CONTRIBUTOR,a2b9daf2e,4,2,1,510,
pytorch,pytorch,2025-01-01,closed,CONTRIBUTOR,ab2ece173,37,2,2,14,
pytorch,pytorch,2025-01-01,closed,CONTRIBUTOR,a1eb0cd02,20,1,1,42,
pytorch,pytorch,2025-01-01,closed,CONTRIBUTOR,add189f6d,5,2,1,0,
pytorch,pytorch,2025-01-01,closed,COLLABORATOR,a978a2c3f,13,3,0,,
pytorch,pytorch,2025-01-01,merged,COLLABORATOR,abb677e08,18,1,1,16,16
pytorch,pytorch,2025-01-01,closed,COLLABORATOR,a1674399b,28,1,1,0,
pytorch,pytorch,2025-01-01,closed,COLLABORATOR,ae0a18ec6,20,1,3,21,
pytorch,pytorch,2025-01-01,closed,CONTRIBUTOR,a5841c1df,17,2,2,172,
pytorch,pytorch,2025-01-01,closed,CONTRIBUTOR,a3cb3376b,137,6,2,983,
pytorch,pytorch,2025-01-01,closed,CONTRIBUTOR,aa22d9d8a,37,1,1,59,
pytorch,pytorch,2025-01-01,closed,CONTRIBUTOR,a642039ad,2,1,4,1,
pytorch,pytorch,2025-01-01,closed,CONTRIBUTOR,a1eb0cd02,2,1,1,15,
pytorch,pytorch,2025-01-01,closed,COLLABORATOR,a8fc1f349,59,2,11,840,
pytorch,pytorch,2025-01-01,closed,CONTRIBUTOR,a8771ec62,26,1,0,,
pytorch,pytorch,2025-01-01,closed,CONTRIBUTOR,a83890a7a,2,1,2,0,
pytorch,pytorch,2025-01-01,closed,CONTRIBUTOR,af188d2fd,46,2,3,0,
pytorch,pytorch,2025-01-01,closed,MEMBER,a846e2bc0,117,6,0,,
pytorch,pytorch,2025-01-01,closed,CONTRIBUTOR,aeab82720,7,2,3,23,
pytorch,pytorch,2025-01-01,closed,CONTRIBUTOR,add189f6d,121,3,1,0,
pytorch,pytorch,2025-01-01,closed,COLLABORATOR,a978a2c3f,2,1,0,,
pytorch,pytorch,2025-01-01,closed,CONTRIBUTOR,a94cbb390,29,1,9,6,
pytorch,pytorch,2025-01-01,closed,COLLABORATOR,aeac7bc7f,291,43,2,57,
pytorch,pytorch,2025-01-01,closed,CONTRIBUTOR,add304bc0,8805,43,8,2,
pytorch,pytorch,2025-01-01,closed,CONTRIBUTOR,aeab82720,27,3,1,23,
pytorch,pytorch,2025-01-01,closed,CONTRIBUTOR,a73b095db,32,2,1,5,
pytorch,pytorch,2025-01-01,closed,CONTRIBUTOR,a9c2dad37,9,3,5,0,
pytorch,pytorch,2025-01-01,closed,CONTRIBUTOR,add189f6d,48,3,1,0,
pytorch,pytorch,2025-01-01,closed,COLLABORATOR,a01eff35b,968,65,1,4998,
pytorch,pytorch,2025-01-01,closed,COLLABORATOR,a01eff35b,2111,88,1,31,
pytorch,pytorch,2025-01-01,closed,COLLABORATOR,a438dfc5e,4,2,1,87,
pytorch,pytorch,2025-01-01,closed,CONTRIBUTOR,a1eb0cd02,12,2,4,9,
pytorch,pytorch,2025-01-01,closed,CONTRIBUTOR,a9abd153a,77,5,6,0,
pytorch,pytorch,2025-01-01,closed,CONTRIBUTOR,a18c03ea5,5,2,1,0,
pytorch,pytorch,2025-01-01,closed,CONTRIBUTOR,add189f6d,2,2,2,16,
pytorch,pytorch,2025-01-01,closed,CONTRIBUTOR,a56222d4e,71,1,0,,
pytorch,pytorch,2025-01-01,merged,COLLABORATOR,abb677e08,7,1,1,18,18
pytorch,pytorch,2025-01-01,closed,CONTRIBUTOR,ab028fbf6,7,1,4,0,
pytorch,pytorch,2025-01-01,closed,COLLABORATOR,a55d2cdc8,10,1,1,1,
pytorch,pytorch,2025-01-01,closed,COLLABORATOR,a597022dd,18,3,2,2030,
pytorch,pytorch,2025-01-01,closed,COLLABORATOR,af5bc3743,4,1,1,22,
pytorch,pytorch,2025-01-01,closed,CONTRIBUTOR,a1eb0cd02,17,2,0,,
pytorch,pytorch,2025-01-01,closed,CONTRIBUTOR,ae05dec79,4,1,1,1,
pytorch,pytorch,2025-01-01,closed,COLLABORATOR,a597022dd,15,2,6,3,
pytorch,pytorch,2025-01-01,closed,COLLABORATOR,a0a5ccaf7,69,1,12,0,
pytorch,pytorch,2025-01-01,closed,CONTRIBUTOR,add189f6d,40,3,2,0,
pytorch,pytorch,2025-01-01,closed,COLLABORATOR,a02a2a466,320,4,2,171,
pytorch,pytorch,2025-01-01,closed,CONTRIBUTOR,acde10e71,2,1,1,1,
pytorch,pytorch,2025-01-01,closed,CONTRIBUTOR,a56222d4e,108,2,1,209,
pytorch,pytorch,2025-01-01,closed,CONTRIBUTOR,a468a7f64,12,1,1,17,
pytorch,pytorch,2025-01-01,closed,CONTRIBUTOR,a4a1dfc6c,6,3,1,454,
pytorch,pytorch,2025-01-01,closed,COLLABORATOR,a55d2cdc8,4,1,1,0,
pytorch,pytorch,2025-01-01,closed,NONE,a987cbfff,4,2,1,52,
pytorch,pytorch,2025-01-01,closed,CONTRIBUTOR,ae13b2e40,262,26,2,76,
pytorch,pytorch,2025-01-01,closed,CONTRIBUTOR,ae13b2e40,63,2,1,2,
pytorch,pytorch,2025-01-01,closed,CONTRIBUTOR,add189f6d,33,2,1,0,
pytorch,pytorch,2025-01-01,closed,COLLABORATOR,aeba75f66,24,3,1,12,
pytorch,pytorch,2025-01-01,closed,CONTRIBUTOR,a740472d6,11,3,1,40,
pytorch,pytorch,2025-01-01,closed,CONTRIBUTOR,a493381c8,89,2,3,24,
pytorch,pytorch,2025-01-01,closed,CONTRIBUTOR,a24f83fbf,2,1,1,0,
pytorch,pytorch,2025-01-01,closed,COLLABORATOR,a438dfc5e,403,5,18,138,
pytorch,pytorch,2025-01-01,closed,COLLABORATOR,aeac7bc7f,159,5,1,0,
pytorch,pytorch,2025-01-01,closed,CONTRIBUTOR,add189f6d,19,2,2,3,
pytorch,pytorch,2025-01-01,closed,CONTRIBUTOR,add189f6d,3,2,1,1,
pytorch,pytorch,2025-01-01,closed,CONTRIBUTOR,affa1f180,508,43,9,0,
pytorch,pytorch,2025-01-01,closed,COLLABORATOR,a1344c2e3,17,2,2,13,
pytorch,pytorch,2025-01-01,closed,CONTRIBUTOR,a41334601,270,6,2,0,
pytorch,pytorch,2025-01-01,closed,MEMBER,a82fe44ad,34,2,3,0,
pytorch,pytorch,2025-01-01,closed,CONTRIBUTOR,ae13b2e40,15,1,1,1,
pytorch,pytorch,2025-01-01,closed,CONTRIBUTOR,aeab82720,15,1,2,3,
pytorch,pytorch,2025-01-01,closed,CONTRIBUTOR,add189f6d,13,3,2,1,
pytorch,pytorch,2025-01-01,closed,CONTRIBUTOR,abc9e182c,176,6,0,,
pytorch,pytorch,2025-01-01,closed,CONTRIBUTOR,add189f6d,10,2,1,15,
pytorch,pytorch,2025-01-01,closed,CONTRIBUTOR,add189f6d,2,1,1,23,
pytorch,pytorch,2025-01-01,closed,CONTRIBUTOR,ad1b2f518,24,2,2,1,
pytorch,pytorch,2025-01-01,closed,MEMBER,ac8033d42,142,2,3,13,
pytorch,pytorch,2025-01-01,closed,CONTRIBUTOR,af188d2fd,19,2,3,68,
pytorch,pytorch,2025-01-01,closed,CONTRIBUTOR,a930bd28c,90,5,3,68,
pytorch,pytorch,2025-01-01,closed,CONTRIBUTOR,add189f6d,32,8,1,0,
pytorch,pytorch,2025-01-01,closed,CONTRIBUTOR,a6e3e1227,51,4,1,4,
pytorch,pytorch,2025-01-01,closed,CONTRIBUTOR,add189f6d,99,5,1,2167,
pytorch,pytorch,2025-01-01,closed,CONTRIBUTOR,a56222d4e,109,5,3,152,
pytorch,pytorch,2025-01-01,closed,CONTRIBUTOR,affa1f180,1172,10,5,179,
pytorch,pytorch,2025-01-01,closed,COLLABORATOR,aeac7bc7f,13,4,0,,
pytorch,pytorch,2025-01-01,closed,CONTRIBUTOR,a7f3332bd,15,1,1,2,
pytorch,pytorch,2025-01-01,closed,CONTRIBUTOR,a18c03ea5,11,2,1,18,
pytorch,pytorch,2025-01-01,closed,COLLABORATOR,a8b0d2ff6,24,3,1,672,
pytorch,pytorch,2025-01-01,closed,CONTRIBUTOR,a8d482f18,5,2,3,4,
pytorch,pytorch,2025-01-01,closed,CONTRIBUTOR,add189f6d,12,2,2,0,
pytorch,pytorch,2025-01-01,closed,CONTRIBUTOR,a740472d6,88,3,2,73,
pytorch,pytorch,2025-01-01,closed,CONTRIBUTOR,a740472d6,51,5,1,52,
pytorch,pytorch,2025-01-01,closed,CONTRIBUTOR,a415e187b,0,0,2,0,
pytorch,pytorch,2025-01-01,closed,CONTRIBUTOR,a9dd2e3c0,4,1,1,0,
pytorch,pytorch,2025-01-01,closed,COLLABORATOR,a72e5ee0e,17,2,3,2,
pytorch,pytorch,2025-01-01,closed,COLLABORATOR,a8fe8a171,2,1,5,29,
pytorch,pytorch,2025-01-01,closed,CONTRIBUTOR,afb62a5b9,77,4,1,1,
pytorch,pytorch,2025-01-01,merged,COLLABORATOR,aab0b0a28,655,1,0,,2
pytorch,pytorch,2025-01-01,closed,COLLABORATOR,ac8c0369e,92,6,0,,
pytorch,pytorch,2025-01-01,closed,CONTRIBUTOR,a740472d6,1,1,1,12,
pytorch,pytorch,2025-01-01,closed,CONTRIBUTOR,a740472d6,62,2,1,3,
pytorch,pytorch,2025-01-01,closed,CONTRIBUTOR,add189f6d,4,1,1,0,
pytorch,pytorch,2025-01-01,closed,CONTRIBUTOR,a3be39839,82,2,6,0,
pytorch,pytorch,2025-01-01,closed,COLLABORATOR,ab80641ee,13,2,1,75,
pytorch,pytorch,2025-01-01,closed,COLLABORATOR,a821316f3,4,2,0,,
pytorch,pytorch,2025-01-01,closed,MEMBER,a9c1e4615,4,2,2,2,
pytorch,pytorch,2025-01-01,closed,CONTRIBUTOR,a41334601,1,1,1,12,
pytorch,pytorch,2025-01-01,closed,COLLABORATOR,aeac7bc7f,17,2,1,62,
pytorch,pytorch,2025-01-01,closed,COLLABORATOR,aeac7bc7f,94,1,1,186,
pytorch,pytorch,2025-02-01,closed,COLLABORATOR,abfbbfb4a,26,3,0,,
pytorch,pytorch,2025-02-01,closed,COLLABORATOR,a075d3ab3,21,2,2,3,
pytorch,pytorch,2025-02-01,closed,COLLABORATOR,abfbbfb4a,44,3,0,,
pytorch,pytorch,2025-02-01,closed,COLLABORATOR,abfbbfb4a,44,3,0,,
pytorch,pytorch,2025-02-01,closed,COLLABORATOR,abfbbfb4a,44,3,0,,
pytorch,pytorch,2025-02-01,closed,COLLABORATOR,abfbbfb4a,44,3,0,,
pytorch,pytorch,2025-02-01,closed,COLLABORATOR,abfbbfb4a,44,3,0,,
pytorch,pytorch,2025-02-01,closed,COLLABORATOR,a6ff1690e,3,1,1,45,
pytorch,pytorch,2025-02-01,closed,CONTRIBUTOR,ab2c3d13b,73,3,0,,
pytorch,pytorch,2025-02-01,closed,MEMBER,aeabdc817,2,1,1,42,
pytorch,pytorch,2025-02-01,closed,CONTRIBUTOR,add189f6d,148,4,1,1414,
pytorch,pytorch,2025-02-01,closed,CONTRIBUTOR,add189f6d,4,1,1,5,
pytorch,pytorch,2025-02-01,closed,COLLABORATOR,a01eff35b,22,1,3,0,
pytorch,pytorch,2025-02-01,closed,CONTRIBUTOR,a05331277,157,7,11,26,
pytorch,pytorch,2025-02-01,closed,COLLABORATOR,a72e5ee0e,7,1,1,0,
pytorch,pytorch,2025-02-01,closed,COLLABORATOR,aeac7bc7f,24,5,0,,
pytorch,pytorch,2025-02-01,closed,COLLABORATOR,a4a245b6f,156,6,13,0,
pytorch,pytorch,2025-02-01,closed,COLLABORATOR,a1674399b,195,3,5,28,
pytorch,pytorch,2025-02-01,closed,CONTRIBUTOR,a740472d6,37,2,1,2,
pytorch,pytorch,2025-02-01,closed,CONTRIBUTOR,ae4ac6eaa,1,1,1,18,
pytorch,pytorch,2025-02-01,closed,COLLABORATOR,ab6cb35e7,89,6,1,428,
pytorch,pytorch,2025-02-01,closed,COLLABORATOR,aeac7bc7f,182,8,0,,
pytorch,pytorch,2025-02-01,closed,CONTRIBUTOR,a468a7f64,35,2,1,13,
pytorch,pytorch,2025-02-01,closed,CONTRIBUTOR,a468a7f64,11,2,1,32,
pytorch,pytorch,2025-02-01,closed,MEMBER,ac8033d42,94,1,3,0,
pytorch,pytorch,2025-02-01,closed,COLLABORATOR,aeac7bc7f,12,3,0,,
pytorch,pytorch,2025-02-01,closed,CONTRIBUTOR,af188d2fd,2,1,1,0,
pytorch,pytorch,2025-02-01,closed,COLLABORATOR,aeac7bc7f,14,3,1,79,
pytorch,pytorch,2025-02-01,closed,CONTRIBUTOR,a2e231ad4,177,6,0,,
pytorch,pytorch,2025-02-01,closed,CONTRIBUTOR,a05331277,83,13,1,2434,
pytorch,pytorch,2025-02-01,closed,CONTRIBUTOR,af188d2fd,81,2,1,1,
pytorch,pytorch,2025-02-01,closed,CONTRIBUTOR,a4b5365a5,813,12,53,0,
pytorch,pytorch,2025-02-01,closed,CONTRIBUTOR,a94cbb390,2,1,3,18,
pytorch,pytorch,2025-02-01,closed,COLLABORATOR,ab6cb35e7,403,4,1,17,
pytorch,pytorch,2025-02-01,closed,CONTRIBUTOR,a15fd419a,14,2,5,4,
pytorch,pytorch,2025-02-01,closed,CONTRIBUTOR,add189f6d,34,3,2,1,
pytorch,pytorch,2025-02-01,closed,CONTRIBUTOR,af188d2fd,18,1,2,13,
pytorch,pytorch,2025-02-01,closed,CONTRIBUTOR,a2e231ad4,326,9,13,50,
pytorch,pytorch,2025-02-01,closed,MEMBER,ac8033d42,2,1,2,0,
pytorch,pytorch,2025-02-01,closed,CONTRIBUTOR,add189f6d,3,2,2,0,
pytorch,pytorch,2025-02-01,closed,CONTRIBUTOR,a740472d6,77,3,0,,
pytorch,pytorch,2025-02-01,closed,CONTRIBUTOR,a4a414edc,11,3,2,545,
pytorch,pytorch,2025-02-01,closed,CONTRIBUTOR,a76060dbc,43,2,0,,
pytorch,pytorch,2025-02-01,closed,CONTRIBUTOR,a6ffac12d,2,1,3,534,
pytorch,pytorch,2025-02-01,closed,CONTRIBUTOR,a95a7bc64,158,4,1,2,
pytorch,pytorch,2025-02-01,closed,COLLABORATOR,a5dc541f5,504,9,35,5,
pytorch,pytorch,2025-02-01,closed,COLLABORATOR,a5dc541f5,852,15,16,1302,
pytorch,pytorch,2025-02-01,closed,CONTRIBUTOR,a740472d6,362,12,0,,
pytorch,pytorch,2025-02-01,closed,MEMBER,a3416ea15,13,2,2,0,
pytorch,pytorch,2025-02-01,closed,COLLABORATOR,a72e5ee0e,22,1,1,1324,
pytorch,pytorch,2025-02-01,closed,CONTRIBUTOR,a740472d6,74,8,6,9,
pytorch,pytorch,2025-02-01,closed,MEMBER,af9a90ce4,325,2,6,7,
pytorch,pytorch,2025-02-01,closed,CONTRIBUTOR,a415e187b,105,3,0,,
pytorch,pytorch,2025-02-01,closed,CONTRIBUTOR,a1eb0cd02,88,2,0,,
pytorch,pytorch,2025-02-01,closed,CONTRIBUTOR,a1eb0cd02,2,1,0,,
pytorch,pytorch,2025-02-01,closed,CONTRIBUTOR,a4859b788,5,1,2,679,
pytorch,pytorch,2025-02-01,closed,NONE,aa8955e1c,26,2,8,4,
pytorch,pytorch,2025-02-01,closed,COLLABORATOR,ae25f14a4,1,1,0,,
pytorch,pytorch,2025-02-01,closed,CONTRIBUTOR,abd4fe483,31,2,1,0,
pytorch,pytorch,2025-02-01,closed,COLLABORATOR,ae0a18ec6,271,7,1,20,
pytorch,pytorch,2025-02-01,closed,COLLABORATOR,ab6cb35e7,318,5,1,19,
pytorch,pytorch,2025-02-01,closed,COLLABORATOR,a978a2c3f,8,1,1,11,
pytorch,pytorch,2025-02-01,closed,CONTRIBUTOR,a95a7bc64,1,1,1,0,
pytorch,pytorch,2025-02-01,closed,CONTRIBUTOR,aeab82720,4,1,1,4,
pytorch,pytorch,2025-02-01,closed,COLLABORATOR,aa773f4ff,29,2,2,1,
pytorch,pytorch,2025-02-01,closed,COLLABORATOR,aeba75f66,7,2,11,27,
pytorch,pytorch,2025-02-01,closed,COLLABORATOR,a978a2c3f,6,1,1,276,
pytorch,pytorch,2025-02-01,closed,CONTRIBUTOR,a4a1dfc6c,14,1,1,75,
pytorch,pytorch,2025-02-01,closed,COLLABORATOR,ae76eb135,164,2,2,0,
pytorch,pytorch,2025-02-01,closed,CONTRIBUTOR,a94cbb390,15,3,1,22,
pytorch,pytorch,2025-02-01,closed,CONTRIBUTOR,a209ce587,45,2,9,0,
pytorch,pytorch,2025-02-01,closed,COLLABORATOR,a5ac668f6,322,5,1,234,
pytorch,pytorch,2025-02-01,closed,COLLABORATOR,a5ac668f6,54,4,0,,
pytorch,pytorch,2025-02-01,closed,CONTRIBUTOR,a69a2a0cd,6,1,1,7,
pytorch,pytorch,2025-02-01,closed,CONTRIBUTOR,ab689c736,5,2,0,,
pytorch,pytorch,2025-02-01,closed,CONTRIBUTOR,afb62a5b9,8,1,2,3,
pytorch,pytorch,2025-02-01,closed,CONTRIBUTOR,a18c03ea5,188,5,1,1,
pytorch,pytorch,2025-02-01,closed,CONTRIBUTOR,ab2c3d13b,232,2,3,69,
pytorch,pytorch,2025-02-01,closed,CONTRIBUTOR,a3cb3376b,5,2,6,2,
pytorch,pytorch,2025-02-01,closed,CONTRIBUTOR,a6e3e1227,448,3,0,,
pytorch,pytorch,2025-02-01,closed,CONTRIBUTOR,a95a7bc64,62,2,1,1,
pytorch,pytorch,2025-02-01,closed,CONTRIBUTOR,af46aca0f,173,8,6,47,
pytorch,pytorch,2025-02-01,closed,CONTRIBUTOR,ab028fbf6,22,4,1,1,
pytorch,pytorch,2025-02-01,closed,CONTRIBUTOR,a18c03ea5,39,4,1,46,
pytorch,pytorch,2025-02-01,closed,CONTRIBUTOR,a4ac1cebd,3,1,1,1,
pytorch,pytorch,2025-02-01,closed,CONTRIBUTOR,a18c03ea5,7,1,1,40,
pytorch,pytorch,2025-02-01,closed,CONTRIBUTOR,a4ac1cebd,3,1,2,11,
pytorch,pytorch,2025-02-01,closed,CONTRIBUTOR,a0571e753,218,10,22,44,
pytorch,pytorch,2025-02-01,closed,COLLABORATOR,a01eff35b,72,3,3,14,
pytorch,pytorch,2025-02-01,closed,CONTRIBUTOR,a930bd28c,13,1,4,1,
pytorch,pytorch,2025-02-01,closed,CONTRIBUTOR,afb62a5b9,17,1,0,,
pytorch,pytorch,2025-02-01,closed,COLLABORATOR,a9e5e9c6e,77,6,0,,
pytorch,pytorch,2025-02-01,closed,CONTRIBUTOR,aab967e72,16,2,1,18,
pytorch,pytorch,2025-02-01,closed,CONTRIBUTOR,a1130134e,458,7,15,0,
pytorch,pytorch,2025-02-01,closed,COLLABORATOR,a0684f932,15,3,0,,
pytorch,pytorch,2025-02-01,closed,CONTRIBUTOR,ad1b2f518,91,4,4,2,
pytorch,pytorch,2025-02-01,closed,CONTRIBUTOR,a18c03ea5,33,2,1,7,
pytorch,pytorch,2025-02-01,closed,CONTRIBUTOR,a4b5365a5,108,7,2,0,
pytorch,pytorch,2025-02-01,closed,COLLABORATOR,ad655184d,2,1,1,0,
pytorch,pytorch,2025-02-01,closed,CONTRIBUTOR,add189f6d,5,1,1,1,
pytorch,pytorch,2025-02-01,closed,CONTRIBUTOR,af46aca0f,39,3,4,335,
pytorch,pytorch,2025-02-01,closed,CONTRIBUTOR,a6e3e1227,16,1,2,46,
pytorch,pytorch,2025-02-01,closed,CONTRIBUTOR,a868cfe77,1,1,0,,
pytorch,pytorch,2025-02-01,closed,COLLABORATOR,a01eff35b,56,2,4,0,
pytorch,pytorch,2025-02-01,closed,NONE,affd09c29,16,1,0,,
pytorch,pytorch,2025-02-01,closed,NONE,adaa5d646,133,3,31,460,
pytorch,pytorch,2025-02-01,closed,MEMBER,ac8033d42,11,2,1,2,
pytorch,pytorch,2025-02-01,closed,COLLABORATOR,a8fb04369,4,2,1,0,
pytorch,pytorch,2025-02-01,closed,COLLABORATOR,aaee1c0cd,155,8,2,23,
pytorch,pytorch,2025-02-01,closed,CONTRIBUTOR,a26ab3d57,487,2,0,,
pytorch,pytorch,2025-02-01,closed,CONTRIBUTOR,a0db1f58a,3036,13,1,354,
pytorch,pytorch,2025-02-01,closed,CONTRIBUTOR,ad1b2f518,170,8,9,69,
pytorch,pytorch,2025-02-01,closed,CONTRIBUTOR,a367c1c62,91,2,1,27,
pytorch,pytorch,2025-02-01,closed,MEMBER,a82fe44ad,17,2,1,15,
pytorch,pytorch,2025-02-01,closed,CONTRIBUTOR,a6e3e1227,16,1,1,0,
pytorch,pytorch,2025-02-01,closed,CONTRIBUTOR,a3081d383,195,3,1,17,
pytorch,pytorch,2025-02-01,closed,COLLABORATOR,aeac7bc7f,32,6,1,159,
pytorch,pytorch,2025-02-01,closed,CONTRIBUTOR,a740472d6,30,1,0,,
pytorch,pytorch,2025-02-01,closed,COLLABORATOR,abfbbfb4a,44,3,0,,
pytorch,pytorch,2025-02-01,closed,COLLABORATOR,a8fc1f349,43,2,0,,
pytorch,pytorch,2025-02-01,closed,COLLABORATOR,a100b6782,34,2,0,,
pytorch,pytorch,2025-02-01,closed,CONTRIBUTOR,af188d2fd,79,1,8,116,
pytorch,pytorch,2025-02-01,closed,CONTRIBUTOR,a0571e753,25,2,4,0,
pytorch,pytorch,2025-02-01,closed,CONTRIBUTOR,a6b783616,4,1,2,0,
pytorch,pytorch,2025-02-01,closed,CONTRIBUTOR,a9ac2b73b,4,1,1,0,
pytorch,pytorch,2025-02-01,closed,CONTRIBUTOR,a740472d6,169,8,1,6,
pytorch,pytorch,2025-02-01,closed,CONTRIBUTOR,a554ec844,66,4,2,94,
pytorch,pytorch,2025-02-01,closed,MEMBER,a82fe44ad,649,10,6,167,
pytorch,pytorch,2025-02-01,closed,COLLABORATOR,a8fb04369,27,1,2,140,
pytorch,pytorch,2025-02-01,closed,CONTRIBUTOR,af188d2fd,3,1,0,,
pytorch,pytorch,2025-02-01,closed,CONTRIBUTOR,add189f6d,45,4,1,23,
pytorch,pytorch,2025-02-01,closed,COLLABORATOR,ad655184d,2,1,1,0,
pytorch,pytorch,2025-02-01,closed,COLLABORATOR,aeba75f66,19,2,2,0,
pytorch,pytorch,2025-02-01,closed,COLLABORATOR,a978a2c3f,206,2,1,354,
pytorch,pytorch,2025-02-01,closed,CONTRIBUTOR,a6272c338,70,3,6,4,
pytorch,pytorch,2025-02-01,closed,CONTRIBUTOR,a740472d6,1,1,1,16,
pytorch,pytorch,2025-02-01,closed,COLLABORATOR,a5ac668f6,244,3,0,,
pytorch,pytorch,2025-02-01,closed,COLLABORATOR,a821316f3,4,2,0,,
pytorch,pytorch,2025-02-01,closed,CONTRIBUTOR,ae13b2e40,31,3,16,8,
pytorch,pytorch,2025-02-01,closed,CONTRIBUTOR,ae13b2e40,94,1,1,30,
pytorch,pytorch,2025-02-01,closed,COLLABORATOR,af5bc3743,5,1,2,15,
pytorch,pytorch,2025-02-01,closed,NONE,acbb73b4e,2,1,1,153,
pytorch,pytorch,2025-02-01,closed,COLLABORATOR,a8fc1f349,145,9,0,,
pytorch,pytorch,2025-02-01,closed,CONTRIBUTOR,a1b4d48ea,12,1,0,,
pytorch,pytorch,2025-02-01,closed,COLLABORATOR,ae0a18ec6,139,3,0,,
pytorch,pytorch,2025-02-01,closed,COLLABORATOR,a070022eb,4,2,4,138,
pytorch,pytorch,2025-02-01,closed,MEMBER,a846e2bc0,112,8,11,95,
pytorch,pytorch,2025-02-01,closed,COLLABORATOR,a38c4cfed,6,3,1,0,
pytorch,pytorch,2025-02-01,closed,CONTRIBUTOR,ae13b2e40,278,9,0,,
pytorch,pytorch,2025-02-01,closed,CONTRIBUTOR,a6272c338,2,1,2,4,
pytorch,pytorch,2025-02-01,closed,CONTRIBUTOR,a59bdccc6,82,1,5,110,
pytorch,pytorch,2025-02-01,closed,CONTRIBUTOR,a6e991cda,15,1,0,,
pytorch,pytorch,2025-02-01,closed,CONTRIBUTOR,a6e991cda,10,1,0,,
pytorch,pytorch,2025-02-01,closed,CONTRIBUTOR,affa1f180,10,1,2,0,
pytorch,pytorch,2025-02-01,closed,CONTRIBUTOR,abc9e182c,3,2,2,0,
pytorch,pytorch,2025-02-01,closed,CONTRIBUTOR,a63e53439,52,2,3,13,
pytorch,pytorch,2025-02-01,closed,CONTRIBUTOR,af188d2fd,7,1,2,133,
pytorch,pytorch,2025-02-01,closed,CONTRIBUTOR,a930bd28c,29,2,1,108,
pytorch,pytorch,2025-02-01,closed,CONTRIBUTOR,a76060dbc,57,2,5,1,
pytorch,pytorch,2025-02-01,open,CONTRIBUTOR,aa238cb0a,601,9,2,0,
pytorch,pytorch,2025-02-01,closed,CONTRIBUTOR,ab2ece173,2,1,2,1,
pytorch,pytorch,2025-02-01,closed,CONTRIBUTOR,afb62a5b9,61,4,1,178,
pytorch,pytorch,2025-02-01,closed,CONTRIBUTOR,a9dd2e3c0,39,2,1,0,
pytorch,pytorch,2025-02-01,closed,CONTRIBUTOR,ae13b2e40,2,1,0,,
pytorch,pytorch,2025-02-01,closed,COLLABORATOR,ae25f14a4,27,4,0,,
pytorch,pytorch,2025-02-01,closed,COLLABORATOR,aeac7bc7f,39,11,10,10,
pytorch,pytorch,2025-02-01,closed,CONTRIBUTOR,a65ecafa4,8,1,2,13,
pytorch,pytorch,2025-02-01,closed,COLLABORATOR,a55982b43,2,1,3,85,
pytorch,pytorch,2025-02-01,closed,COLLABORATOR,ae25f14a4,48,5,0,,
pytorch,pytorch,2025-02-01,closed,COLLABORATOR,a55d2cdc8,69,18,13,2,
pytorch,pytorch,2025-02-01,closed,CONTRIBUTOR,aa3881838,6,1,2,74,
pytorch,pytorch,2025-02-01,closed,CONTRIBUTOR,a868cfe77,133,2,1,66,
pytorch,pytorch,2025-02-01,closed,CONTRIBUTOR,a0db1f58a,23,1,3,3,
pytorch,pytorch,2025-02-01,closed,CONTRIBUTOR,af46aca0f,64,4,7,49,
pytorch,pytorch,2025-02-01,closed,CONTRIBUTOR,a4b5365a5,294,10,25,0,
pytorch,pytorch,2025-02-01,closed,NONE,a6812160b,4,1,0,,
pytorch,pytorch,2025-02-01,closed,CONTRIBUTOR,a73a9574e,323,6,0,,
pytorch,pytorch,2025-02-01,closed,MEMBER,a1a5a17e0,154,2,5,0,
pytorch,pytorch,2025-02-01,closed,CONTRIBUTOR,af188d2fd,16,1,3,15,
pytorch,pytorch,2025-03-01,closed,COLLABORATOR,aaee1c0cd,40,2,0,,
pytorch,pytorch,2025-03-01,closed,COLLABORATOR,aeac7bc7f,5,4,1,9,
pytorch,pytorch,2025-03-01,closed,CONTRIBUTOR,ab7c7e41b,1,1,0,,
pytorch,pytorch,2025-03-01,closed,CONTRIBUTOR,ab7c7e41b,18,9,6,0,
pytorch,pytorch,2025-03-01,closed,CONTRIBUTOR,ab1372ce5,2,1,3,18,
pytorch,pytorch,2025-03-01,closed,CONTRIBUTOR,a94cbb390,14,1,3,13,
pytorch,pytorch,2025-03-01,closed,CONTRIBUTOR,a5906420c,1,1,4,43,
pytorch,pytorch,2025-03-01,closed,MEMBER,a82fe44ad,183,17,1,68,
pytorch,pytorch,2025-03-01,closed,CONTRIBUTOR,ab2c3d13b,433,9,17,1224,
pytorch,pytorch,2025-03-01,closed,CONTRIBUTOR,af46aca0f,4,2,0,,
pytorch,pytorch,2025-03-01,closed,COLLABORATOR,ac8c0369e,858,20,19,95,
pytorch,pytorch,2025-03-01,closed,CONTRIBUTOR,a94cbb390,5,2,8,11,
pytorch,pytorch,2025-03-01,closed,CONTRIBUTOR,a4a1dfc6c,2,1,0,,
pytorch,pytorch,2025-03-01,closed,COLLABORATOR,ae0a18ec6,23,5,2,24,
pytorch,pytorch,2025-03-01,closed,COLLABORATOR,ab6cb35e7,4,1,5,0,
pytorch,pytorch,2025-03-01,closed,MEMBER,a1a5a17e0,57,1,3,2,
pytorch,pytorch,2025-03-01,closed,CONTRIBUTOR,add189f6d,31,2,1,0,
pytorch,pytorch,2025-03-01,closed,MEMBER,a82fe44ad,24,3,3,7,
pytorch,pytorch,2025-03-01,closed,COLLABORATOR,ad655184d,2,1,1,0,
pytorch,pytorch,2025-03-01,closed,CONTRIBUTOR,a468a7f64,20,1,1,21,
pytorch,pytorch,2025-03-01,closed,COLLABORATOR,aeac7bc7f,153,28,10,107,
pytorch,pytorch,2025-03-01,closed,CONTRIBUTOR,a5ca1c1ff,284,3,0,,
pytorch,pytorch,2025-03-01,closed,COLLABORATOR,a01eff35b,2533,1,1,28,
pytorch,pytorch,2025-03-01,closed,COLLABORATOR,a9e5e9c6e,375,15,0,,
pytorch,pytorch,2025-03-01,closed,COLLABORATOR,ae0a18ec6,123,5,2,284,
pytorch,pytorch,2025-03-01,closed,COLLABORATOR,a438dfc5e,11,2,1,6,
pytorch,pytorch,2025-03-01,closed,COLLABORATOR,ab6cb35e7,327,16,5,0,
pytorch,pytorch,2025-03-01,closed,COLLABORATOR,abbb34796,57,2,4,1317,
pytorch,pytorch,2025-03-01,closed,CONTRIBUTOR,a5fcac358,4,1,3,15,
pytorch,pytorch,2025-03-01,closed,CONTRIBUTOR,affa1f180,1198,10,1,17,
pytorch,pytorch,2025-03-01,closed,CONTRIBUTOR,a8893e947,8,2,3,22,
pytorch,pytorch,2025-03-01,closed,COLLABORATOR,a01eff35b,23,3,4,0,
pytorch,pytorch,2025-03-01,closed,CONTRIBUTOR,a70909928,54,2,2,3,
pytorch,pytorch,2025-03-01,closed,CONTRIBUTOR,a9dd2e3c0,29,2,3,0,
pytorch,pytorch,2025-03-01,closed,CONTRIBUTOR,ab028fbf6,8,1,2,0,
pytorch,pytorch,2025-03-01,closed,COLLABORATOR,a21df1e70,1,1,2,0,
pytorch,pytorch,2025-03-01,closed,CONTRIBUTOR,add189f6d,3,1,3,0,
pytorch,pytorch,2025-03-01,closed,CONTRIBUTOR,ae66f3706,2,1,0,,
pytorch,pytorch,2025-03-01,closed,CONTRIBUTOR,a06bab993,209,7,4,71,
pytorch,pytorch,2025-03-01,closed,NONE,a88c4ecd7,7,1,1,2085,
pytorch,pytorch,2025-03-01,closed,COLLABORATOR,ae0a18ec6,3,1,2,0,
pytorch,pytorch,2025-03-01,closed,CONTRIBUTOR,abaa46e5f,2,1,1,6,
pytorch,pytorch,2025-03-01,closed,CONTRIBUTOR,aeb6233e8,20,5,19,53,
pytorch,pytorch,2025-03-01,closed,CONTRIBUTOR,ae13b2e40,57,2,5,74,
pytorch,pytorch,2025-03-01,closed,NONE,a8b64ef27,40,2,7,23,
pytorch,pytorch,2025-03-01,closed,COLLABORATOR,a0a5ccaf7,40,4,4,41,
pytorch,pytorch,2025-03-01,closed,CONTRIBUTOR,abc9e182c,213,1,2,22,
pytorch,pytorch,2025-03-01,closed,COLLABORATOR,aa773f4ff,224,6,12,43,
pytorch,pytorch,2025-03-01,closed,CONTRIBUTOR,a740472d6,39,3,1,4,
pytorch,pytorch,2025-03-01,closed,CONTRIBUTOR,ad7ba31c9,41,7,3,12,
pytorch,pytorch,2025-03-01,closed,CONTRIBUTOR,aa0a5573a,869,6,0,,
pytorch,pytorch,2025-03-01,closed,NONE,a45c01d3b,42,1,2,27,
pytorch,pytorch,2025-03-01,closed,CONTRIBUTOR,ab028fbf6,2,1,1,4,
pytorch,pytorch,2025-03-01,closed,CONTRIBUTOR,a740472d6,80,3,4,0,
pytorch,pytorch,2025-03-01,closed,CONTRIBUTOR,ab028fbf6,32,4,1,1,
pytorch,pytorch,2025-03-01,closed,NONE,a4024ac76,19,1,1,501,
pytorch,pytorch,2025-03-01,closed,CONTRIBUTOR,ae66f3706,3,1,1,137,
pytorch,pytorch,2025-03-01,closed,CONTRIBUTOR,a94cbb390,16,1,1,0,
pytorch,pytorch,2025-03-01,closed,CONTRIBUTOR,a187f79d7,11,2,6,6,
pytorch,pytorch,2025-03-01,closed,MEMBER,a82fe44ad,182,2,1,31,
pytorch,pytorch,2025-03-01,closed,MEMBER,a82fe44ad,13,1,0,,
pytorch,pytorch,2025-03-01,closed,CONTRIBUTOR,a740472d6,328,4,16,158,
pytorch,pytorch,2025-03-01,closed,CONTRIBUTOR,a6272c338,12,1,8,120,
pytorch,pytorch,2025-03-01,closed,COLLABORATOR,aeac7bc7f,42,3,1,2302,
pytorch,pytorch,2025-03-01,closed,COLLABORATOR,a01eff35b,18,1,2,2119,
pytorch,pytorch,2025-03-01,closed,CONTRIBUTOR,a3fd57283,108,3,8,3,
pytorch,pytorch,2025-03-01,closed,CONTRIBUTOR,a09d0424b,20,1,2,1,
pytorch,pytorch,2025-03-01,closed,COLLABORATOR,a597022dd,30,1,2,1,
pytorch,pytorch,2025-03-01,closed,CONTRIBUTOR,a73a9574e,351,9,5,26,
pytorch,pytorch,2025-03-01,closed,CONTRIBUTOR,a8e8e27a7,18,3,0,,
pytorch,pytorch,2025-03-01,closed,CONTRIBUTOR,a6b783616,17,1,1,0,
pytorch,pytorch,2025-03-01,closed,CONTRIBUTOR,abc9e182c,3,1,0,,
pytorch,pytorch,2025-03-01,closed,COLLABORATOR,a597022dd,8,1,1,458,
pytorch,pytorch,2025-03-01,closed,MEMBER,a1a5a17e0,6,1,3,0,
pytorch,pytorch,2025-03-01,closed,CONTRIBUTOR,a740472d6,98,2,1,42,
pytorch,pytorch,2025-03-01,closed,CONTRIBUTOR,aa238cb0a,16,2,2,0,
pytorch,pytorch,2025-03-01,closed,COLLABORATOR,a22ea5b25,18,1,3,0,
pytorch,pytorch,2025-03-01,closed,CONTRIBUTOR,a2e231ad4,1004,9,1,0,
pytorch,pytorch,2025-03-01,closed,CONTRIBUTOR,af46aca0f,25,2,1,63,
pytorch,pytorch,2025-03-01,closed,CONTRIBUTOR,a7ef38acc,10,1,2,1,
pytorch,pytorch,2025-03-01,closed,CONTRIBUTOR,a5f955410,14,1,0,,
pytorch,pytorch,2025-03-01,closed,CONTRIBUTOR,a73a9574e,62,1,1,46,
pytorch,pytorch,2025-03-01,closed,CONTRIBUTOR,a8d482f18,11,1,1,0,
pytorch,pytorch,2025-03-01,closed,CONTRIBUTOR,aaf3a5cbc,4,1,1,22,
pytorch,pytorch,2025-03-01,closed,COLLABORATOR,a978a2c3f,78,2,13,1187,
pytorch,pytorch,2025-03-01,closed,CONTRIBUTOR,a7d863361,18,2,2,0,
pytorch,pytorch,2025-03-01,closed,CONTRIBUTOR,aa9ac2ea5,2,1,1,4,
pytorch,pytorch,2025-03-01,closed,COLLABORATOR,a9e5e9c6e,59,2,1,161,
pytorch,pytorch,2025-03-01,closed,COLLABORATOR,ae76eb135,41,2,6,0,
pytorch,pytorch,2025-03-01,closed,CONTRIBUTOR,a785abea7,11,1,0,,
pytorch,pytorch,2025-03-01,closed,COLLABORATOR,aafa76c3d,38,4,4,6,
pytorch,pytorch,2025-03-01,closed,COLLABORATOR,ae0a18ec6,4,1,1,1,
pytorch,pytorch,2025-03-01,closed,CONTRIBUTOR,ae66f3706,66,4,1,239,
pytorch,pytorch,2025-03-01,closed,CONTRIBUTOR,a6930a452,84,4,1,28,
pytorch,pytorch,2025-03-01,closed,CONTRIBUTOR,a35f27e48,2,1,0,,
pytorch,pytorch,2025-03-01,closed,CONTRIBUTOR,aa9ac2ea5,524,7,4,145,
pytorch,pytorch,2025-03-01,closed,CONTRIBUTOR,a554ec844,75,3,5,8,
pytorch,pytorch,2025-03-01,closed,CONTRIBUTOR,a1b4d48ea,432,1,7,355,
pytorch,pytorch,2025-03-01,merged,COLLABORATOR,abb677e08,1,1,1,7,7
pytorch,pytorch,2025-03-01,closed,CONTRIBUTOR,af46aca0f,104,10,1,47,
pytorch,pytorch,2025-03-01,closed,CONTRIBUTOR,a0515557b,2,1,1,4,
pytorch,pytorch,2025-03-01,closed,CONTRIBUTOR,a73a9574e,359,9,2,147,
pytorch,pytorch,2025-03-01,closed,CONTRIBUTOR,add189f6d,3,1,1,42,
pytorch,pytorch,2025-03-01,closed,CONTRIBUTOR,ae13b2e40,21,2,0,,
pytorch,pytorch,2025-03-01,closed,COLLABORATOR,a8fc1f349,13,1,5,112,
pytorch,pytorch,2025-03-01,closed,COLLABORATOR,a978a2c3f,8,1,1,3,
pytorch,pytorch,2025-03-01,merged,CONTRIBUTOR,aacdfa15d,6,3,1,119,119
pytorch,pytorch,2025-03-01,closed,CONTRIBUTOR,a6c990658,4101,171,0,,
pytorch,pytorch,2025-03-01,closed,CONTRIBUTOR,a05331277,242,12,0,,
pytorch,pytorch,2025-03-01,closed,MEMBER,a82fe44ad,202,4,0,,
pytorch,pytorch,2025-03-01,closed,COLLABORATOR,aa773f4ff,13,1,1,1,
pytorch,pytorch,2025-03-01,closed,CONTRIBUTOR,a6930a452,38,2,4,0,
pytorch,pytorch,2025-03-01,closed,CONTRIBUTOR,a740472d6,143,2,2,98,
pytorch,pytorch,2025-03-01,closed,CONTRIBUTOR,a554ec844,9,1,2,96,
pytorch,pytorch,2025-03-01,closed,CONTRIBUTOR,a76060dbc,503,8,27,277,
pytorch,pytorch,2025-03-01,closed,COLLABORATOR,aafa76c3d,204,4,22,1,
pytorch,pytorch,2025-03-01,closed,MEMBER,a82fe44ad,38,3,1,43,
pytorch,pytorch,2025-03-01,closed,CONTRIBUTOR,add189f6d,31,2,1,2,
pytorch,pytorch,2025-03-01,closed,CONTRIBUTOR,add189f6d,48,2,1,2,
pytorch,pytorch,2025-03-01,closed,CONTRIBUTOR,ab1aae63e,107,3,0,,
pytorch,pytorch,2025-03-01,closed,COLLABORATOR,ae0a18ec6,1350,12,2,6,
pytorch,pytorch,2025-03-01,closed,CONTRIBUTOR,a2e231ad4,172,4,13,0,
pytorch,pytorch,2025-03-01,closed,COLLABORATOR,a22ea5b25,2,1,7,1,
pytorch,pytorch,2025-03-01,closed,COLLABORATOR,a6b8ba0fc,2,1,2,35,
pytorch,pytorch,2025-03-01,closed,CONTRIBUTOR,a9290fb9e,27,2,1,49,
pytorch,pytorch,2025-03-01,closed,NONE,a350e56f0,2,1,0,,
pytorch,pytorch,2025-03-01,closed,COLLABORATOR,a02fee006,1550,7,4,1,
pytorch,pytorch,2025-03-01,closed,COLLABORATOR,ae0a18ec6,7389,96,1,23,
pytorch,pytorch,2025-03-01,closed,COLLABORATOR,a4a4c796d,46,2,0,,
pytorch,pytorch,2025-03-01,closed,COLLABORATOR,aed793333,118,10,59,20,
pytorch,pytorch,2025-03-01,closed,CONTRIBUTOR,add189f6d,100,2,2,3,
pytorch,pytorch,2025-03-01,closed,COLLABORATOR,a8fb04369,883,1,2,11,
pytorch,pytorch,2025-03-01,closed,COLLABORATOR,a5f149101,2,1,1,8,
pytorch,pytorch,2025-03-01,closed,CONTRIBUTOR,ae13b2e40,13,1,1,2,
pytorch,pytorch,2025-03-01,closed,NONE,a247f080d,17597,52,0,,
pytorch,pytorch,2025-03-01,closed,CONTRIBUTOR,add189f6d,193,5,1,1,
pytorch,pytorch,2025-03-01,closed,COLLABORATOR,a22ea5b25,26,2,2,1,
pytorch,pytorch,2025-03-01,closed,COLLABORATOR,a72e5ee0e,81,7,1,70,
pytorch,pytorch,2025-03-01,closed,NONE,a4bfddd11,280,6,3,0,
pytorch,pytorch,2025-03-01,closed,CONTRIBUTOR,add189f6d,2,1,1,0,
pytorch,pytorch,2025-03-01,merged,COLLABORATOR,abb677e08,26,1,1,117,117
pytorch,pytorch,2025-03-01,closed,CONTRIBUTOR,a05331277,159,4,52,2,
pytorch,pytorch,2025-03-01,merged,COLLABORATOR,a0684f932,6,1,1,3,3
pytorch,pytorch,2025-03-01,closed,CONTRIBUTOR,a785abea7,122,3,1,129,
pytorch,pytorch,2025-03-01,closed,CONTRIBUTOR,a9dd2e3c0,2,1,1,6,
pytorch,pytorch,2025-03-01,closed,COLLABORATOR,a7c32ab52,35,1,2,1114,
pytorch,pytorch,2025-03-01,closed,CONTRIBUTOR,a05331277,27,3,1,148,
pytorch,pytorch,2025-03-01,closed,CONTRIBUTOR,ae79182f2,33,1,1,122,
pytorch,pytorch,2025-03-01,merged,COLLABORATOR,abb677e08,42,5,1,70,70
pytorch,pytorch,2025-03-01,closed,COLLABORATOR,af5bc3743,892,12,12,1360,
pytorch,pytorch,2025-03-01,closed,CONTRIBUTOR,a4ab98dfa,40,4,4,10,
pytorch,pytorch,2025-03-01,closed,COLLABORATOR,a21df1e70,16,2,2,5,
pytorch,pytorch,2025-03-01,closed,COLLABORATOR,aa773f4ff,271,3,11,26,
pytorch,pytorch,2025-03-01,closed,CONTRIBUTOR,a554ec844,1,1,1,2,
pytorch,pytorch,2025-03-01,closed,CONTRIBUTOR,a2772d5f9,76,2,1,363,
pytorch,pytorch,2025-03-01,closed,CONTRIBUTOR,a8d482f18,16,3,1,96,
pytorch,pytorch,2025-03-01,closed,NONE,a09af114b,236415,3000,3,1,
pytorch,pytorch,2025-03-01,closed,COLLABORATOR,a22ea5b25,20,3,3,17,
pytorch,pytorch,2025-03-01,merged,CONTRIBUTOR,ab028fbf6,773,11,2,0,1
pytorch,pytorch,2025-03-01,closed,CONTRIBUTOR,add189f6d,11,3,2,0,
pytorch,pytorch,2025-03-01,closed,CONTRIBUTOR,add189f6d,6,1,1,11,
pytorch,pytorch,2025-04-01,closed,CONTRIBUTOR,abc9e182c,671,15,2,21,
pytorch,pytorch,2025-04-01,closed,CONTRIBUTOR,a18c03ea5,11,2,4,0,
pytorch,pytorch,2025-04-01,closed,CONTRIBUTOR,a35f27e48,44,3,0,,
pytorch,pytorch,2025-04-01,closed,CONTRIBUTOR,a1a68fdfe,13,2,1,42,
pytorch,pytorch,2025-04-01,closed,CONTRIBUTOR,a071ec64a,400,4,2,42,
pytorch,pytorch,2025-04-01,closed,CONTRIBUTOR,a05331277,3,1,1,20,
pytorch,pytorch,2025-04-01,closed,CONTRIBUTOR,add189f6d,103,5,3,8,
pytorch,pytorch,2025-04-01,closed,COLLABORATOR,a21df1e70,12,2,3,6,
pytorch,pytorch,2025-04-01,closed,CONTRIBUTOR,a05331277,20,3,2,0,
pytorch,pytorch,2025-04-01,closed,COLLABORATOR,aeac7bc7f,12,1,5,5,
pytorch,pytorch,2025-04-01,closed,CONTRIBUTOR,a4811631d,13,1,1,47,
pytorch,pytorch,2025-04-01,closed,COLLABORATOR,a22ea5b25,2,1,1,14,
pytorch,pytorch,2025-04-01,closed,CONTRIBUTOR,a740472d6,96,2,1,23,
pytorch,pytorch,2025-04-01,closed,CONTRIBUTOR,af188d2fd,24,2,2,14,
pytorch,pytorch,2025-04-01,closed,CONTRIBUTOR,aa11b33e5,8,1,1,1,
pytorch,pytorch,2025-04-01,closed,CONTRIBUTOR,a785abea7,128,10,2,6,
pytorch,pytorch,2025-04-01,closed,CONTRIBUTOR,afb62a5b9,16,2,1,20,
pytorch,pytorch,2025-04-01,closed,COLLABORATOR,a0aaba698,9,2,3,4,
pytorch,pytorch,2025-04-01,closed,COLLABORATOR,aafa76c3d,300,5,3,187,
pytorch,pytorch,2025-04-01,closed,COLLABORATOR,a1674399b,666,2,3,9,
pytorch,pytorch,2025-04-01,closed,CONTRIBUTOR,aac57cdd0,303,5,1,0,
pytorch,pytorch,2025-04-01,closed,COLLABORATOR,a1674399b,13,1,5,23,
pytorch,pytorch,2025-04-01,closed,COLLABORATOR,aeac7bc7f,13,1,19,30,
pytorch,pytorch,2025-04-01,closed,CONTRIBUTOR,a63e53439,17,2,1,14,
pytorch,pytorch,2025-04-01,closed,CONTRIBUTOR,ab028fbf6,19,2,1,0,
pytorch,pytorch,2025-04-01,closed,CONTRIBUTOR,a6002df3d,77,3,4,0,
pytorch,pytorch,2025-04-01,closed,CONTRIBUTOR,a95a7bc64,13,1,1,3,
pytorch,pytorch,2025-04-01,closed,COLLABORATOR,a0aaba698,69,5,4,5,
pytorch,pytorch,2025-04-01,closed,COLLABORATOR,aeac7bc7f,109,5,9,36,
pytorch,pytorch,2025-04-01,closed,CONTRIBUTOR,a740472d6,104,6,13,14,
pytorch,pytorch,2025-04-01,closed,COLLABORATOR,a438dfc5e,274,5,5,0,
pytorch,pytorch,2025-04-01,closed,COLLABORATOR,aeac7bc7f,107,19,11,11,
pytorch,pytorch,2025-04-01,closed,CONTRIBUTOR,add189f6d,3,2,3,1,
pytorch,pytorch,2025-04-01,closed,COLLABORATOR,a0ba25606,607,11,0,,
pytorch,pytorch,2025-04-01,closed,COLLABORATOR,a4a245b6f,1918,13,1,50,
pytorch,pytorch,2025-04-01,closed,CONTRIBUTOR,a76060dbc,50,1,1,108,
pytorch,pytorch,2025-04-01,closed,COLLABORATOR,ab06db1d7,4,1,1,304,
pytorch,pytorch,2025-04-01,closed,COLLABORATOR,a48d2281d,33,1,5,21,
pytorch,pytorch,2025-04-01,closed,CONTRIBUTOR,a2e231ad4,63,2,4,71,
pytorch,pytorch,2025-04-01,closed,COLLABORATOR,a55d2cdc8,6,1,4,0,
pytorch,pytorch,2025-04-01,closed,CONTRIBUTOR,a3dfc16d2,16,1,2,107,
pytorch,pytorch,2025-04-01,closed,COLLABORATOR,ad19ffe38,7,2,3,245,
pytorch,pytorch,2025-04-01,closed,COLLABORATOR,a02fee006,342,2,1,5,
pytorch,pytorch,2025-04-01,closed,CONTRIBUTOR,a599ae696,1,1,1,170,
pytorch,pytorch,2025-04-01,closed,CONTRIBUTOR,aa9ac2ea5,242,15,2,147,
pytorch,pytorch,2025-04-01,closed,CONTRIBUTOR,a1eb0cd02,33,1,1,11,
pytorch,pytorch,2025-04-01,closed,CONTRIBUTOR,a0a52b182,154,2,1,0,
pytorch,pytorch,2025-04-01,closed,CONTRIBUTOR,af188d2fd,23,2,1,0,
pytorch,pytorch,2025-04-01,closed,CONTRIBUTOR,a78f14140,426,2,21,11,
pytorch,pytorch,2025-04-01,closed,COLLABORATOR,a075d3ab3,4,1,1,0,
pytorch,pytorch,2025-04-01,closed,NONE,a1811081a,2,1,0,,
pytorch,pytorch,2025-04-01,closed,COLLABORATOR,aeba75f66,322,2,6,18,
pytorch,pytorch,2025-04-01,closed,CONTRIBUTOR,ad2a77bd7,23,1,0,,
pytorch,pytorch,2025-04-01,closed,CONTRIBUTOR,a247ac909,2,1,3,16,
pytorch,pytorch,2025-04-01,closed,CONTRIBUTOR,aa9ac2ea5,243,3,1,143,
pytorch,pytorch,2025-04-01,closed,CONTRIBUTOR,a37aaac61,4,1,0,,
pytorch,pytorch,2025-04-01,closed,CONTRIBUTOR,a868cfe77,17,2,1,4,
pytorch,pytorch,2025-04-01,closed,COLLABORATOR,a4a245b6f,385,13,2,146,
pytorch,pytorch,2025-04-01,closed,CONTRIBUTOR,a6272c338,34,1,2,42,
pytorch,pytorch,2025-04-01,closed,MEMBER,a82fe44ad,225,6,4,162,
pytorch,pytorch,2025-04-01,closed,CONTRIBUTOR,a785abea7,9,1,0,,
pytorch,pytorch,2025-04-01,closed,CONTRIBUTOR,a785abea7,49,5,0,,
pytorch,pytorch,2025-04-01,closed,CONTRIBUTOR,a05331277,26,2,8,19,
pytorch,pytorch,2025-04-01,closed,CONTRIBUTOR,a05331277,43,2,6,20,
pytorch,pytorch,2025-04-01,closed,CONTRIBUTOR,add189f6d,2,1,2,0,
pytorch,pytorch,2025-04-01,closed,CONTRIBUTOR,a63e53439,10,2,6,20,
pytorch,pytorch,2025-04-01,closed,CONTRIBUTOR,a63e53439,30,2,5,6,
pytorch,pytorch,2025-04-01,closed,CONTRIBUTOR,a3be39839,24,2,4,3,
pytorch,pytorch,2025-04-01,closed,CONTRIBUTOR,add189f6d,11,1,1,0,
pytorch,pytorch,2025-04-01,closed,CONTRIBUTOR,a6272c338,100,1,7,2,
pytorch,pytorch,2025-04-01,closed,CONTRIBUTOR,a3fe55b7a,55,2,1,64,
pytorch,pytorch,2025-04-01,closed,CONTRIBUTOR,ae13b2e40,53,2,3,41,
pytorch,pytorch,2025-04-01,closed,CONTRIBUTOR,a785abea7,291,2,12,0,
pytorch,pytorch,2025-04-01,closed,MEMBER,ac8033d42,59,8,3,1,
pytorch,pytorch,2025-04-01,closed,CONTRIBUTOR,add189f6d,40,1,1,0,
pytorch,pytorch,2025-04-01,closed,CONTRIBUTOR,a6b783616,2,1,2,0,
pytorch,pytorch,2025-04-01,closed,CONTRIBUTOR,a554ec844,7,1,1,0,
pytorch,pytorch,2025-04-01,closed,CONTRIBUTOR,a6403f37c,2,1,1,3,
pytorch,pytorch,2025-04-01,closed,COLLABORATOR,a873a614a,103,10,0,,
pytorch,pytorch,2025-04-01,closed,CONTRIBUTOR,ae66f3706,4,1,1,5957,
pytorch,pytorch,2025-04-01,closed,MEMBER,a1a5a17e0,93,6,8,0,
pytorch,pytorch,2025-04-01,closed,CONTRIBUTOR,a3be39839,4,1,2,1,
pytorch,pytorch,2025-04-01,closed,COLLABORATOR,a55d2cdc8,2,1,1,2,
pytorch,pytorch,2025-04-01,closed,CONTRIBUTOR,a3cb3376b,38,4,21,24,
pytorch,pytorch,2025-04-01,closed,CONTRIBUTOR,a05331277,4,1,4,17,
pytorch,pytorch,2025-04-01,closed,CONTRIBUTOR,a868cfe77,101,4,3,16,
pytorch,pytorch,2025-04-01,closed,CONTRIBUTOR,ac88aee48,208,3,2,0,
pytorch,pytorch,2025-04-01,closed,CONTRIBUTOR,a8d482f18,28,1,1,17,
pytorch,pytorch,2025-04-01,closed,CONTRIBUTOR,a2e231ad4,464,7,8,0,
pytorch,pytorch,2025-04-01,closed,COLLABORATOR,a978a2c3f,10,2,9,1,
pytorch,pytorch,2025-04-01,closed,COLLABORATOR,a978a2c3f,5,1,4,5,
pytorch,pytorch,2025-04-01,closed,CONTRIBUTOR,a8e8e27a7,0,0,0,,
pytorch,pytorch,2025-04-01,closed,CONTRIBUTOR,a6e991cda,8,1,1,10,
pytorch,pytorch,2025-04-01,closed,CONTRIBUTOR,acd7419fd,224,7,9,185,
pytorch,pytorch,2025-04-01,closed,COLLABORATOR,a0ba25606,644,3,17,2,
pytorch,pytorch,2025-04-01,closed,CONTRIBUTOR,a868cfe77,70,3,2,2,
pytorch,pytorch,2025-04-01,closed,COLLABORATOR,acbd43ef2,21,2,2,25,
pytorch,pytorch,2025-04-01,closed,COLLABORATOR,a0a5ccaf7,228,6,9,6,
pytorch,pytorch,2025-04-01,closed,CONTRIBUTOR,aff439df3,20,2,7,35,
pytorch,pytorch,2025-04-01,closed,COLLABORATOR,a21df1e70,78,5,7,9,
pytorch,pytorch,2025-04-01,closed,CONTRIBUTOR,add189f6d,2,1,1,0,
pytorch,pytorch,2025-04-01,closed,COLLABORATOR,ace4e0dfb,2,1,0,,
pytorch,pytorch,2025-04-01,closed,CONTRIBUTOR,a554ec844,247,2,1,89,
pytorch,pytorch,2025-04-01,closed,CONTRIBUTOR,a6272c338,20,1,3,9,
pytorch,pytorch,2025-04-01,closed,CONTRIBUTOR,af188d2fd,29,2,1,18,
pytorch,pytorch,2025-04-01,closed,COLLABORATOR,ad655184d,2,1,1,0,
pytorch,pytorch,2025-04-01,closed,CONTRIBUTOR,af188d2fd,10,1,2,19,
pytorch,pytorch,2025-04-01,closed,CONTRIBUTOR,a4b5365a5,49,2,5,12,
pytorch,pytorch,2025-04-01,closed,CONTRIBUTOR,a3fe55b7a,55,2,0,,
pytorch,pytorch,2025-04-01,closed,CONTRIBUTOR,a0f81004a,143,3,1,0,
pytorch,pytorch,2025-04-01,closed,CONTRIBUTOR,a3be39839,110,2,3,7,
pytorch,pytorch,2025-04-01,closed,CONTRIBUTOR,af188d2fd,46,1,0,,
pytorch,pytorch,2025-04-01,closed,CONTRIBUTOR,a8d482f18,33,1,0,,
pytorch,pytorch,2025-04-01,closed,COLLABORATOR,acf4dda97,1,1,1,24,
pytorch,pytorch,2025-04-01,closed,COLLABORATOR,a597022dd,8,2,1,1082,
pytorch,pytorch,2025-04-01,closed,CONTRIBUTOR,af6516981,2,1,5,4,
pytorch,pytorch,2025-04-01,closed,CONTRIBUTOR,a740472d6,76,8,1,39,
pytorch,pytorch,2025-04-01,closed,CONTRIBUTOR,a785abea7,12,2,5,42,
pytorch,pytorch,2025-04-01,closed,CONTRIBUTOR,a4a1dfc6c,6,1,1,6,
pytorch,pytorch,2025-04-01,closed,CONTRIBUTOR,a76060dbc,55,2,2,39,
pytorch,pytorch,2025-04-01,closed,CONTRIBUTOR,a9dd2e3c0,164,5,0,,
pytorch,pytorch,2025-04-01,closed,CONTRIBUTOR,a4b5365a5,27,2,3,18,
pytorch,pytorch,2025-04-01,closed,MEMBER,a846e2bc0,78,3,1,1133,
pytorch,pytorch,2025-04-01,closed,CONTRIBUTOR,a18c03ea5,2,1,1,27,
pytorch,pytorch,2025-04-01,closed,CONTRIBUTOR,ab689c736,146,2,10,0,
pytorch,pytorch,2025-04-01,closed,CONTRIBUTOR,a554ec844,30,3,3,0,
pytorch,pytorch,2025-04-01,closed,CONTRIBUTOR,a4a414edc,50,2,3,24,
pytorch,pytorch,2025-04-01,closed,CONTRIBUTOR,a785abea7,126,1,4,9,
pytorch,pytorch,2025-04-01,closed,CONTRIBUTOR,ad99774b9,115,12,20,0,
pytorch,pytorch,2025-04-01,closed,COLLABORATOR,a978a2c3f,11,3,1,1,
pytorch,pytorch,2025-04-01,closed,MEMBER,a846e2bc0,80,6,3,3,
pytorch,pytorch,2025-04-01,closed,CONTRIBUTOR,a06bab993,16,3,1,29,
pytorch,pytorch,2025-04-01,closed,NONE,aeb1f9248,2,1,0,,
pytorch,pytorch,2025-04-01,closed,CONTRIBUTOR,a6272c338,7,1,8,1,
pytorch,pytorch,2025-04-01,closed,CONTRIBUTOR,a554ec844,138,3,8,182,
pytorch,pytorch,2025-04-01,closed,CONTRIBUTOR,a554ec844,328,2,13,154,
pytorch,pytorch,2025-04-01,closed,COLLABORATOR,a96e79d8e,143,4,2,480,
pytorch,pytorch,2025-04-01,closed,CONTRIBUTOR,ab3131f80,177,9,5,337,
pytorch,pytorch,2025-04-01,closed,CONTRIBUTOR,a273c7393,13,3,1,3,
pytorch,pytorch,2025-04-01,closed,COLLABORATOR,a21df1e70,63,2,2,9,
pytorch,pytorch,2025-04-01,closed,COLLABORATOR,a5dc541f5,2809,423,1,840,
pytorch,pytorch,2025-04-01,closed,CONTRIBUTOR,ab028fbf6,12,1,1,0,
pytorch,pytorch,2025-04-01,closed,CONTRIBUTOR,a2e231ad4,16,3,1,1,
pytorch,pytorch,2025-04-01,closed,CONTRIBUTOR,a2571eb19,23,2,1,14,
pytorch,pytorch,2025-04-01,closed,CONTRIBUTOR,add189f6d,23,2,1,2,
pytorch,pytorch,2025-04-01,closed,COLLABORATOR,a01eff35b,186,12,9,1,
pytorch,pytorch,2025-04-01,closed,CONTRIBUTOR,a05331277,63,2,1,66,
pytorch,pytorch,2025-04-01,closed,MEMBER,a1a5a17e0,266,6,0,,
pytorch,pytorch,2025-04-01,closed,CONTRIBUTOR,a6e3e1227,14,1,1,1,
pytorch,pytorch,2025-04-01,closed,CONTRIBUTOR,a740472d6,47,6,0,,
pytorch,pytorch,2025-04-01,closed,CONTRIBUTOR,a70909928,83,1,4,0,
pytorch,pytorch,2025-04-01,closed,CONTRIBUTOR,a1eb0cd02,63,7,5,7,
pytorch,pytorch,2025-04-01,closed,CONTRIBUTOR,a296453dd,19,2,2,4,
pytorch,pytorch,2025-04-01,closed,COLLABORATOR,a978a2c3f,29,3,0,,
pytorch,pytorch,2025-04-01,closed,MEMBER,a846e2bc0,516,19,12,215,
pytorch,pytorch,2025-04-01,closed,CONTRIBUTOR,a0a52b182,39,2,12,2,
pytorch,pytorch,2025-04-01,closed,CONTRIBUTOR,a95a7bc64,28,2,1,24,
pytorch,pytorch,2025-04-01,closed,NONE,a650c62de,27,3,2,58,
pytorch,pytorch,2025-04-01,closed,CONTRIBUTOR,a18c03ea5,29,2,3,11,
pytorch,pytorch,2025-04-01,closed,CONTRIBUTOR,aba768941,2,1,1,2,
pytorch,pytorch,2025-04-01,closed,CONTRIBUTOR,ae66f3706,121,2,1,4,
pytorch,pytorch,2025-04-01,closed,CONTRIBUTOR,acbbad1b5,21,2,1,43,
pytorch,pytorch,2025-04-01,closed,MEMBER,a846e2bc0,90,2,1,18,
pytorch,pytorch,2025-04-01,closed,CONTRIBUTOR,a05331277,68,4,2,24,
pytorch,pytorch,2025-04-01,closed,CONTRIBUTOR,a35f27e48,1093,4,1,1,
pytorch,pytorch,2025-04-01,closed,CONTRIBUTOR,ac14a311d,224,3,3,380,
pytorch,pytorch,2025-04-01,closed,CONTRIBUTOR,a63e53439,1120,9,0,,
pytorch,pytorch,2025-04-01,closed,CONTRIBUTOR,a2e231ad4,170,3,1,49,
pytorch,pytorch,2025-04-01,closed,CONTRIBUTOR,ab028fbf6,4,1,0,,
pytorch,pytorch,2025-04-01,merged,COLLABORATOR,abb677e08,10,1,1,9,9
pytorch,pytorch,2025-05-01,closed,COLLABORATOR,a55d2cdc8,33,1,7,0,
pytorch,pytorch,2025-05-01,closed,CONTRIBUTOR,abd4fe483,1,1,1,27,
pytorch,pytorch,2025-05-01,closed,CONTRIBUTOR,a5906420c,204,4,0,,
pytorch,pytorch,2025-05-01,closed,CONTRIBUTOR,a5906420c,410,4,1,342,
pytorch,pytorch,2025-05-01,closed,CONTRIBUTOR,aa8d2fcec,1565,1,1,144,
pytorch,pytorch,2025-05-01,closed,CONTRIBUTOR,a56222d4e,3,1,1,0,
pytorch,pytorch,2025-05-01,closed,COLLABORATOR,a9e5e9c6e,375,8,1,1035,
pytorch,pytorch,2025-05-01,closed,CONTRIBUTOR,a5eb5e4fc,4,1,1,0,
pytorch,pytorch,2025-05-01,closed,COLLABORATOR,aaee1c0cd,3,1,0,,
pytorch,pytorch,2025-05-01,closed,COLLABORATOR,aeac7bc7f,2,1,0,,
pytorch,pytorch,2025-05-01,closed,CONTRIBUTOR,a6403f37c,415,1,9,15,
pytorch,pytorch,2025-05-01,closed,CONTRIBUTOR,ae13b2e40,2,1,0,,
pytorch,pytorch,2025-05-01,closed,CONTRIBUTOR,ae13b2e40,19,1,3,0,
pytorch,pytorch,2025-05-01,closed,COLLABORATOR,a55d2cdc8,56,1,1,2,
pytorch,pytorch,2025-05-01,closed,CONTRIBUTOR,a76060dbc,35,3,2,92,
pytorch,pytorch,2025-05-01,closed,CONTRIBUTOR,ab028fbf6,281,6,2,0,
pytorch,pytorch,2025-05-01,closed,CONTRIBUTOR,afc4b5a75,2,1,1,360,
pytorch,pytorch,2025-05-01,closed,CONTRIBUTOR,a05331277,105,3,0,,
pytorch,pytorch,2025-05-01,closed,CONTRIBUTOR,a9da25011,60,5,4,70,
pytorch,pytorch,2025-05-01,closed,COLLABORATOR,ad19ffe38,4,1,1,4,
pytorch,pytorch,2025-05-01,closed,CONTRIBUTOR,a5906420c,871,2,1,743,
pytorch,pytorch,2025-05-01,closed,NONE,ab38e96ad,4,1,3,0,
pytorch,pytorch,2025-05-01,closed,COLLABORATOR,a597022dd,1,1,2,0,
pytorch,pytorch,2025-05-01,merged,COLLABORATOR,ae617e84f,12,2,0,,0
pytorch,pytorch,2025-05-01,closed,CONTRIBUTOR,aa0629a5f,11,1,7,101,
pytorch,pytorch,2025-05-01,closed,CONTRIBUTOR,ae66f3706,67,1,1,70,
pytorch,pytorch,2025-05-01,closed,CONTRIBUTOR,a785abea7,97,6,6,0,
pytorch,pytorch,2025-05-01,closed,COLLABORATOR,a1674399b,27,1,5,11,
pytorch,pytorch,2025-05-01,closed,CONTRIBUTOR,aa8d2fcec,699,1,0,,
pytorch,pytorch,2025-05-01,closed,NONE,ad377598d,53,5,2,128,
pytorch,pytorch,2025-05-01,closed,COLLABORATOR,ae25f14a4,199,7,3,146,
pytorch,pytorch,2025-05-01,closed,COLLABORATOR,a01eff35b,216,4,5,19,
pytorch,pytorch,2025-05-01,closed,CONTRIBUTOR,a18c03ea5,271,4,5,21,
pytorch,pytorch,2025-05-01,closed,CONTRIBUTOR,ae13b2e40,60,6,0,,
pytorch,pytorch,2025-05-01,closed,CONTRIBUTOR,a1eb0cd02,1,1,1,20,
pytorch,pytorch,2025-05-01,closed,NONE,a5bc4afba,10562,307,1,1,
pytorch,pytorch,2025-05-01,closed,CONTRIBUTOR,add189f6d,28,3,2,0,
pytorch,pytorch,2025-05-01,closed,CONTRIBUTOR,a95a7bc64,28,2,1,46,
pytorch,pytorch,2025-05-01,closed,CONTRIBUTOR,a785abea7,363,8,0,,
pytorch,pytorch,2025-05-01,closed,CONTRIBUTOR,a76060dbc,202,8,6,68,
pytorch,pytorch,2025-05-01,closed,CONTRIBUTOR,ab14f2c80,129,5,0,,
pytorch,pytorch,2025-05-01,merged,CONTRIBUTOR,a740472d6,203,17,1,61,61
pytorch,pytorch,2025-05-01,closed,CONTRIBUTOR,ab14f2c80,100,2,16,54,
pytorch,pytorch,2025-05-01,closed,COLLABORATOR,a55d2cdc8,6,1,3,2,
pytorch,pytorch,2025-05-01,closed,COLLABORATOR,a55d2cdc8,54,7,11,0,
pytorch,pytorch,2025-05-01,closed,NONE,a993d955b,33,1,0,,
pytorch,pytorch,2025-05-01,closed,CONTRIBUTOR,add189f6d,12,2,2,3,
pytorch,pytorch,2025-05-01,open,CONTRIBUTOR,a740472d6,15,1,11,12,
pytorch,pytorch,2025-05-01,closed,COLLABORATOR,ab6cb35e7,46,5,9,10,
pytorch,pytorch,2025-05-01,closed,CONTRIBUTOR,ab14e52a9,12,1,1,4,
pytorch,pytorch,2025-05-01,closed,CONTRIBUTOR,a2e231ad4,250,4,2,97,
pytorch,pytorch,2025-05-01,closed,CONTRIBUTOR,a37aaac61,69,2,1,0,
pytorch,pytorch,2025-05-01,closed,CONTRIBUTOR,afb62a5b9,63,5,3,19,
pytorch,pytorch,2025-05-01,closed,CONTRIBUTOR,a73b095db,49,1,1,7,
pytorch,pytorch,2025-05-01,closed,CONTRIBUTOR,ab2ece173,318,9,4,1,
pytorch,pytorch,2025-05-01,closed,CONTRIBUTOR,a41334601,20,3,2,0,
pytorch,pytorch,2025-05-01,closed,CONTRIBUTOR,a35f27e48,23,1,1,17,
pytorch,pytorch,2025-05-01,closed,COLLABORATOR,a5dc541f5,58,16,1,163,
pytorch,pytorch,2025-05-01,closed,COLLABORATOR,ab6cb35e7,56,5,4,31,
pytorch,pytorch,2025-05-01,closed,COLLABORATOR,a0a5ccaf7,337,7,9,820,
pytorch,pytorch,2025-05-01,closed,COLLABORATOR,ac6ded220,118,7,0,,
pytorch,pytorch,2025-05-01,closed,CONTRIBUTOR,a3f15bfb3,83,1,2,37,
pytorch,pytorch,2025-05-01,closed,CONTRIBUTOR,af46aca0f,263,6,32,0,
pytorch,pytorch,2025-05-01,closed,CONTRIBUTOR,a90cac0b1,130,12,0,,
pytorch,pytorch,2025-05-01,closed,COLLABORATOR,a42a7c235,101,7,1,12,
pytorch,pytorch,2025-05-01,closed,COLLABORATOR,a5dc541f5,68,3,1,144,
pytorch,pytorch,2025-05-01,closed,COLLABORATOR,a5dc541f5,131,23,5,502,
pytorch,pytorch,2025-05-01,closed,CONTRIBUTOR,ae66f3706,51,1,1,48,
pytorch,pytorch,2025-05-01,closed,NONE,a5bc4afba,1184,130,4,3,
pytorch,pytorch,2025-05-01,closed,COLLABORATOR,aaee1c0cd,35,3,9,1,
pytorch,pytorch,2025-05-01,closed,CONTRIBUTOR,a05331277,19,3,0,,
pytorch,pytorch,2025-05-01,closed,MEMBER,af9a90ce4,45,1,1,16,
pytorch,pytorch,2025-05-01,closed,CONTRIBUTOR,a889ae5df,91,4,2,38,
pytorch,pytorch,2025-05-01,closed,CONTRIBUTOR,a6272c338,160,1,4,36,
pytorch,pytorch,2025-05-01,closed,CONTRIBUTOR,a73a9574e,30,2,2,10,
pytorch,pytorch,2025-05-01,closed,CONTRIBUTOR,a6272c338,34,1,0,,
pytorch,pytorch,2025-05-01,closed,CONTRIBUTOR,a229daffb,78,3,1,0,
pytorch,pytorch,2025-05-01,closed,CONTRIBUTOR,a6272c338,217,4,5,0,
pytorch,pytorch,2025-05-01,closed,CONTRIBUTOR,a90cac0b1,109,6,1,22,
pytorch,pytorch,2025-05-01,closed,CONTRIBUTOR,a6c990658,14457,322,0,,
pytorch,pytorch,2025-05-01,closed,CONTRIBUTOR,a90cac0b1,124,12,1,5,
pytorch,pytorch,2025-05-01,closed,CONTRIBUTOR,af46aca0f,178,6,1,0,
pytorch,pytorch,2025-05-01,closed,CONTRIBUTOR,a3552c582,113,2,2,1,
pytorch,pytorch,2025-05-01,closed,CONTRIBUTOR,a554ec844,3,1,1,4,
pytorch,pytorch,2025-05-01,closed,CONTRIBUTOR,a4d5fab20,86,3,0,,
pytorch,pytorch,2025-05-01,closed,COLLABORATOR,a55d2cdc8,5,1,1,0,
pytorch,pytorch,2025-05-01,closed,CONTRIBUTOR,ab1d93ca3,13,1,5,50,
pytorch,pytorch,2025-05-01,closed,COLLABORATOR,a55d2cdc8,423,43,3,36,
pytorch,pytorch,2025-05-01,closed,CONTRIBUTOR,a95a7bc64,234,2,1,26,
pytorch,pytorch,2025-05-01,closed,CONTRIBUTOR,a73b095db,360,5,5,5,
pytorch,pytorch,2025-05-01,closed,CONTRIBUTOR,a785abea7,2,1,0,,
pytorch,pytorch,2025-05-01,closed,CONTRIBUTOR,aa11b33e5,72,5,3,67,
pytorch,pytorch,2025-05-01,closed,COLLABORATOR,ab06db1d7,125,6,1,842,
pytorch,pytorch,2025-05-01,closed,CONTRIBUTOR,add189f6d,14,1,1,0,
pytorch,pytorch,2025-05-01,closed,CONTRIBUTOR,a3552c582,116,1,0,,
pytorch,pytorch,2025-05-01,closed,MEMBER,a82fe44ad,68,16,1,111,
pytorch,pytorch,2025-05-01,closed,COLLABORATOR,a21df1e70,169,3,1,59,
pytorch,pytorch,2025-05-01,closed,COLLABORATOR,ae25f14a4,4,1,0,,
pytorch,pytorch,2025-05-01,closed,COLLABORATOR,acd40f187,67,4,7,35,
pytorch,pytorch,2025-05-01,closed,COLLABORATOR,af5bc3743,10,1,2,13,
pytorch,pytorch,2025-05-01,closed,CONTRIBUTOR,a32e475f5,2,1,3,0,
pytorch,pytorch,2025-05-01,closed,COLLABORATOR,ad655184d,2,1,1,0,
pytorch,pytorch,2025-05-01,closed,COLLABORATOR,a55d2cdc8,19,2,8,1,
pytorch,pytorch,2025-05-01,closed,CONTRIBUTOR,a740472d6,152,2,2,5,
pytorch,pytorch,2025-05-01,closed,CONTRIBUTOR,a2e231ad4,21,2,3,20,
pytorch,pytorch,2025-05-01,closed,CONTRIBUTOR,a4b5365a5,26,1,1,0,
pytorch,pytorch,2025-05-01,merged,COLLABORATOR,abb677e08,10,1,2,6,44
pytorch,pytorch,2025-05-01,closed,CONTRIBUTOR,af188d2fd,2,1,1,51,
pytorch,pytorch,2025-05-01,closed,CONTRIBUTOR,a785abea7,25,2,1,23,
pytorch,pytorch,2025-05-01,closed,CONTRIBUTOR,ab345b729,2,1,2,13,
pytorch,pytorch,2025-05-01,closed,CONTRIBUTOR,afc4b5a75,25,4,0,,
pytorch,pytorch,2025-05-01,closed,CONTRIBUTOR,a3b6aa0a0,17,5,0,,
pytorch,pytorch,2025-05-01,closed,CONTRIBUTOR,a3552c582,49,1,0,,
pytorch,pytorch,2025-05-01,closed,CONTRIBUTOR,a3552c582,120,1,0,,
pytorch,pytorch,2025-05-01,closed,COLLABORATOR,ad655184d,2,1,1,0,
pytorch,pytorch,2025-05-01,closed,MEMBER,a846e2bc0,512,5,1,339,
pytorch,pytorch,2025-05-01,closed,CONTRIBUTOR,ab14f2c80,12,2,1,2,
pytorch,pytorch,2025-05-01,closed,CONTRIBUTOR,a3552c582,121,1,1,10,
pytorch,pytorch,2025-05-01,closed,CONTRIBUTOR,a740472d6,23,1,3,12,
pytorch,pytorch,2025-05-01,closed,NONE,a1ead484f,38,3,1,540,
pytorch,pytorch,2025-05-01,closed,CONTRIBUTOR,a32e475f5,4,1,1,0,
pytorch,pytorch,2025-05-01,closed,CONTRIBUTOR,a5203c7cd,28,4,6,0,
pytorch,pytorch,2025-05-01,closed,CONTRIBUTOR,a3fe55b7a,62,2,4,0,
pytorch,pytorch,2025-05-01,closed,CONTRIBUTOR,ab2c3d13b,206,4,1,113,
pytorch,pytorch,2025-05-01,closed,CONTRIBUTOR,a554ec844,119,3,1,14,
pytorch,pytorch,2025-05-01,closed,CONTRIBUTOR,a73b095db,107,9,2,3,
pytorch,pytorch,2025-05-01,closed,COLLABORATOR,a55d2cdc8,30,1,2,21,
pytorch,pytorch,2025-05-01,closed,CONTRIBUTOR,a4b5365a5,56,2,1,3,
pytorch,pytorch,2025-05-01,merged,CONTRIBUTOR,ab028fbf6,1,1,2,2,117
pytorch,pytorch,2025-05-01,merged,COLLABORATOR,abb677e08,15,2,1,142,142
pytorch,pytorch,2025-05-01,closed,NONE,a5c1725ff,22,2,3,5,
pytorch,pytorch,2025-05-01,closed,COLLABORATOR,aeac7bc7f,3,2,1,13,
pytorch,pytorch,2025-05-01,closed,CONTRIBUTOR,a7fd74a54,283,8,0,,
pytorch,pytorch,2025-05-01,closed,NONE,a2dd9ab67,180,9,1,7,
pytorch,pytorch,2025-05-01,closed,CONTRIBUTOR,a9dd2e3c0,207,2,5,0,
pytorch,pytorch,2025-05-01,closed,CONTRIBUTOR,af188d2fd,3,1,0,,
pytorch,pytorch,2025-05-01,closed,COLLABORATOR,aa773f4ff,8,3,2,1,
pytorch,pytorch,2025-05-01,closed,MEMBER,a846e2bc0,16,1,1,267,
pytorch,pytorch,2025-05-01,closed,CONTRIBUTOR,a76060dbc,1234,5,0,,
pytorch,pytorch,2025-05-01,closed,CONTRIBUTOR,a7d863361,146,1,5,0,
pytorch,pytorch,2025-05-01,closed,CONTRIBUTOR,a6002df3d,18,1,4,6,
pytorch,pytorch,2025-05-01,closed,CONTRIBUTOR,a3be39839,49,3,0,,
pytorch,pytorch,2025-05-01,closed,CONTRIBUTOR,a554ec844,4,1,1,0,
pytorch,pytorch,2025-05-01,closed,COLLABORATOR,a21df1e70,66,1,13,5,
pytorch,pytorch,2025-05-01,closed,CONTRIBUTOR,a6e3e1227,35,2,4,0,
pytorch,pytorch,2025-05-01,closed,CONTRIBUTOR,ab028fbf6,6,3,1,1,
pytorch,pytorch,2025-05-01,closed,COLLABORATOR,a48d2281d,51,1,1,57,
pytorch,pytorch,2025-05-01,merged,CONTRIBUTOR,ab028fbf6,5,1,3,1,2
pytorch,pytorch,2025-05-01,merged,COLLABORATOR,abb677e08,51,1,1,3,3
pytorch,pytorch,2025-05-01,closed,CONTRIBUTOR,a8c7404f1,7,2,2,15,
pytorch,pytorch,2025-05-01,closed,COLLABORATOR,a1674399b,41,3,1,0,
pytorch,pytorch,2025-05-01,closed,CONTRIBUTOR,a05331277,2,1,0,,
pytorch,pytorch,2025-05-01,closed,NONE,a23bfa4f3,35,6,0,,
pytorch,pytorch,2025-05-01,closed,NONE,a23bfa4f3,35,6,0,,
pytorch,pytorch,2025-05-01,closed,NONE,a23bfa4f3,54,1,5,0,
pytorch,pytorch,2025-05-01,closed,COLLABORATOR,a1674399b,378,14,6,0,
pytorch,pytorch,2025-05-01,closed,COLLABORATOR,a4a245b6f,68,9,2,17,
pytorch,pytorch,2025-05-01,closed,CONTRIBUTOR,ab2c3d13b,16,1,1,6,
pytorch,pytorch,2025-05-01,closed,COLLABORATOR,a5dc541f5,26,3,2,117,
pytorch,pytorch,2025-05-01,closed,MEMBER,a82fe44ad,56,2,0,,
pytorch,pytorch,2025-05-01,closed,CONTRIBUTOR,afc16ee69,167,2,1,17,
pytorch,pytorch,2025-05-01,closed,CONTRIBUTOR,a05331277,28,2,5,160,
pytorch,pytorch,2025-05-01,closed,CONTRIBUTOR,a05331277,24,2,0,,
pytorch,pytorch,2025-05-01,closed,COLLABORATOR,a55d2cdc8,1,1,1,10,
pytorch,pytorch,2025-05-01,closed,CONTRIBUTOR,a0672f764,5092,43,3,1,
pytorch,pytorch,2025-05-01,closed,CONTRIBUTOR,a63e53439,2,1,3,0,
pytorch,pytorch,2025-05-01,closed,COLLABORATOR,a5ac668f6,334,7,0,,
pytorch,pytorch,2025-05-01,closed,COLLABORATOR,ae0a18ec6,350,11,2,12,
pytorch,pytorch,2025-05-01,closed,CONTRIBUTOR,ad5d4f415,68,6,4,96,
pytorch,pytorch,2025-05-01,closed,COLLABORATOR,a5dc541f5,54,22,1,264,
pytorch,pytorch,2025-05-01,closed,CONTRIBUTOR,af46aca0f,22,2,2,0,
pytorch,pytorch,2025-05-01,closed,CONTRIBUTOR,a785abea7,9992,18,0,,
pytorch,pytorch,2025-05-01,closed,CONTRIBUTOR,add189f6d,6,1,2,0,
pytorch,pytorch,2025-05-01,closed,CONTRIBUTOR,af188d2fd,10,2,1,90,
pytorch,pytorch,2025-05-01,closed,CONTRIBUTOR,add189f6d,14,1,1,0,
pytorch,pytorch,2025-05-01,closed,MEMBER,a846e2bc0,251,8,4,40,
pytorch,pytorch,2025-05-01,closed,CONTRIBUTOR,a35f27e48,226,6,0,,
pytorch,pytorch,2025-05-01,closed,CONTRIBUTOR,ab028fbf6,2,1,2,0,
pytorch,pytorch,2025-05-01,closed,COLLABORATOR,a4997e570,5,1,4,131,
pytorch,pytorch,2025-05-01,closed,CONTRIBUTOR,ae13b2e40,21,1,1,15,
pytorch,pytorch,2025-05-01,closed,CONTRIBUTOR,ae13b2e40,16,1,2,19,
pytorch,pytorch,2025-05-01,closed,CONTRIBUTOR,ae13b2e40,17,1,1,22,
pytorch,pytorch,2025-05-01,closed,CONTRIBUTOR,a785abea7,103,10,0,,
pytorch,pytorch,2025-05-01,closed,CONTRIBUTOR,affa1f180,17,1,0,,
pytorch,pytorch,2025-05-01,open,CONTRIBUTOR,a3e1a65fb,69,3,0,,
pytorch,pytorch,2025-05-01,closed,CONTRIBUTOR,ae13b2e40,14,1,2,10,
pytorch,pytorch,2025-05-01,closed,CONTRIBUTOR,a715f9ff3,2,1,0,,
pytorch,pytorch,2025-05-01,closed,CONTRIBUTOR,aa90b6f9e,114,3,3,1,
pytorch,pytorch,2025-05-01,closed,CONTRIBUTOR,a6e3e1227,171,5,1,2,
pytorch,pytorch,2025-05-01,closed,CONTRIBUTOR,a95a7bc64,711,12,0,,
pytorch,pytorch,2025-05-01,closed,CONTRIBUTOR,add189f6d,4,1,3,0,
pytorch,pytorch,2025-05-01,closed,CONTRIBUTOR,ae13b2e40,12,1,2,0,
pytorch,pytorch,2025-05-01,closed,COLLABORATOR,aaee1c0cd,15,1,4,2,
pytorch,pytorch,2025-05-01,closed,NONE,a23bfa4f3,8,3,1,1,
pytorch,pytorch,2025-05-01,closed,COLLABORATOR,ab6cb35e7,1,1,0,,
pytorch,pytorch,2025-05-01,closed,CONTRIBUTOR,ae13b2e40,21,1,2,1,
pytorch,pytorch,2025-05-01,closed,CONTRIBUTOR,a785abea7,31,2,1,8,
pytorch,pytorch,2025-05-01,closed,CONTRIBUTOR,af969f59c,125,1,6,1,
pytorch,pytorch,2025-06-01,closed,COLLABORATOR,a01eff35b,31,9,1,5,
pytorch,pytorch,2025-06-01,closed,CONTRIBUTOR,a3e1a65fb,39,2,14,0,
pytorch,pytorch,2025-06-01,closed,CONTRIBUTOR,a554ec844,58,5,2,22,
pytorch,pytorch,2025-06-01,closed,CONTRIBUTOR,a37aaac61,150,3,2,5,
pytorch,pytorch,2025-06-01,closed,CONTRIBUTOR,ae13b2e40,17,2,1,10,
pytorch,pytorch,2025-06-01,closed,CONTRIBUTOR,af188d2fd,2,1,2,2,
pytorch,pytorch,2025-06-01,closed,COLLABORATOR,a5dc541f5,22,2,0,,
pytorch,pytorch,2025-06-01,closed,CONTRIBUTOR,aa238cb0a,1,1,2,0,
pytorch,pytorch,2025-06-01,closed,CONTRIBUTOR,a63e53439,14,1,2,7,
pytorch,pytorch,2025-06-01,closed,CONTRIBUTOR,a18c03ea5,41,5,6,1,
pytorch,pytorch,2025-06-01,closed,CONTRIBUTOR,add189f6d,98,8,4,0,
pytorch,pytorch,2025-06-01,closed,CONTRIBUTOR,a3d310431,10,1,4,10,
pytorch,pytorch,2025-06-01,closed,CONTRIBUTOR,af46aca0f,84,2,1,0,
pytorch,pytorch,2025-06-01,closed,CONTRIBUTOR,a740472d6,4,1,0,,
pytorch,pytorch,2025-06-01,closed,NONE,af83523ee,6,1,1,4,
pytorch,pytorch,2025-06-01,closed,MEMBER,a82fe44ad,281,10,1,0,
pytorch,pytorch,2025-06-01,closed,CONTRIBUTOR,add189f6d,41,2,2,0,
pytorch,pytorch,2025-06-01,closed,CONTRIBUTOR,a6272c338,0,5,1,0,
pytorch,pytorch,2025-06-01,closed,CONTRIBUTOR,ae13b2e40,354,2,0,,
pytorch,pytorch,2025-06-01,closed,CONTRIBUTOR,ae13b2e40,31,1,0,,
pytorch,pytorch,2025-06-01,closed,COLLABORATOR,a978a2c3f,246,7,11,6,
pytorch,pytorch,2025-06-01,closed,COLLABORATOR,a02a2a466,957,8,0,,
pytorch,pytorch,2025-06-01,closed,CONTRIBUTOR,aa238cb0a,7,1,0,,
pytorch,pytorch,2025-06-01,closed,COLLABORATOR,aabbd9e1e,21,1,4,7,
pytorch,pytorch,2025-06-01,closed,COLLABORATOR,a16fd3e30,272,8,22,9,
pytorch,pytorch,2025-06-01,closed,CONTRIBUTOR,ae978efa8,224,1,10,2,
pytorch,pytorch,2025-06-01,closed,CONTRIBUTOR,a8d482f18,177,5,0,,
pytorch,pytorch,2025-06-01,closed,CONTRIBUTOR,a37aaac61,127,4,1,120,
pytorch,pytorch,2025-06-01,closed,CONTRIBUTOR,ab028fbf6,204,11,5,0,
pytorch,pytorch,2025-06-01,closed,COLLABORATOR,ab06db1d7,9,3,1,172,
pytorch,pytorch,2025-06-01,closed,CONTRIBUTOR,af46aca0f,16,2,4,0,
pytorch,pytorch,2025-06-01,closed,CONTRIBUTOR,a6c990658,13,1,1,3,
pytorch,pytorch,2025-06-01,closed,CONTRIBUTOR,aa238cb0a,205,10,0,,
pytorch,pytorch,2025-06-01,closed,CONTRIBUTOR,a6c990658,21,1,2,1,
pytorch,pytorch,2025-06-01,closed,CONTRIBUTOR,ab1aae63e,44,3,1,23,
pytorch,pytorch,2025-06-01,closed,CONTRIBUTOR,ae13b2e40,1,1,0,,
pytorch,pytorch,2025-06-01,closed,CONTRIBUTOR,add189f6d,227,1,1,2,
pytorch,pytorch,2025-06-01,closed,CONTRIBUTOR,af1cb0f80,1042,6,15,4,
pytorch,pytorch,2025-06-01,closed,CONTRIBUTOR,af6075a1c,95,4,0,,
pytorch,pytorch,2025-06-01,closed,COLLABORATOR,aec11290e,4,1,3,8,
pytorch,pytorch,2025-06-01,closed,COLLABORATOR,ab472c49a,2,1,0,,
pytorch,pytorch,2025-06-01,closed,CONTRIBUTOR,a95a7bc64,181,4,4,8,
pytorch,pytorch,2025-06-01,closed,CONTRIBUTOR,ad1b2f518,14,2,5,0,
pytorch,pytorch,2025-06-01,closed,CONTRIBUTOR,a5906420c,24,3,6,0,
pytorch,pytorch,2025-06-01,closed,CONTRIBUTOR,a8dd56e6a,42,2,3,1,
pytorch,pytorch,2025-06-01,closed,CONTRIBUTOR,a8dd56e6a,623,10,5,1,
pytorch,pytorch,2025-06-01,closed,CONTRIBUTOR,aa4d1e8b0,8,2,1,116,
pytorch,pytorch,2025-06-01,closed,CONTRIBUTOR,a41334601,1,1,0,,
pytorch,pytorch,2025-06-01,closed,CONTRIBUTOR,add189f6d,80,7,2,1,
pytorch,pytorch,2025-06-01,closed,CONTRIBUTOR,a2e231ad4,169,11,1,303,
pytorch,pytorch,2025-06-01,closed,CONTRIBUTOR,ae13b2e40,32,1,0,,
pytorch,pytorch,2025-06-01,closed,COLLABORATOR,aeac7bc7f,2,2,1,363,
pytorch,pytorch,2025-06-01,closed,COLLABORATOR,acd40f187,275,2,3,562,
pytorch,pytorch,2025-06-01,closed,CONTRIBUTOR,aff2f898f,316,4,6,68,
pytorch,pytorch,2025-06-01,closed,CONTRIBUTOR,a19270314,33,2,2,37,
pytorch,pytorch,2025-06-01,closed,COLLABORATOR,a978a2c3f,9,2,2,4,
pytorch,pytorch,2025-06-01,closed,CONTRIBUTOR,a642039ad,9,1,4,1,
pytorch,pytorch,2025-06-01,closed,CONTRIBUTOR,add189f6d,20,2,2,0,
pytorch,pytorch,2025-06-01,closed,COLLABORATOR,a02a2a466,375,6,16,0,
pytorch,pytorch,2025-06-01,closed,CONTRIBUTOR,ab028fbf6,60,3,1,27,
pytorch,pytorch,2025-06-01,closed,COLLABORATOR,ab6cb35e7,9,2,1,1,
pytorch,pytorch,2025-06-01,closed,CONTRIBUTOR,a2a2ace55,223,7,2,17,
pytorch,pytorch,2025-06-01,closed,CONTRIBUTOR,a71419f4c,1299,8,8,15,
pytorch,pytorch,2025-06-01,closed,CONTRIBUTOR,ae13b2e40,15,1,0,,
pytorch,pytorch,2025-06-01,closed,CONTRIBUTOR,ae13b2e40,41,1,0,,
pytorch,pytorch,2025-06-01,closed,CONTRIBUTOR,ab028fbf6,296,19,2,1,
pytorch,pytorch,2025-06-01,closed,CONTRIBUTOR,a642039ad,119,8,0,,
pytorch,pytorch,2025-06-01,closed,CONTRIBUTOR,aa8d2fcec,121,3,3,0,
pytorch,pytorch,2025-06-01,closed,CONTRIBUTOR,ae13b2e40,830,7,0,,
pytorch,pytorch,2025-06-01,closed,CONTRIBUTOR,a785abea7,372,7,0,,
pytorch,pytorch,2025-06-01,closed,CONTRIBUTOR,a6e991cda,206,4,0,,
pytorch,pytorch,2025-06-01,closed,CONTRIBUTOR,a18c03ea5,279,3,1,861,
pytorch,pytorch,2025-06-01,closed,CONTRIBUTOR,add189f6d,13,5,1,0,
pytorch,pytorch,2025-06-01,closed,CONTRIBUTOR,a0a52b182,958,23,1,171,
pytorch,pytorch,2025-06-01,closed,CONTRIBUTOR,a868cfe77,24,1,1,15,
pytorch,pytorch,2025-06-01,closed,CONTRIBUTOR,ae13b2e40,5,1,0,,
pytorch,pytorch,2025-06-01,closed,CONTRIBUTOR,ae13b2e40,39,1,1,44,
pytorch,pytorch,2025-06-01,closed,CONTRIBUTOR,ae66f3706,0,0,5,22,
pytorch,pytorch,2025-06-01,closed,CONTRIBUTOR,ab345b729,0,0,0,,
pytorch,pytorch,2025-06-01,closed,CONTRIBUTOR,a37aaac61,421,8,0,,
pytorch,pytorch,2025-06-01,closed,CONTRIBUTOR,a6e991cda,155,3,0,,
pytorch,pytorch,2025-06-01,closed,COLLABORATOR,a4a94000b,13,3,1,31,
pytorch,pytorch,2025-06-01,closed,CONTRIBUTOR,a63e53439,4,1,1,26,
pytorch,pytorch,2025-06-01,closed,COLLABORATOR,a978a2c3f,9,1,0,,
pytorch,pytorch,2025-06-01,closed,COLLABORATOR,ad655184d,2,1,1,0,
pytorch,pytorch,2025-06-01,closed,CONTRIBUTOR,a930bd28c,426,5,0,,
pytorch,pytorch,2025-06-01,closed,CONTRIBUTOR,ae66f3706,5,1,5,2,
pytorch,pytorch,2025-06-01,closed,CONTRIBUTOR,a740472d6,51,2,1,103,
pytorch,pytorch,2025-06-01,closed,NONE,a006602b3,11,1,0,,
pytorch,pytorch,2025-06-01,closed,CONTRIBUTOR,a91ac4b9b,20,1,0,,
pytorch,pytorch,2025-06-01,closed,CONTRIBUTOR,a37aaac61,2,1,2,0,
pytorch,pytorch,2025-06-01,closed,CONTRIBUTOR,aa8d2fcec,30,2,1,17,
pytorch,pytorch,2025-06-01,closed,CONTRIBUTOR,add189f6d,51,4,1,10,
pytorch,pytorch,2025-06-01,closed,COLLABORATOR,afa2d0531,42,13,0,,
pytorch,pytorch,2025-06-01,closed,CONTRIBUTOR,a2e231ad4,470,10,4,433,
pytorch,pytorch,2025-06-01,closed,COLLABORATOR,a4a245b6f,172,25,2,4,
pytorch,pytorch,2025-06-01,closed,COLLABORATOR,a4a245b6f,281,31,1,25,
pytorch,pytorch,2025-06-01,closed,COLLABORATOR,a4a245b6f,186,30,0,,
pytorch,pytorch,2025-06-01,closed,CONTRIBUTOR,ae66f3706,4,1,3,1,
pytorch,pytorch,2025-06-01,closed,CONTRIBUTOR,a988da609,65,1,0,,
pytorch,pytorch,2025-06-01,closed,CONTRIBUTOR,a6e991cda,299,3,0,,
pytorch,pytorch,2025-06-01,closed,COLLABORATOR,aaee1c0cd,29,3,4,1,
pytorch,pytorch,2025-06-01,closed,COLLABORATOR,a5dc541f5,72,78,6,16,
pytorch,pytorch,2025-06-01,closed,CONTRIBUTOR,ad148afe6,3,1,1,53,
pytorch,pytorch,2025-06-01,closed,COLLABORATOR,a01eff35b,223,3,1,1,
pytorch,pytorch,2025-06-01,closed,CONTRIBUTOR,add189f6d,1,1,1,3,
pytorch,pytorch,2025-06-01,closed,COLLABORATOR,a01eff35b,7,1,2,528,
pytorch,pytorch,2025-06-01,closed,COLLABORATOR,a01eff35b,34,9,2,0,
pytorch,pytorch,2025-06-01,closed,CONTRIBUTOR,ae13b2e40,2,1,1,11,
pytorch,pytorch,2025-06-01,closed,COLLABORATOR,ab3e923f8,232,4,2,408,
pytorch,pytorch,2025-06-01,closed,COLLABORATOR,a01eff35b,28,11,2,48,
pytorch,pytorch,2025-06-01,closed,COLLABORATOR,af5bc3743,10,4,2,7,
pytorch,pytorch,2025-06-01,closed,CONTRIBUTOR,a1130134e,99,2,1,29,
pytorch,pytorch,2025-06-01,closed,CONTRIBUTOR,ab689c736,152,2,1,0,
pytorch,pytorch,2025-06-01,closed,CONTRIBUTOR,af6075a1c,679,7,10,1,
pytorch,pytorch,2025-06-01,closed,CONTRIBUTOR,a6c990658,19,1,1,24,
pytorch,pytorch,2025-06-01,closed,COLLABORATOR,aaee1c0cd,32,3,2,0,
pytorch,pytorch,2025-06-01,closed,COLLABORATOR,a5874920f,16,1,1,573,
pytorch,pytorch,2025-06-01,closed,CONTRIBUTOR,a785abea7,215,10,2,1,
pytorch,pytorch,2025-06-01,closed,CONTRIBUTOR,ae66f3706,17,1,3,47,
pytorch,pytorch,2025-06-01,closed,CONTRIBUTOR,a03adec0d,35,1,8,159,
pytorch,pytorch,2025-06-01,closed,CONTRIBUTOR,a8771ec62,221,7,1,19,
pytorch,pytorch,2025-06-01,closed,COLLABORATOR,a978a2c3f,11,1,1,156,
pytorch,pytorch,2025-06-01,closed,CONTRIBUTOR,a5e1148f1,230,3,31,0,
pytorch,pytorch,2025-06-01,closed,CONTRIBUTOR,a05331277,32,2,1,27,
pytorch,pytorch,2025-06-01,closed,CONTRIBUTOR,a28d35191,172,2,8,3,
pytorch,pytorch,2025-06-01,closed,COLLABORATOR,a01eff35b,25,1,0,,
pytorch,pytorch,2025-06-01,closed,CONTRIBUTOR,a4a414edc,31,4,2,16,
pytorch,pytorch,2025-06-01,closed,CONTRIBUTOR,a8771ec62,1741,4,0,,
pytorch,pytorch,2025-06-01,closed,COLLABORATOR,aeba75f66,8,1,0,,
pytorch,pytorch,2025-06-01,closed,COLLABORATOR,a01eff35b,252,49,3,56,
pytorch,pytorch,2025-06-01,closed,COLLABORATOR,a01eff35b,141,30,1,7,
pytorch,pytorch,2025-06-01,closed,COLLABORATOR,a01eff35b,193,49,2,2,
pytorch,pytorch,2025-06-01,closed,COLLABORATOR,a01eff35b,117,32,1,57,
pytorch,pytorch,2025-06-01,closed,COLLABORATOR,a01eff35b,150,32,1,57,
pytorch,pytorch,2025-06-01,closed,COLLABORATOR,a01eff35b,161,43,2,57,
pytorch,pytorch,2025-06-01,closed,CONTRIBUTOR,a8d482f18,9,3,0,,
pytorch,pytorch,2025-06-01,closed,CONTRIBUTOR,ab2ece173,177,3,0,,
pytorch,pytorch,2025-06-01,closed,COLLABORATOR,ab06db1d7,3,1,1,15,
pytorch,pytorch,2025-06-01,closed,COLLABORATOR,a5dc541f5,26,12,1,184,
pytorch,pytorch,2025-06-01,closed,COLLABORATOR,aeba75f66,245,3,0,,
pytorch,pytorch,2025-06-01,closed,COLLABORATOR,aeba75f66,259,3,6,1,
pytorch,pytorch,2025-06-01,closed,COLLABORATOR,aeac7bc7f,21,1,0,,
pytorch,pytorch,2025-06-01,closed,COLLABORATOR,aeac7bc7f,26,2,5,96,
pytorch,pytorch,2025-06-01,closed,COLLABORATOR,a01eff35b,92,1,1,8,
pytorch,pytorch,2025-06-01,closed,CONTRIBUTOR,abd4fe483,13,1,0,,
pytorch,pytorch,2025-06-01,closed,CONTRIBUTOR,ae13b2e40,547,9,0,,
pytorch,pytorch,2025-06-01,closed,CONTRIBUTOR,a28d35191,100,2,4,11,
pytorch,pytorch,2025-06-01,closed,CONTRIBUTOR,a28d35191,112,2,0,,
pytorch,pytorch,2025-06-01,closed,CONTRIBUTOR,a8771ec62,171,4,0,,
pytorch,pytorch,2025-06-01,closed,CONTRIBUTOR,a121e41b3,175,1,3,6,
pytorch,pytorch,2025-06-01,closed,CONTRIBUTOR,a6403f37c,280,7,1,0,
pytorch,pytorch,2025-06-01,closed,CONTRIBUTOR,a63e53439,7,2,1,4,
pytorch,pytorch,2025-06-01,closed,COLLABORATOR,aeba75f66,27,2,1,147,
pytorch,pytorch,2025-06-01,closed,CONTRIBUTOR,a785abea7,4,1,1,3,
pytorch,pytorch,2025-06-01,closed,CONTRIBUTOR,afc4b5a75,2,1,1,59,
pytorch,pytorch,2025-06-01,closed,MEMBER,a82fe44ad,101,1,2,43,
pytorch,pytorch,2025-06-01,closed,CONTRIBUTOR,a642039ad,501,10,0,,
pytorch,pytorch,2025-06-01,closed,COLLABORATOR,aeba75f66,2,1,1,31,
pytorch,pytorch,2025-06-01,closed,COLLABORATOR,a55982b43,4,1,1,595,
pytorch,pytorch,2025-06-01,closed,CONTRIBUTOR,a1e585980,3,2,1,11,
pytorch,pytorch,2025-06-01,closed,COLLABORATOR,af5bc3743,20,1,1,16,
pytorch,pytorch,2025-06-01,closed,CONTRIBUTOR,a26ab3d57,43,2,4,0,
pytorch,pytorch,2025-06-01,closed,COLLABORATOR,a6b8aa871,2,1,1,11,
pytorch,pytorch,2025-06-01,closed,COLLABORATOR,a01eff35b,132,33,1,125,
pytorch,pytorch,2025-06-01,closed,COLLABORATOR,a01eff35b,76,26,3,182,
pytorch,pytorch,2025-06-01,closed,CONTRIBUTOR,add189f6d,2,1,1,0,
pytorch,pytorch,2025-06-01,closed,CONTRIBUTOR,add189f6d,2,1,0,,
pytorch,pytorch,2025-06-01,closed,CONTRIBUTOR,aab87ca8f,4,1,0,,
pytorch,pytorch,2025-06-01,closed,CONTRIBUTOR,af188d2fd,30,1,1,2,
pytorch,pytorch,2025-06-01,closed,CONTRIBUTOR,a6e991cda,349,4,0,,
pytorch,pytorch,2025-06-01,closed,COLLABORATOR,aaee1c0cd,164,11,8,0,
pytorch,pytorch,2025-06-01,closed,COLLABORATOR,a65c747a0,42,2,2,0,
pytorch,pytorch,2025-06-01,closed,COLLABORATOR,aeac7bc7f,6,3,3,17,
pytorch,pytorch,2025-06-01,closed,COLLABORATOR,abfbbfb4a,876,33,0,,
pytorch,pytorch,2025-06-01,closed,CONTRIBUTOR,a6403f37c,32,1,1,8,
pytorch,pytorch,2025-06-01,closed,COLLABORATOR,af5bc3743,2,1,0,,
pytorch,pytorch,2025-06-01,closed,CONTRIBUTOR,aa0a5573a,4702,10,8,14,
pytorch,pytorch,2025-06-01,closed,CONTRIBUTOR,a79eef296,166,1,0,,
pytorch,pytorch,2025-06-01,closed,CONTRIBUTOR,ab028fbf6,6,1,2,1,
pytorch,pytorch,2025-06-01,closed,CONTRIBUTOR,a1eb0cd02,560,2,4,30,
pytorch,pytorch,2025-06-01,closed,CONTRIBUTOR,ac88aee48,152,13,0,,
pytorch,pytorch,2025-06-01,closed,CONTRIBUTOR,a2c89a862,8,2,6,0,
pytorch,pytorch,2025-06-01,closed,COLLABORATOR,aeac7bc7f,3,1,3,342,
pytorch,pytorch,2025-06-01,closed,CONTRIBUTOR,a9c2dad37,9,1,0,,
pytorch,pytorch,2025-06-01,closed,CONTRIBUTOR,ab689c736,16,2,3,0,
pytorch,pytorch,2025-06-01,closed,CONTRIBUTOR,a1eabcb5d,109,1,0,,
pytorch,pytorch,2025-06-01,closed,CONTRIBUTOR,aeab82720,90,2,2,506,
pytorch,pytorch,2025-06-01,closed,COLLABORATOR,aaee1c0cd,385,4,3,481,
pytorch,pytorch,2025-06-01,closed,MEMBER,a1a5a17e0,24,1,4,0,
pytorch,pytorch,2025-06-01,closed,CONTRIBUTOR,a785abea7,21,1,1,25,
pytorch,pytorch,2025-06-01,closed,MEMBER,a846e2bc0,52,4,3,1,
pytorch,pytorch,2025-06-01,closed,COLLABORATOR,ad655184d,2,1,1,0,
pytorch,pytorch,2025-06-01,closed,COLLABORATOR,ae25f14a4,8,2,1,110,
pytorch,pytorch,2025-06-01,closed,COLLABORATOR,a0684f932,14,3,0,,
pytorch,pytorch,2025-06-01,closed,CONTRIBUTOR,aab87ca8f,2,1,0,,
pytorch,pytorch,2025-06-01,closed,CONTRIBUTOR,aab87ca8f,3,1,0,,
pytorch,pytorch,2025-06-01,closed,CONTRIBUTOR,aab87ca8f,1,1,0,,
pytorch,pytorch,2025-06-01,closed,CONTRIBUTOR,aab87ca8f,4,1,1,11,
pytorch,pytorch,2025-06-01,closed,CONTRIBUTOR,aab87ca8f,2,1,1,11,
pytorch,pytorch,2025-06-01,closed,CONTRIBUTOR,aab87ca8f,2,1,2,11,
pytorch,pytorch,2025-06-01,closed,CONTRIBUTOR,a6002df3d,20,2,6,4,
pytorch,pytorch,2025-06-01,closed,CONTRIBUTOR,abb196885,213,4,1,5,
pytorch,pytorch,2025-06-01,closed,CONTRIBUTOR,a95a7bc64,136,4,5,1,
pytorch,pytorch,2025-06-01,closed,CONTRIBUTOR,a1eabcb5d,99,1,0,,
pytorch,pytorch,2025-06-01,closed,CONTRIBUTOR,a6403f37c,95,8,2,19,
pytorch,pytorch,2025-06-01,closed,CONTRIBUTOR,ae13b2e40,248,10,0,,
pytorch,pytorch,2025-06-01,closed,COLLABORATOR,a6b8aa871,0,0,2,59,
pytorch,pytorch,2025-06-01,closed,CONTRIBUTOR,aca396d20,76,5,2,26,
pytorch,pytorch,2025-06-01,closed,CONTRIBUTOR,a56222d4e,339,1,0,,
pytorch,pytorch,2025-06-01,closed,CONTRIBUTOR,aeab82720,48,2,4,437,
pytorch,pytorch,2025-06-01,closed,MEMBER,aa56983ab,429,4,1,0,
pytorch,pytorch,2025-06-01,closed,MEMBER,ab3c582b3,22,1,9,16,
pytorch,pytorch,2025-06-01,closed,CONTRIBUTOR,ae62017ee,155,4,4,655,
pytorch,pytorch,2025-06-01,closed,CONTRIBUTOR,ae13b2e40,35,2,1,0,
pytorch,pytorch,2025-06-01,closed,NONE,ac446fae0,2,1,0,,
pytorch,pytorch,2025-06-01,closed,CONTRIBUTOR,a0deeb99a,72,4,0,,
pytorch,pytorch,2025-06-01,closed,CONTRIBUTOR,ae13b2e40,12,1,1,191,
pytorch,pytorch,2025-06-01,merged,COLLABORATOR,abb677e08,119,7,3,47,284
pytorch,pytorch,2025-06-01,closed,CONTRIBUTOR,a093bd8f8,20,2,0,,
pytorch,pytorch,2025-06-01,closed,CONTRIBUTOR,a38d1b916,18,4,4,4,
pytorch,pytorch,2025-06-01,closed,COLLABORATOR,a286957d0,2,1,1,0,
pytorch,pytorch,2025-07-01,closed,CONTRIBUTOR,a8306e1b5,2,1,1,91,
pytorch,pytorch,2025-07-01,closed,COLLABORATOR,a0684f932,15,1,2,23,
pytorch,pytorch,2025-07-01,closed,CONTRIBUTOR,add189f6d,4,1,4,0,
pytorch,pytorch,2025-07-01,closed,CONTRIBUTOR,a8dd56e6a,700,5,17,0,
pytorch,pytorch,2025-07-01,closed,CONTRIBUTOR,a6403f37c,1903,1,1,0,
pytorch,pytorch,2025-07-01,closed,COLLABORATOR,aaee1c0cd,3,1,2,14,
pytorch,pytorch,2025-07-01,closed,CONTRIBUTOR,ae66f3706,7,4,1,2,
pytorch,pytorch,2025-07-01,closed,CONTRIBUTOR,a9da25011,61,3,0,,
pytorch,pytorch,2025-07-01,closed,CONTRIBUTOR,ab028fbf6,16,1,3,0,
pytorch,pytorch,2025-07-01,closed,COLLABORATOR,a21df1e70,5,1,3,8,
pytorch,pytorch,2025-07-01,closed,CONTRIBUTOR,ae13b2e40,61,3,0,,
pytorch,pytorch,2025-07-01,closed,MEMBER,a846e2bc0,1767,16,2,182,
pytorch,pytorch,2025-07-01,closed,CONTRIBUTOR,ab028fbf6,1233,2,4,0,
pytorch,pytorch,2025-07-01,closed,CONTRIBUTOR,a47e77caa,0,0,13,27,
pytorch,pytorch,2025-07-01,closed,CONTRIBUTOR,ae3b52e27,3,1,1,0,
pytorch,pytorch,2025-07-01,closed,CONTRIBUTOR,a106304fc,2,1,1,94,
pytorch,pytorch,2025-07-01,closed,CONTRIBUTOR,aad42f064,65,2,17,23,
pytorch,pytorch,2025-07-01,closed,NONE,ab6ea424a,47,1,0,,
pytorch,pytorch,2025-07-01,closed,CONTRIBUTOR,abbf50ef0,2,1,1,4,
pytorch,pytorch,2025-07-01,closed,CONTRIBUTOR,ab028fbf6,60,3,4,0,
pytorch,pytorch,2025-07-01,closed,COLLABORATOR,a01eff35b,366,54,7,1,
pytorch,pytorch,2025-07-01,closed,COLLABORATOR,a01eff35b,81,19,2,1,
pytorch,pytorch,2025-07-01,closed,COLLABORATOR,a01eff35b,117,28,2,1,
pytorch,pytorch,2025-07-01,closed,CONTRIBUTOR,a0deeb99a,2,1,1,65,
pytorch,pytorch,2025-07-01,closed,CONTRIBUTOR,a0deeb99a,4,1,0,,
pytorch,pytorch,2025-07-01,closed,COLLABORATOR,a01eff35b,446,39,0,,
pytorch,pytorch,2025-07-01,closed,CONTRIBUTOR,ae13b2e40,770,15,0,,
pytorch,pytorch,2025-07-01,closed,COLLABORATOR,a0a5ccaf7,6,2,1,6,
pytorch,pytorch,2025-07-01,closed,CONTRIBUTOR,a106304fc,682,21,7,0,
pytorch,pytorch,2025-07-01,closed,CONTRIBUTOR,af46aca0f,32,2,1,0,
pytorch,pytorch,2025-07-01,closed,MEMBER,ab3c582b3,169,2,3,49,
pytorch,pytorch,2025-07-01,closed,CONTRIBUTOR,ab791a946,1,1,2,0,
pytorch,pytorch,2025-07-01,closed,CONTRIBUTOR,ab2ece173,60,2,0,,
pytorch,pytorch,2025-07-01,closed,CONTRIBUTOR,ab2ece173,60,2,0,,
pytorch,pytorch,2025-07-01,closed,COLLABORATOR,a6c95b819,33,10,0,,
pytorch,pytorch,2025-07-01,closed,COLLABORATOR,a01eff35b,126,9,1,51,
pytorch,pytorch,2025-07-01,closed,COLLABORATOR,ab80641ee,7,2,1,246,
pytorch,pytorch,2025-07-01,closed,CONTRIBUTOR,a930bd28c,198,3,7,0,
pytorch,pytorch,2025-07-01,closed,COLLABORATOR,a5dc541f5,23,7,0,,
pytorch,pytorch,2025-07-01,closed,CONTRIBUTOR,a6930a452,238,2,7,24,
pytorch,pytorch,2025-07-01,closed,CONTRIBUTOR,ae13b2e40,22,1,1,17,
pytorch,pytorch,2025-07-01,closed,COLLABORATOR,a21df1e70,4,2,1,20,
pytorch,pytorch,2025-07-01,closed,NONE,ab6ea424a,13,1,5,15,
pytorch,pytorch,2025-07-01,closed,CONTRIBUTOR,aa238cb0a,59,1,1,3,
pytorch,pytorch,2025-07-01,closed,CONTRIBUTOR,a642039ad,10,1,5,0,
pytorch,pytorch,2025-07-01,closed,COLLABORATOR,a55d2cdc8,27,5,1,9,
pytorch,pytorch,2025-07-01,closed,CONTRIBUTOR,a930bd28c,21,1,1,2,
pytorch,pytorch,2025-07-01,closed,CONTRIBUTOR,a6002df3d,6,1,1,0,
pytorch,pytorch,2025-07-01,closed,CONTRIBUTOR,a63e53439,16,3,1,0,
pytorch,pytorch,2025-07-01,closed,CONTRIBUTOR,a5906420c,60,2,1,1,
pytorch,pytorch,2025-07-01,closed,CONTRIBUTOR,a1130134e,682,2,2,43,
pytorch,pytorch,2025-07-01,closed,CONTRIBUTOR,a4b5365a5,89,4,2,117,
pytorch,pytorch,2025-07-01,closed,CONTRIBUTOR,a3be39839,255,5,0,,
pytorch,pytorch,2025-07-01,closed,MEMBER,a846e2bc0,192,7,1,47,
pytorch,pytorch,2025-07-01,closed,COLLABORATOR,a22ea5b25,12,2,2,10,
pytorch,pytorch,2025-07-01,closed,CONTRIBUTOR,ae13b2e40,2,1,0,,
pytorch,pytorch,2025-07-01,closed,CONTRIBUTOR,ae13b2e40,765,14,0,,
pytorch,pytorch,2025-07-01,closed,CONTRIBUTOR,af46aca0f,71,4,0,,
pytorch,pytorch,2025-07-01,closed,CONTRIBUTOR,af188d2fd,7,1,1,102,
pytorch,pytorch,2025-07-01,closed,COLLABORATOR,a5dc541f5,199,9,0,,
pytorch,pytorch,2025-07-01,closed,COLLABORATOR,a18695e74,78,1,2,4,
pytorch,pytorch,2025-07-01,closed,COLLABORATOR,a0a5ccaf7,1,1,2,2,
pytorch,pytorch,2025-07-01,closed,CONTRIBUTOR,adf0abdcd,1086,7,0,,
pytorch,pytorch,2025-07-01,closed,CONTRIBUTOR,af188d2fd,7,1,0,,
pytorch,pytorch,2025-07-01,closed,COLLABORATOR,a01eff35b,47,10,0,,
pytorch,pytorch,2025-07-01,closed,CONTRIBUTOR,a6e991cda,47,2,6,7,
pytorch,pytorch,2025-07-01,closed,CONTRIBUTOR,a7013d732,2,1,1,78,
pytorch,pytorch,2025-07-01,closed,CONTRIBUTOR,af188d2fd,20,3,4,1,
pytorch,pytorch,2025-07-01,closed,CONTRIBUTOR,affa1f180,215,6,10,2,
pytorch,pytorch,2025-07-01,closed,CONTRIBUTOR,ac76f946f,103,4,1,23,
pytorch,pytorch,2025-07-01,closed,COLLABORATOR,a0a5ccaf7,176,2,1,3253,
pytorch,pytorch,2025-07-01,merged,COLLABORATOR,abb677e08,223,5,1,199,199
pytorch,pytorch,2025-07-01,closed,CONTRIBUTOR,a6403f37c,266,21,2,23,
pytorch,pytorch,2025-07-01,closed,CONTRIBUTOR,a7013d732,2,1,1,1,
pytorch,pytorch,2025-07-01,closed,MEMBER,a1a5a17e0,41,2,5,0,
pytorch,pytorch,2025-07-01,closed,CONTRIBUTOR,a9c2dad37,29,5,1,17,
pytorch,pytorch,2025-07-01,closed,CONTRIBUTOR,a8d482f18,4,1,1,17,
pytorch,pytorch,2025-07-01,closed,CONTRIBUTOR,aa8d2fcec,930,3,2,16,
pytorch,pytorch,2025-07-01,closed,CONTRIBUTOR,aa8d2fcec,863,4,2,25,
pytorch,pytorch,2025-07-01,closed,CONTRIBUTOR,adf0abdcd,134,4,0,,
pytorch,pytorch,2025-07-01,closed,CONTRIBUTOR,a6acce7b9,72,5,17,0,
pytorch,pytorch,2025-07-01,closed,COLLABORATOR,a21df1e70,2,1,6,9,
pytorch,pytorch,2025-07-01,closed,CONTRIBUTOR,a8d482f18,1,1,1,21,
pytorch,pytorch,2025-07-01,closed,CONTRIBUTOR,a740472d6,23,2,0,,
pytorch,pytorch,2025-07-01,closed,CONTRIBUTOR,a95a7bc64,51,2,1,18,
pytorch,pytorch,2025-07-01,closed,CONTRIBUTOR,a76060dbc,114,3,2,0,
pytorch,pytorch,2025-07-01,closed,CONTRIBUTOR,ab2ece173,27,1,0,,
pytorch,pytorch,2025-07-01,closed,MEMBER,a639486d2,32,3,1,0,
pytorch,pytorch,2025-07-01,closed,COLLABORATOR,a6cfb0643,3,1,0,,
pytorch,pytorch,2025-07-01,closed,CONTRIBUTOR,a9c2dad37,6298,13,1,1693,
pytorch,pytorch,2025-07-01,closed,CONTRIBUTOR,add61895c,28,6,4,0,
pytorch,pytorch,2025-07-01,closed,CONTRIBUTOR,af0d7b6a9,9,1,2,8,
pytorch,pytorch,2025-07-01,closed,CONTRIBUTOR,a05331277,325,6,4,29,
pytorch,pytorch,2025-07-01,closed,CONTRIBUTOR,aa238cb0a,61,4,1,0,
pytorch,pytorch,2025-07-01,closed,MEMBER,a639486d2,33,3,1,6,
pytorch,pytorch,2025-07-01,closed,CONTRIBUTOR,ae7a7efe1,71,4,2,0,
pytorch,pytorch,2025-07-01,closed,COLLABORATOR,a01eff35b,9,1,1,1124,
pytorch,pytorch,2025-07-01,closed,CONTRIBUTOR,a7013d732,8,2,1,4,
pytorch,pytorch,2025-07-01,closed,CONTRIBUTOR,add189f6d,15,1,3,0,
pytorch,pytorch,2025-07-01,closed,CONTRIBUTOR,a2e231ad4,149,3,1,117,
pytorch,pytorch,2025-07-01,closed,CONTRIBUTOR,a8d482f18,7,1,1,2,
pytorch,pytorch,2025-07-01,closed,CONTRIBUTOR,a0a52b182,237,5,1,6,
pytorch,pytorch,2025-07-01,closed,CONTRIBUTOR,a6002df3d,8,2,1,17,
pytorch,pytorch,2025-07-01,closed,CONTRIBUTOR,a41334601,5,1,3,0,
pytorch,pytorch,2025-07-01,closed,CONTRIBUTOR,a9c2dad37,6,1,1,168,
pytorch,pytorch,2025-07-01,closed,CONTRIBUTOR,a76060dbc,31,2,1,166,
pytorch,pytorch,2025-07-01,closed,CONTRIBUTOR,afb62a5b9,13,1,1,117,
pytorch,pytorch,2025-07-01,closed,COLLABORATOR,aeac7bc7f,5,1,2,113,
pytorch,pytorch,2025-07-01,closed,COLLABORATOR,aeac7bc7f,20,8,1,10,
pytorch,pytorch,2025-07-01,closed,MEMBER,a1d1ec4c4,36,1,1,0,
pytorch,pytorch,2025-07-01,closed,COLLABORATOR,a21df1e70,439,1,13,2,
pytorch,pytorch,2025-07-01,merged,CONTRIBUTOR,ab028fbf6,48,4,2,1,1
pytorch,pytorch,2025-07-01,closed,COLLABORATOR,a01eff35b,181,17,1,52,
pytorch,pytorch,2025-07-01,closed,COLLABORATOR,a5dc541f5,72,31,1,72,
pytorch,pytorch,2025-07-01,closed,CONTRIBUTOR,ae66f3706,43,3,3,162,
pytorch,pytorch,2025-07-01,closed,CONTRIBUTOR,ab9fc4641,13,1,5,64,
pytorch,pytorch,2025-07-01,closed,NONE,ad3c67896,12,1,1,2,
pytorch,pytorch,2025-07-01,closed,CONTRIBUTOR,a36136ef9,6,1,0,,
pytorch,pytorch,2025-07-01,closed,CONTRIBUTOR,add189f6d,752,23,1,0,
pytorch,pytorch,2025-07-01,closed,COLLABORATOR,a265333b2,105,1,1,5,
pytorch,pytorch,2025-07-01,closed,CONTRIBUTOR,a3b6aa0a0,5,3,2,2,
pytorch,pytorch,2025-07-01,closed,MEMBER,af9a90ce4,153,3,3,1,
pytorch,pytorch,2025-07-01,closed,CONTRIBUTOR,a8bcb8cff,5,1,0,,
pytorch,pytorch,2025-07-01,closed,COLLABORATOR,aab0b0a28,18550,90,0,,
pytorch,pytorch,2025-07-01,closed,COLLABORATOR,a8fb04369,1,1,1,0,
pytorch,pytorch,2025-07-01,closed,CONTRIBUTOR,a19b7a6da,4,2,1,1,
pytorch,pytorch,2025-07-01,closed,CONTRIBUTOR,aa9ac2ea5,83,3,1,0,
pytorch,pytorch,2025-07-01,closed,CONTRIBUTOR,a6c9842dd,126,3,2,2,
pytorch,pytorch,2025-07-01,merged,CONTRIBUTOR,a6002df3d,4,1,3,19,21
pytorch,pytorch,2025-07-01,closed,CONTRIBUTOR,a740472d6,936,5,0,,
pytorch,pytorch,2025-07-01,closed,NONE,a35443635,69,1,0,,
pytorch,pytorch,2025-07-01,closed,COLLABORATOR,af5bc3743,41,2,0,,
pytorch,pytorch,2025-07-01,closed,CONTRIBUTOR,ab9fc4641,2,1,2,0,
pytorch,pytorch,2025-07-01,merged,COLLABORATOR,abb677e08,242,4,2,0,1
pytorch,pytorch,2025-07-01,closed,CONTRIBUTOR,a9dd2e3c0,21,1,5,1,
pytorch,pytorch,2025-07-01,closed,COLLABORATOR,ac8c0369e,326,8,1,73,
pytorch,pytorch,2025-07-01,closed,CONTRIBUTOR,a8d482f18,125,6,8,11,
pytorch,pytorch,2025-07-01,closed,COLLABORATOR,a8fc1f349,21,2,4,477,
pytorch,pytorch,2025-07-01,closed,COLLABORATOR,a5dc541f5,43,4,2,3,
pytorch,pytorch,2025-07-01,closed,MEMBER,a3d2e421c,2,1,1,0,
pytorch,pytorch,2025-07-01,closed,CONTRIBUTOR,af188d2fd,2,1,3,2,
pytorch,pytorch,2025-07-01,closed,CONTRIBUTOR,add189f6d,3,1,0,,
pytorch,pytorch,2025-07-01,closed,CONTRIBUTOR,ada8418c2,3,2,4,20,
pytorch,pytorch,2025-07-01,closed,MEMBER,ab3c582b3,27,3,3,11,
pytorch,pytorch,2025-07-01,closed,COLLABORATOR,a821316f3,16,2,0,,
pytorch,pytorch,2025-07-01,closed,CONTRIBUTOR,a6930a452,598,23,2,0,
pytorch,pytorch,2025-07-01,closed,CONTRIBUTOR,a76060dbc,16,1,1,4,
pytorch,pytorch,2025-07-01,closed,CONTRIBUTOR,a76060dbc,7,1,1,4,
pytorch,pytorch,2025-07-01,closed,CONTRIBUTOR,afc4b5a75,17,1,1,167,
pytorch,pytorch,2025-07-01,closed,COLLABORATOR,a22ea5b25,401,14,25,0,
pytorch,pytorch,2025-07-01,closed,CONTRIBUTOR,af188d2fd,6,3,0,,
pytorch,pytorch,2025-07-01,closed,CONTRIBUTOR,a3fe55b7a,11,1,1,13,
pytorch,pytorch,2025-07-01,closed,NONE,aabe5d7ed,4,1,0,,
pytorch,pytorch,2025-07-01,closed,NONE,aabe5d7ed,2,1,1,0,
pytorch,pytorch,2025-07-01,closed,CONTRIBUTOR,ae7a7efe1,26,3,1,68,
pytorch,pytorch,2025-07-01,closed,CONTRIBUTOR,ab3131f80,21,2,0,,
pytorch,pytorch,2025-07-01,closed,COLLABORATOR,a5874920f,302,7,2,1,
pytorch,pytorch,2025-07-01,closed,CONTRIBUTOR,a785abea7,175,20,17,76,
pytorch,pytorch,2025-07-01,closed,CONTRIBUTOR,aa35e944c,10,2,0,,
pytorch,pytorch,2025-07-01,closed,COLLABORATOR,ae25f14a4,8,1,1,3,
pytorch,pytorch,2025-07-01,closed,CONTRIBUTOR,afc4b5a75,237,18,3,52,
pytorch,pytorch,2025-07-01,closed,NONE,afc7f2f15,81,3,8,113,
pytorch,pytorch,2025-07-01,closed,CONTRIBUTOR,ae7a7efe1,81,11,1,26,
pytorch,pytorch,2025-07-01,closed,COLLABORATOR,ae25f14a4,117,3,10,26,
pytorch,pytorch,2025-07-01,closed,COLLABORATOR,a4a245b6f,196,6,1,54,
pytorch,pytorch,2025-07-01,closed,CONTRIBUTOR,a8bcb8cff,1527,40,2,23,
pytorch,pytorch,2025-07-01,closed,CONTRIBUTOR,aa8d2fcec,100,2,0,,
pytorch,pytorch,2025-07-01,closed,CONTRIBUTOR,a1eb0cd02,30,1,1,13,
pytorch,pytorch,2025-07-01,closed,CONTRIBUTOR,aa238cb0a,363,4,0,,
pytorch,pytorch,2025-07-01,closed,COLLABORATOR,ae25f14a4,42,1,6,10,
pytorch,pytorch,2025-07-01,closed,MEMBER,ada7267e4,4,1,1,3,
pytorch,pytorch,2025-07-01,closed,CONTRIBUTOR,a70909928,332,7,16,1,
pytorch,pytorch,2025-07-01,closed,CONTRIBUTOR,a5906420c,36,1,0,,
pytorch,pytorch,2025-07-01,closed,CONTRIBUTOR,aa238cb0a,953,5,2,25,
pytorch,pytorch,2025-07-01,closed,CONTRIBUTOR,a6930a452,115,3,2,3,
pytorch,pytorch,2025-07-01,closed,CONTRIBUTOR,ad87dc276,1330,3,5,12,
pytorch,pytorch,2025-07-01,closed,CONTRIBUTOR,aaf1808dd,15,1,1,696,
pytorch,pytorch,2025-07-01,closed,CONTRIBUTOR,aa7e8f030,108,3,16,5,
pytorch,pytorch,2025-07-01,closed,CONTRIBUTOR,a05134a18,65,2,6,27,
pytorch,pytorch,2025-07-01,closed,CONTRIBUTOR,a740472d6,28,8,2,133,
pytorch,pytorch,2025-07-01,closed,CONTRIBUTOR,a6e3e1227,18,2,2,2,
pytorch,pytorch,2025-07-01,closed,CONTRIBUTOR,a554ec844,22,1,1,0,
pytorch,pytorch,2025-07-01,closed,CONTRIBUTOR,a18f0fb4a,610,5,17,17,
pytorch,pytorch,2025-07-01,closed,CONTRIBUTOR,ad148afe6,2,1,1,0,
pytorch,pytorch,2025-07-01,closed,CONTRIBUTOR,a740472d6,327,9,1,65,
pytorch,pytorch,2025-07-01,closed,CONTRIBUTOR,af188d2fd,17,1,1,113,
pytorch,pytorch,2025-07-01,closed,CONTRIBUTOR,a642039ad,15,1,2,23,
pytorch,pytorch,2025-07-01,closed,CONTRIBUTOR,a9db4d124,8,1,8,2,
pytorch,pytorch,2025-07-01,closed,CONTRIBUTOR,af0d7b6a9,27,1,2,95,
pytorch,pytorch,2025-07-01,closed,CONTRIBUTOR,af188d2fd,6,1,5,22,
pytorch,pytorch,2025-07-01,closed,CONTRIBUTOR,afb62a5b9,4,1,1,0,
pytorch,pytorch,2025-07-01,closed,CONTRIBUTOR,aa35e944c,3,1,0,,
pytorch,pytorch,2025-07-01,closed,CONTRIBUTOR,aaf4a6cae,6,2,1,6,
pytorch,pytorch,2025-07-01,closed,CONTRIBUTOR,ae66f3706,13,3,1,0,
pytorch,pytorch,2025-07-01,closed,COLLABORATOR,ad655184d,2,1,1,0,
pytorch,pytorch,2025-08-01,closed,CONTRIBUTOR,a41334601,3,1,1,0,
pytorch,pytorch,2025-08-01,closed,CONTRIBUTOR,a554ec844,124,3,2,60,
pytorch,pytorch,2025-08-01,closed,CONTRIBUTOR,a36136ef9,4,1,1,2,
pytorch,pytorch,2025-08-01,closed,CONTRIBUTOR,aa0d5fb86,10,2,2,60,
pytorch,pytorch,2025-08-01,closed,CONTRIBUTOR,a94cbb390,10,1,1,23,
pytorch,pytorch,2025-08-01,closed,COLLABORATOR,ae25f14a4,5,1,2,25,
pytorch,pytorch,2025-08-01,closed,CONTRIBUTOR,add189f6d,4,1,1,0,
pytorch,pytorch,2025-08-01,closed,CONTRIBUTOR,a18c03ea5,109,4,1,17,
pytorch,pytorch,2025-08-01,closed,COLLABORATOR,a0684f932,7,1,2,163,
pytorch,pytorch,2025-08-01,closed,COLLABORATOR,a6cfb0643,17,1,1,335,
pytorch,pytorch,2025-08-01,closed,CONTRIBUTOR,a8bcb8cff,243,1,2,1009,
pytorch,pytorch,2025-08-01,closed,CONTRIBUTOR,a6e3e1227,308,3,0,,
pytorch,pytorch,2025-08-01,closed,CONTRIBUTOR,a868cfe77,2,1,1,2,
pytorch,pytorch,2025-08-01,closed,CONTRIBUTOR,a8c7404f1,1,1,1,265,
pytorch,pytorch,2025-08-01,closed,MEMBER,a1a5a17e0,108,1,3,1,
pytorch,pytorch,2025-08-01,closed,COLLABORATOR,ad655184d,2,1,1,0,
pytorch,pytorch,2025-08-01,closed,CONTRIBUTOR,a3be39839,47,4,6,253,
pytorch,pytorch,2025-08-01,closed,COLLABORATOR,a0aaba698,2,1,0,,
pytorch,pytorch,2025-08-01,closed,COLLABORATOR,a02fee006,5,1,0,,
pytorch,pytorch,2025-08-01,closed,CONTRIBUTOR,aa35e944c,2,1,0,,
pytorch,pytorch,2025-08-01,closed,NONE,,55,1,0,,
pytorch,pytorch,2025-08-01,closed,COLLABORATOR,a22ea5b25,344,7,0,,
pytorch,pytorch,2025-08-01,closed,COLLABORATOR,a55982b43,2,1,1,0,
pytorch,pytorch,2025-08-01,closed,CONTRIBUTOR,a1eb0cd02,90,3,11,1,
pytorch,pytorch,2025-08-01,closed,COLLABORATOR,ae25f14a4,102,2,3,11,
pytorch,pytorch,2025-08-01,closed,CONTRIBUTOR,a642039ad,372,1,13,1,
pytorch,pytorch,2025-08-01,closed,CONTRIBUTOR,a740472d6,65,2,7,0,
pytorch,pytorch,2025-08-01,closed,CONTRIBUTOR,add189f6d,108,2,1,2,
pytorch,pytorch,2025-08-01,closed,COLLABORATOR,ae25f14a4,120,1,1,19,
pytorch,pytorch,2025-08-01,closed,COLLABORATOR,a8fb04369,1,1,3,1,
pytorch,pytorch,2025-08-01,closed,CONTRIBUTOR,a3b6aa0a0,7,1,0,,
pytorch,pytorch,2025-08-01,closed,CONTRIBUTOR,a3b6aa0a0,0,0,0,,
pytorch,pytorch,2025-08-01,closed,MEMBER,a1a5a17e0,63,1,1,134,
pytorch,pytorch,2025-08-01,closed,MEMBER,a1a5a17e0,9,4,0,,
pytorch,pytorch,2025-08-01,closed,COLLABORATOR,ae25f14a4,10,1,4,6,
pytorch,pytorch,2025-08-01,closed,CONTRIBUTOR,a3b6aa0a0,1663,18,23,29,
pytorch,pytorch,2025-08-01,closed,COLLABORATOR,a21df1e70,330,8,3,533,
pytorch,pytorch,2025-08-01,closed,COLLABORATOR,a821316f3,15,2,0,,
pytorch,pytorch,2025-08-01,closed,CONTRIBUTOR,a8dd56e6a,252,5,0,,
pytorch,pytorch,2025-08-01,closed,CONTRIBUTOR,a3b6aa0a0,0,0,0,,
pytorch,pytorch,2025-08-01,closed,CONTRIBUTOR,a785abea7,55,2,1,32,
pytorch,pytorch,2025-08-01,closed,CONTRIBUTOR,a3be39839,64,2,7,0,
pytorch,pytorch,2025-08-01,closed,CONTRIBUTOR,af188d2fd,13,1,2,21,
pytorch,pytorch,2025-08-01,closed,COLLABORATOR,a8b0d2ff6,2,1,2,2,
pytorch,pytorch,2025-08-01,closed,CONTRIBUTOR,aa238cb0a,44,2,2,0,
pytorch,pytorch,2025-08-01,closed,CONTRIBUTOR,a930bd28c,6,1,1,132,
pytorch,pytorch,2025-08-01,closed,COLLABORATOR,ab6cb35e7,113,6,2,168,
pytorch,pytorch,2025-08-01,closed,CONTRIBUTOR,a5906420c,140,2,3,313,
pytorch,pytorch,2025-08-01,closed,NONE,add1cd6bf,787400,3000,0,,
pytorch,pytorch,2025-08-01,closed,COLLABORATOR,a5dc541f5,442,149,1,97,
pytorch,pytorch,2025-08-01,closed,CONTRIBUTOR,ab2ece173,5,1,2,0,
pytorch,pytorch,2025-08-01,closed,COLLABORATOR,ad655184d,2,1,1,0,
pytorch,pytorch,2025-08-01,closed,NONE,a911443e9,2,1,0,,
pytorch,pytorch,2025-08-01,closed,COLLABORATOR,ae25f14a4,7,2,1,2,
pytorch,pytorch,2025-08-01,closed,CONTRIBUTOR,add189f6d,2,1,2,0,
pytorch,pytorch,2025-08-01,closed,CONTRIBUTOR,af188d2fd,16,1,1,18,
pytorch,pytorch,2025-08-01,closed,COLLABORATOR,a4a245b6f,347,12,1,3,
pytorch,pytorch,2025-08-01,closed,CONTRIBUTOR,a8bcb8cff,4138,11,0,,
pytorch,pytorch,2025-08-01,closed,CONTRIBUTOR,a930bd28c,62,2,1,366,
pytorch,pytorch,2025-08-01,closed,CONTRIBUTOR,af7cadb62,76,1,1,8,
pytorch,pytorch,2025-08-01,closed,CONTRIBUTOR,a76060dbc,60,1,1,70,
pytorch,pytorch,2025-08-01,closed,CONTRIBUTOR,a642039ad,3,1,1,1970,
pytorch,pytorch,2025-08-01,closed,CONTRIBUTOR,a642039ad,10,1,0,,
pytorch,pytorch,2025-08-01,closed,CONTRIBUTOR,a3be39839,612,10,0,,
pytorch,pytorch,2025-08-01,closed,CONTRIBUTOR,a6403f37c,103,8,2,0,
pytorch,pytorch,2025-08-01,closed,CONTRIBUTOR,a3fe55b7a,167,2,3,45,
pytorch,pytorch,2025-08-01,closed,CONTRIBUTOR,af7cadb62,56,1,1,2,
pytorch,pytorch,2025-08-01,closed,NONE,ad94b85db,36,1,2,15,
pytorch,pytorch,2025-08-01,closed,CONTRIBUTOR,a3be39839,8,1,1,2,
pytorch,pytorch,2025-08-01,closed,CONTRIBUTOR,ae66f3706,1,1,1,2,
pytorch,pytorch,2025-08-01,closed,COLLABORATOR,af3baceb6,51,1,0,,
pytorch,pytorch,2025-08-01,closed,CONTRIBUTOR,a6c990658,2534,95,0,,
pytorch,pytorch,2025-08-01,closed,CONTRIBUTOR,a785abea7,4,1,1,1,
pytorch,pytorch,2025-08-01,closed,CONTRIBUTOR,afb258684,15,2,6,24,
pytorch,pytorch,2025-08-01,closed,CONTRIBUTOR,af7cadb62,55,1,0,,
pytorch,pytorch,2025-08-01,closed,CONTRIBUTOR,a76060dbc,143,5,1,26,
pytorch,pytorch,2025-08-01,closed,CONTRIBUTOR,a0a52b182,33,1,0,,
pytorch,pytorch,2025-08-01,closed,CONTRIBUTOR,a642039ad,120,5,5,17,
pytorch,pytorch,2025-08-01,closed,CONTRIBUTOR,ae66f3706,1,1,1,26,
pytorch,pytorch,2025-08-01,closed,CONTRIBUTOR,ae13b2e40,52,1,0,,
pytorch,pytorch,2025-08-01,closed,CONTRIBUTOR,a3b6aa0a0,1652,21,0,,
pytorch,pytorch,2025-08-01,closed,COLLABORATOR,a4a245b6f,289,1,0,,
pytorch,pytorch,2025-08-01,closed,CONTRIBUTOR,a785abea7,2703,6,0,,
pytorch,pytorch,2025-08-01,closed,CONTRIBUTOR,a48489c0a,129,3,1,188,
pytorch,pytorch,2025-08-01,closed,COLLABORATOR,a6dca6705,249,11,44,18,
pytorch,pytorch,2025-08-01,closed,CONTRIBUTOR,a8c7404f1,7,1,2,1587,
pytorch,pytorch,2025-08-01,closed,COLLABORATOR,af5bc3743,121,29,3,2189,
pytorch,pytorch,2025-08-01,closed,CONTRIBUTOR,a37aaac61,62,8,2,9,
pytorch,pytorch,2025-08-01,closed,COLLABORATOR,ab6cb35e7,250,2,5,0,
pytorch,pytorch,2025-08-01,closed,COLLABORATOR,ace78b27b,3206,8,4,0,
pytorch,pytorch,2025-08-01,closed,COLLABORATOR,a9e5e9c6e,114,9,18,99,
pytorch,pytorch,2025-08-01,closed,COLLABORATOR,a9e5e9c6e,259,3,0,,
pytorch,pytorch,2025-08-01,closed,CONTRIBUTOR,a8c7404f1,409,6,2,116,
pytorch,pytorch,2025-08-01,closed,COLLABORATOR,a1674399b,84,3,1,111,
pytorch,pytorch,2025-08-01,closed,CONTRIBUTOR,a1eb0cd02,77,1,4,47,
pytorch,pytorch,2025-08-01,closed,COLLABORATOR,aeac7bc7f,2,1,1,11,
pytorch,pytorch,2025-08-01,closed,COLLABORATOR,a01eff35b,1286,2,2,1,
pytorch,pytorch,2025-08-01,closed,COLLABORATOR,a01eff35b,568,22,2,1,
pytorch,pytorch,2025-08-01,closed,COLLABORATOR,a5ac668f6,30,2,7,21,
pytorch,pytorch,2025-08-01,closed,COLLABORATOR,a388c6035,17,2,2,38,
pytorch,pytorch,2025-08-01,open,COLLABORATOR,a0a5ccaf7,294,2,0,,
pytorch,pytorch,2025-08-01,open,COLLABORATOR,a0a5ccaf7,292,3,0,,
pytorch,pytorch,2025-08-01,open,CONTRIBUTOR,abd4fe483,86,2,1,167,
pytorch,pytorch,2025-08-01,closed,COLLABORATOR,a02fee006,2,1,0,,
pytorch,pytorch,2025-08-01,merged,CONTRIBUTOR,a590be9ec,50,6,1,20,21
pytorch,pytorch,2025-08-01,closed,CONTRIBUTOR,a0a52b182,665,3,1,23,
pytorch,pytorch,2025-08-01,closed,COLLABORATOR,aaee1c0cd,135,8,4,6,
pytorch,pytorch,2025-08-01,closed,CONTRIBUTOR,a6b783616,15,2,1,43,
pytorch,pytorch,2025-08-01,closed,CONTRIBUTOR,a47e77caa,98,5,1,2,
pytorch,pytorch,2025-08-01,closed,CONTRIBUTOR,a37aaac61,4,1,2,12,
pytorch,pytorch,2025-08-01,closed,CONTRIBUTOR,acde10e71,1,1,2,2,
pytorch,pytorch,2025-08-01,closed,CONTRIBUTOR,a5b1a8b6a,43,4,44,0,
pytorch,pytorch,2025-08-01,closed,CONTRIBUTOR,a150f0d57,14,3,1,2,
pytorch,pytorch,2025-08-01,closed,COLLABORATOR,a0684f932,4,2,5,9,
pytorch,pytorch,2025-08-01,closed,CONTRIBUTOR,a8dd56e6a,118,2,0,,
pytorch,pytorch,2025-08-01,closed,CONTRIBUTOR,aa13abf36,10,2,1,168,
pytorch,pytorch,2025-08-01,closed,CONTRIBUTOR,a6c990658,5,1,1,5,
pytorch,pytorch,2025-08-01,closed,COLLABORATOR,ac8c0369e,149,3,1,74,
pytorch,pytorch,2025-08-01,closed,NONE,af710d03e,865,5,1,430,
pytorch,pytorch,2025-08-01,closed,COLLABORATOR,ad655184d,2,1,1,0,
pytorch,pytorch,2025-08-01,closed,COLLABORATOR,ad655184d,2,1,1,0,
pytorch,pytorch,2025-08-01,closed,CONTRIBUTOR,acdb119cb,8,1,1,18,
pytorch,pytorch,2025-08-01,closed,CONTRIBUTOR,ab689c736,2,1,0,,
pytorch,pytorch,2025-08-01,closed,CONTRIBUTOR,a05134a18,112,5,2,12,
pytorch,pytorch,2025-08-01,closed,CONTRIBUTOR,a32e475f5,2,1,1,12,
pytorch,pytorch,2025-08-01,closed,CONTRIBUTOR,a930bd28c,368,1,5,322,
pytorch,pytorch,2025-08-01,closed,CONTRIBUTOR,add189f6d,88,2,1,1,
pytorch,pytorch,2025-08-01,closed,CONTRIBUTOR,aa762d6a6,37,3,3,1,
pytorch,pytorch,2025-08-01,closed,COLLABORATOR,a894ad41b,65,8,9,18,
pytorch,pytorch,2025-08-01,closed,COLLABORATOR,ae25f14a4,3,1,1,10,
pytorch,pytorch,2025-08-01,closed,COLLABORATOR,af3baceb6,3,1,1,11,
pytorch,pytorch,2025-08-01,closed,COLLABORATOR,a8416a2b4,496,18,18,126,
pytorch,pytorch,2025-08-01,closed,CONTRIBUTOR,abd4fe483,38,3,1,194,
pytorch,pytorch,2025-08-01,closed,CONTRIBUTOR,af756c719,91,1,0,,
pytorch,pytorch,2025-08-01,closed,COLLABORATOR,a22ea5b25,11,1,1,0,
pytorch,pytorch,2025-08-01,closed,CONTRIBUTOR,a827cf988,18,1,2,3,
pytorch,pytorch,2025-08-01,closed,COLLABORATOR,ab06db1d7,6,1,1,22,
pytorch,pytorch,2025-08-01,closed,CONTRIBUTOR,a9dd2e3c0,6,1,4,1,
pytorch,pytorch,2025-08-01,closed,CONTRIBUTOR,ab2ece173,2,1,0,,
pytorch,pytorch,2025-08-01,closed,COLLABORATOR,a5ac668f6,23,3,1,1151,
pytorch,pytorch,2025-08-01,closed,CONTRIBUTOR,aa0a5573a,339,5,1,274,
pytorch,pytorch,2025-08-01,closed,CONTRIBUTOR,a38dd751e,10,4,7,256,
pytorch,pytorch,2025-08-01,closed,CONTRIBUTOR,a3be39839,484,2,0,,
pytorch,pytorch,2025-08-01,closed,CONTRIBUTOR,a3be39839,1060,3,0,,
pytorch,pytorch,2025-08-01,closed,CONTRIBUTOR,a3be39839,1060,3,0,,
pytorch,pytorch,2025-08-01,closed,COLLABORATOR,a1487e7af,1,1,0,,
pytorch,pytorch,2025-08-01,closed,CONTRIBUTOR,a7cb61552,121,2,1,1,
pytorch,pytorch,2025-08-01,closed,CONTRIBUTOR,a05331277,21,2,0,,
pytorch,pytorch,2025-08-01,closed,CONTRIBUTOR,a63e53439,4,1,5,2,
pytorch,pytorch,2025-08-01,closed,CONTRIBUTOR,a3be39839,31,2,9,0,
pytorch,pytorch,2025-08-01,closed,COLLABORATOR,ae0a18ec6,98,1,1,0,
pytorch,pytorch,2025-08-01,closed,CONTRIBUTOR,a8771ec62,130,4,2,253,
pytorch,pytorch,2025-08-01,closed,CONTRIBUTOR,a8771ec62,134,1,1,331,
pytorch,pytorch,2025-08-01,closed,CONTRIBUTOR,a740472d6,240,6,10,102,
pytorch,pytorch,2025-08-01,closed,CONTRIBUTOR,a70ee498c,2,1,1,8,
pytorch,pytorch,2025-08-01,closed,CONTRIBUTOR,abc54a51b,26,2,2,22,
pytorch,pytorch,2025-08-01,closed,CONTRIBUTOR,a32e475f5,58,1,3,12,
pytorch,pytorch,2025-08-01,closed,COLLABORATOR,a61b2ad55,394,6,0,,
pytorch,pytorch,2025-08-01,closed,CONTRIBUTOR,a8dd56e6a,356,8,14,183,
pytorch,pytorch,2025-08-01,closed,CONTRIBUTOR,a8dd56e6a,525,4,0,,
pytorch,pytorch,2025-08-01,closed,CONTRIBUTOR,a63e53439,8,1,0,,
pytorch,pytorch,2025-08-01,closed,CONTRIBUTOR,a41334601,2,1,2,0,
pytorch,pytorch,2025-08-01,closed,CONTRIBUTOR,abe84f9fb,32,2,0,,
pytorch,pytorch,2025-08-01,closed,CONTRIBUTOR,a41334601,2,1,1,88,
pytorch,pytorch,2025-08-01,closed,CONTRIBUTOR,a8771ec62,32,1,0,,
pytorch,pytorch,2025-08-01,closed,CONTRIBUTOR,a8e8e27a7,70,2,1,11,
pytorch,pytorch,2025-08-01,closed,COLLABORATOR,aaee1c0cd,410,9,5,2,
pytorch,pytorch,2025-08-01,closed,CONTRIBUTOR,ad7ba31c9,22,2,1,0,
pytorch,pytorch,2025-08-01,closed,COLLABORATOR,ae0a18ec6,11,2,2,49,
pytorch,pytorch,2025-08-01,closed,CONTRIBUTOR,ab9fc4641,28,2,0,,
pytorch,pytorch,2025-08-01,closed,COLLABORATOR,a0a5ccaf7,15,2,0,,
pytorch,pytorch,2025-08-01,closed,COLLABORATOR,af5bc3743,24,5,2,17,
pytorch,pytorch,2025-08-01,closed,CONTRIBUTOR,a38dd751e,26,3,4,137,
pytorch,pytorch,2025-08-01,closed,CONTRIBUTOR,a8dd56e6a,26,1,0,,
pytorch,pytorch,2025-08-01,closed,CONTRIBUTOR,ab7b991c2,8,1,1,194,
pytorch,pytorch,2025-08-01,closed,CONTRIBUTOR,ab2c3d13b,1978,8,2,2,
pytorch,pytorch,2025-08-01,closed,COLLABORATOR,abba7eedc,8,5,3,20,
pytorch,pytorch,2025-08-01,closed,CONTRIBUTOR,ab2ece173,36,1,1,0,
pytorch,pytorch,2025-08-01,closed,CONTRIBUTOR,a868cfe77,11,1,1,0,
pytorch,pytorch,2025-08-01,closed,CONTRIBUTOR,ab2ece173,2,1,0,,
pytorch,pytorch,2025-08-01,closed,CONTRIBUTOR,af46aca0f,4,1,1,0,
pytorch,pytorch,2025-08-01,closed,CONTRIBUTOR,a8771ec62,920,5,0,,
pytorch,pytorch,2025-08-01,closed,CONTRIBUTOR,a3b6aa0a0,108,8,0,,
pytorch,pytorch,2025-08-01,closed,CONTRIBUTOR,a445aadd5,12,1,1,1,
pytorch,pytorch,2025-08-01,closed,COLLABORATOR,a0684f932,28,2,1,7,
pytorch,pytorch,2025-08-01,closed,CONTRIBUTOR,ab028fbf6,1,1,0,,
pytorch,pytorch,2025-08-01,closed,CONTRIBUTOR,ab2ece173,477,5,1,267,
pytorch,pytorch,2025-08-01,closed,CONTRIBUTOR,a8771ec62,5832,39,0,,
pytorch,pytorch,2025-08-01,closed,COLLABORATOR,a1674399b,1,1,1,0,
pytorch,pytorch,2025-08-01,closed,CONTRIBUTOR,a05331277,6,1,1,150,
pytorch,pytorch,2025-08-01,closed,CONTRIBUTOR,a0db1f58a,104,4,3,162,
pytorch,pytorch,2025-08-01,closed,NONE,a44fc24d4,30,1,0,,
pytorch,pytorch,2025-08-01,closed,CONTRIBUTOR,a6930a452,116,10,1,0,
pytorch,pytorch,2025-08-01,closed,COLLABORATOR,a5dc541f5,231,5,3,101,
pytorch,pytorch,2025-08-01,closed,CONTRIBUTOR,a76060dbc,11,1,0,,
pytorch,pytorch,2025-08-01,closed,CONTRIBUTOR,add189f6d,115,4,1,0,
pytorch,pytorch,2025-08-01,closed,CONTRIBUTOR,add61895c,1,1,2,12,
pytorch,pytorch,2025-08-01,closed,COLLABORATOR,ad655184d,2,1,1,0,
pytorch,pytorch,2025-08-01,closed,COLLABORATOR,ae25f14a4,35,1,3,8,
pytorch,pytorch,2025-09-01,closed,CONTRIBUTOR,ad7ba31c9,8,2,1,0,
pytorch,pytorch,2025-09-01,closed,COLLABORATOR,a0a5ccaf7,2,1,1,13,
pytorch,pytorch,2025-09-01,closed,COLLABORATOR,a0684f932,16,2,2,11,
pytorch,pytorch,2025-09-01,closed,COLLABORATOR,af5bc3743,796,15,7,1823,
pytorch,pytorch,2025-09-01,closed,COLLABORATOR,a21df1e70,25,1,1,17,
pytorch,pytorch,2025-09-01,closed,CONTRIBUTOR,a3fe55b7a,15,2,1,8,
pytorch,pytorch,2025-09-01,closed,COLLABORATOR,a6b8aa871,8,2,1,13,
pytorch,pytorch,2025-09-01,closed,CONTRIBUTOR,a63e53439,8,1,1,7,
pytorch,pytorch,2025-09-01,closed,CONTRIBUTOR,add189f6d,10,1,1,9,
pytorch,pytorch,2025-09-01,closed,MEMBER,a1a5a17e0,35,1,4,0,
pytorch,pytorch,2025-09-01,closed,CONTRIBUTOR,aba90eb5b,100,5,0,,
pytorch,pytorch,2025-09-01,closed,MEMBER,a846e2bc0,84,4,0,,
pytorch,pytorch,2025-09-01,closed,COLLABORATOR,a21df1e70,28,1,0,,
pytorch,pytorch,2025-09-01,closed,CONTRIBUTOR,a9d263b3b,2,1,2,1,
pytorch,pytorch,2025-09-01,closed,CONTRIBUTOR,afb258684,45,2,0,,
pytorch,pytorch,2025-09-01,closed,CONTRIBUTOR,abc9e182c,36,4,1,0,
pytorch,pytorch,2025-09-01,closed,CONTRIBUTOR,aeab82720,14,2,2,1,
pytorch,pytorch,2025-09-01,closed,CONTRIBUTOR,a785abea7,48,2,11,15,
pytorch,pytorch,2025-09-01,closed,COLLABORATOR,ad655184d,2,1,1,0,
pytorch,pytorch,2025-09-01,closed,CONTRIBUTOR,af46aca0f,31,2,1,16,
pytorch,pytorch,2025-09-01,closed,COLLABORATOR,aa773f4ff,113,3,3,1,
pytorch,pytorch,2025-09-01,closed,CONTRIBUTOR,ab689c736,474,8,2,27,
pytorch,pytorch,2025-09-01,closed,CONTRIBUTOR,a6403f37c,80,2,1,3,
pytorch,pytorch,2025-09-01,closed,CONTRIBUTOR,aa9ac2ea5,74,3,6,17,
pytorch,pytorch,2025-09-01,closed,COLLABORATOR,a0aaba698,12,1,1,56,
pytorch,pytorch,2025-09-01,closed,CONTRIBUTOR,add189f6d,6,2,3,1,
pytorch,pytorch,2025-09-01,closed,COLLABORATOR,a6b8aa871,2,1,2,1,
pytorch,pytorch,2025-09-01,closed,CONTRIBUTOR,a4a414edc,32,3,0,,
pytorch,pytorch,2025-09-01,closed,CONTRIBUTOR,afbad4a7f,4,1,1,9,
pytorch,pytorch,2025-09-01,closed,CONTRIBUTOR,a37aaac61,9,4,1,1,
pytorch,pytorch,2025-09-01,closed,CONTRIBUTOR,a63e53439,81,12,2,24,
pytorch,pytorch,2025-09-01,closed,CONTRIBUTOR,a18c03ea5,14,2,11,0,
pytorch,pytorch,2025-09-01,closed,CONTRIBUTOR,a63e53439,29,2,1,186,
pytorch,pytorch,2025-09-01,closed,COLLABORATOR,ab06db1d7,2,1,0,,
pytorch,pytorch,2025-09-01,closed,CONTRIBUTOR,a37aaac61,14,1,1,1,
pytorch,pytorch,2025-09-01,closed,CONTRIBUTOR,a18f0fb4a,52,2,10,64,
pytorch,pytorch,2025-09-01,closed,CONTRIBUTOR,a6403f37c,586,18,1,22,
pytorch,pytorch,2025-09-01,closed,COLLABORATOR,ab6cb35e7,662,4,1,12,
pytorch,pytorch,2025-09-01,closed,COLLABORATOR,a61b2ad55,14873,219,0,,
pytorch,pytorch,2025-09-01,closed,CONTRIBUTOR,a785abea7,10,1,0,,
pytorch,pytorch,2025-09-01,closed,COLLABORATOR,a821316f3,2,1,1,1,
pytorch,pytorch,2025-09-01,closed,COLLABORATOR,a9e5e9c6e,8,2,0,,
pytorch,pytorch,2025-09-01,closed,COLLABORATOR,a075d3ab3,95,1,1,504,
pytorch,pytorch,2025-09-01,closed,CONTRIBUTOR,ad7ba31c9,26,2,1,19,
pytorch,pytorch,2025-09-01,closed,CONTRIBUTOR,ad3263080,1,1,1,5,
pytorch,pytorch,2025-09-01,closed,CONTRIBUTOR,ab028fbf6,10,1,2,0,
pytorch,pytorch,2025-09-01,closed,CONTRIBUTOR,a8bcb8cff,25631,376,0,,
pytorch,pytorch,2025-09-01,closed,CONTRIBUTOR,a4a414edc,111,5,4,0,
pytorch,pytorch,2025-09-01,closed,CONTRIBUTOR,a35f27e48,22,1,3,254,
pytorch,pytorch,2025-09-01,closed,CONTRIBUTOR,a6306d76e,18,1,0,,
pytorch,pytorch,2025-09-01,closed,CONTRIBUTOR,af46d2248,21,2,1,13,
pytorch,pytorch,2025-09-01,closed,COLLABORATOR,a5dc541f5,2,1,1,492,
pytorch,pytorch,2025-09-01,closed,CONTRIBUTOR,a6930a452,19,3,1,23,
pytorch,pytorch,2025-09-01,closed,CONTRIBUTOR,aa8d2fcec,59,2,1,1,
pytorch,pytorch,2025-09-01,closed,COLLABORATOR,aaee1c0cd,56,2,3,10,
pytorch,pytorch,2025-09-01,closed,CONTRIBUTOR,a70ee498c,22,1,4,18,
pytorch,pytorch,2025-09-01,closed,COLLABORATOR,a21df1e70,47,1,1,438,
pytorch,pytorch,2025-09-01,closed,COLLABORATOR,a1365976f,59,3,5,652,
pytorch,pytorch,2025-09-01,closed,MEMBER,a3416ea15,6,1,1,0,
pytorch,pytorch,2025-09-01,closed,CONTRIBUTOR,ad3263080,11,1,4,2,
pytorch,pytorch,2025-09-01,closed,COLLABORATOR,ab06db1d7,18,1,1,0,
pytorch,pytorch,2025-09-01,closed,CONTRIBUTOR,ae13b2e40,104,4,6,1,
pytorch,pytorch,2025-09-01,closed,CONTRIBUTOR,af46aca0f,128,4,6,20,
pytorch,pytorch,2025-09-01,closed,CONTRIBUTOR,aa9ac2ea5,237,7,1,5,
pytorch,pytorch,2025-09-01,closed,CONTRIBUTOR,a41334601,74,4,1,44,
pytorch,pytorch,2025-09-01,closed,CONTRIBUTOR,ae7a7efe1,427,5,26,1,
pytorch,pytorch,2025-09-01,closed,COLLABORATOR,aaee1c0cd,31,2,8,2,
pytorch,pytorch,2025-09-01,closed,COLLABORATOR,aaee1c0cd,71,10,5,17,
pytorch,pytorch,2025-09-01,closed,CONTRIBUTOR,aa90b6f9e,16,2,1,19,
pytorch,pytorch,2025-09-01,closed,CONTRIBUTOR,a3b73df26,56,1,1,236,
pytorch,pytorch,2025-09-01,closed,COLLABORATOR,a8fc1f349,135,3,8,713,
pytorch,pytorch,2025-09-01,closed,CONTRIBUTOR,aaf1acac9,24,2,1,7,
pytorch,pytorch,2025-09-01,closed,CONTRIBUTOR,a6c7f728e,4,1,1,5,
pytorch,pytorch,2025-09-01,closed,CONTRIBUTOR,a642039ad,1979,16,15,1,
pytorch,pytorch,2025-09-01,closed,CONTRIBUTOR,ac54a0812,5,1,1,23,
pytorch,pytorch,2025-09-01,closed,COLLABORATOR,aaee1c0cd,156,3,4,3,
pytorch,pytorch,2025-09-01,closed,CONTRIBUTOR,a6c990658,12,1,0,,
pytorch,pytorch,2025-09-01,closed,COLLABORATOR,a6cfb0643,268,2,1,0,
pytorch,pytorch,2025-09-01,closed,CONTRIBUTOR,af7cadb62,241,1,1,307,
pytorch,pytorch,2025-09-01,closed,CONTRIBUTOR,ab028fbf6,2,1,1,50,
pytorch,pytorch,2025-09-01,closed,COLLABORATOR,a438dfc5e,3,2,2,0,
pytorch,pytorch,2025-09-01,closed,CONTRIBUTOR,a2e231ad4,589,10,2,115,
pytorch,pytorch,2025-09-01,closed,CONTRIBUTOR,a642039ad,1,1,1,1,
pytorch,pytorch,2025-09-01,closed,CONTRIBUTOR,a554ec844,139,8,10,135,
pytorch,pytorch,2025-09-01,closed,CONTRIBUTOR,a554ec844,125,2,2,143,
pytorch,pytorch,2025-09-01,closed,CONTRIBUTOR,a642039ad,4,1,3,0,
pytorch,pytorch,2025-09-01,closed,CONTRIBUTOR,a2acce05e,128,5,1,25,
pytorch,pytorch,2025-09-01,closed,COLLABORATOR,a72e5ee0e,37,3,2,1,
pytorch,pytorch,2025-09-01,closed,CONTRIBUTOR,ae7a7efe1,211,6,1,1,
pytorch,pytorch,2025-09-01,closed,CONTRIBUTOR,a554ec844,301,5,2,42,
pytorch,pytorch,2025-09-01,closed,CONTRIBUTOR,a6e991cda,2048,2,1,187,
pytorch,pytorch,2025-09-01,closed,CONTRIBUTOR,a5233f818,16,1,2,48,
pytorch,pytorch,2025-09-01,closed,CONTRIBUTOR,af188d2fd,24,4,2,3,
pytorch,pytorch,2025-09-01,closed,NONE,afe367ddd,108,3,8,1034,
pytorch,pytorch,2025-09-01,closed,COLLABORATOR,ae6bab425,37,4,1,16,
pytorch,pytorch,2025-09-01,closed,COLLABORATOR,a0a5ccaf7,17,3,1,48,
pytorch,pytorch,2025-09-01,closed,COLLABORATOR,a8fc1f349,32,3,10,571,
pytorch,pytorch,2025-09-01,closed,COLLABORATOR,a0ba25606,21,3,2,1,
pytorch,pytorch,2025-09-01,closed,COLLABORATOR,a0ba25606,36,1,2,0,
pytorch,pytorch,2025-09-01,closed,CONTRIBUTOR,a95a7bc64,1,1,1,0,
pytorch,pytorch,2025-09-01,closed,CONTRIBUTOR,ae13b2e40,51,5,0,,
pytorch,pytorch,2025-09-01,closed,CONTRIBUTOR,a8771ec62,14,3,1,49,
pytorch,pytorch,2025-09-01,closed,CONTRIBUTOR,a3be39839,342,2,0,,
pytorch,pytorch,2025-09-01,closed,CONTRIBUTOR,a4a414edc,337,28,0,,
pytorch,pytorch,2025-09-01,closed,CONTRIBUTOR,a4a414edc,24,3,0,,
pytorch,pytorch,2025-09-01,closed,CONTRIBUTOR,aa9ac2ea5,82,3,6,4,
pytorch,pytorch,2025-09-01,closed,COLLABORATOR,ab3e923f8,132,2,2,28,
pytorch,pytorch,2025-09-01,closed,CONTRIBUTOR,a95a7bc64,46,2,1,13,
pytorch,pytorch,2025-09-01,closed,CONTRIBUTOR,a6403f37c,108,5,7,22,
pytorch,pytorch,2025-09-01,closed,CONTRIBUTOR,ab370513d,114,8,5,6,
pytorch,pytorch,2025-09-01,closed,COLLABORATOR,af5bc3743,17,3,5,0,
pytorch,pytorch,2025-09-01,closed,COLLABORATOR,af178df54,153,12,4,13,
pytorch,pytorch,2025-09-01,closed,CONTRIBUTOR,ab2ece173,245,2,2,2,
pytorch,pytorch,2025-09-01,closed,CONTRIBUTOR,ae7a7efe1,25,2,0,,
pytorch,pytorch,2025-09-01,closed,COLLABORATOR,af5bc3743,15,1,0,,
pytorch,pytorch,2025-09-01,closed,CONTRIBUTOR,a642039ad,4884,12,4,37,
pytorch,pytorch,2025-09-01,closed,CONTRIBUTOR,a94cbb390,23,2,2,1,
pytorch,pytorch,2025-09-01,closed,CONTRIBUTOR,a3be39839,65,2,10,31,
pytorch,pytorch,2025-09-01,closed,CONTRIBUTOR,a9dd2e3c0,22,1,0,,
pytorch,pytorch,2025-09-01,closed,CONTRIBUTOR,a94cbb390,18,1,5,0,
pytorch,pytorch,2025-09-01,closed,CONTRIBUTOR,a94cbb390,70,3,2,61,
pytorch,pytorch,2025-09-01,closed,CONTRIBUTOR,a94cbb390,3,1,3,5,
pytorch,pytorch,2025-09-01,closed,CONTRIBUTOR,ae7a7efe1,57,3,4,36,
pytorch,pytorch,2025-09-01,closed,CONTRIBUTOR,aac57cdd0,21,3,3,130,
pytorch,pytorch,2025-09-01,closed,COLLABORATOR,ad655184d,4,2,1,0,
pytorch,pytorch,2025-09-01,closed,CONTRIBUTOR,a9c2dad37,233,10,2,13,
pytorch,pytorch,2025-09-01,closed,CONTRIBUTOR,a94cbb390,107,6,2,36,
pytorch,pytorch,2025-09-01,closed,CONTRIBUTOR,a94cbb390,42,3,2,36,
pytorch,pytorch,2025-09-01,closed,COLLABORATOR,a8fc1f349,118,6,0,,
pytorch,pytorch,2025-09-01,closed,CONTRIBUTOR,a0f853bee,95,2,0,,
pytorch,pytorch,2025-09-01,closed,CONTRIBUTOR,add189f6d,6,1,1,3,
pytorch,pytorch,2025-09-01,closed,CONTRIBUTOR,a94cbb390,150,3,1,26,
pytorch,pytorch,2025-09-01,closed,CONTRIBUTOR,ae7a7efe1,9,6,1,0,
pytorch,pytorch,2025-09-01,closed,CONTRIBUTOR,ab2ece173,21,2,2,0,
pytorch,pytorch,2025-09-01,closed,CONTRIBUTOR,a6930a452,75,3,1,2,
pytorch,pytorch,2025-09-01,closed,COLLABORATOR,aacca3d11,29,1,1,0,
pytorch,pytorch,2025-09-01,closed,CONTRIBUTOR,a8e8e27a7,13,1,3,0,
pytorch,pytorch,2025-09-01,closed,CONTRIBUTOR,a6403f37c,22,3,4,17,
pytorch,pytorch,2025-09-01,closed,CONTRIBUTOR,ab2ece173,2,1,4,0,
pytorch,pytorch,2025-09-01,closed,CONTRIBUTOR,af46d2248,362,7,19,18,
pytorch,pytorch,2025-09-01,closed,CONTRIBUTOR,a73a9574e,139,3,3,22,
pytorch,pytorch,2025-09-01,closed,CONTRIBUTOR,a8e8e27a7,95,3,5,5,
pytorch,pytorch,2025-09-01,closed,CONTRIBUTOR,a6e3e1227,7,1,1,15,
pytorch,pytorch,2025-09-01,closed,CONTRIBUTOR,a3a310340,5,1,1,87,
pytorch,pytorch,2025-09-01,closed,MEMBER,a82fe44ad,246,3,2,216,
pytorch,pytorch,2025-09-01,closed,COLLABORATOR,af178df54,148,12,6,10,
pytorch,pytorch,2025-09-01,closed,COLLABORATOR,aeac7bc7f,4,1,0,,
pytorch,pytorch,2025-09-01,closed,COLLABORATOR,a21df1e70,53,3,1,3,
pytorch,pytorch,2025-09-01,closed,COLLABORATOR,a21df1e70,60,2,1,2,
pytorch,pytorch,2025-09-01,closed,CONTRIBUTOR,a63e53439,39,2,3,1,
pytorch,pytorch,2025-09-01,closed,CONTRIBUTOR,a21067116,57,2,1,49,
pytorch,pytorch,2025-09-01,closed,COLLABORATOR,ad655184d,2,1,1,0,
pytorch,pytorch,2025-09-01,closed,COLLABORATOR,a1674399b,55,3,4,0,
pytorch,pytorch,2025-09-01,closed,COLLABORATOR,a6cfb0643,59,6,1,17,
pytorch,pytorch,2025-09-01,closed,CONTRIBUTOR,aa4531601,0,0,3,0,
pytorch,pytorch,2025-09-01,closed,COLLABORATOR,a075d3ab3,85,2,3,0,
pytorch,pytorch,2025-09-01,closed,CONTRIBUTOR,ab028fbf6,13,1,2,0,
pytorch,pytorch,2025-09-01,closed,CONTRIBUTOR,a41e32aac,138,5,1,148,
pytorch,pytorch,2025-09-01,closed,COLLABORATOR,a0ba25606,2,1,0,,
pytorch,pytorch,2025-09-01,merged,CONTRIBUTOR,ac88aee48,7,2,1,0,0
pytorch,pytorch,2025-09-01,closed,COLLABORATOR,aaee1c0cd,60,4,0,,
pytorch,pytorch,2025-09-01,closed,CONTRIBUTOR,a43bd688b,32,3,6,0,
pytorch,pytorch,2025-09-01,closed,CONTRIBUTOR,a3be39839,55,2,1,3,
pytorch,pytorch,2025-09-01,closed,COLLABORATOR,a21df1e70,10,2,3,8,
pytorch,pytorch,2025-09-01,closed,COLLABORATOR,abb677e08,9,1,0,,
pytorch,pytorch,2025-09-01,closed,CONTRIBUTOR,ad3b9b52f,57,2,1,3,
pytorch,pytorch,2025-09-01,closed,CONTRIBUTOR,af7cadb62,16,1,1,22,
pytorch,pytorch,2025-09-01,closed,CONTRIBUTOR,a09f0c780,2,1,1,213,
pytorch,pytorch,2025-09-01,closed,CONTRIBUTOR,a93266f97,79,5,1,21,
pytorch,pytorch,2025-09-01,closed,CONTRIBUTOR,a18c03ea5,74,1,0,,
pytorch,pytorch,2025-09-01,closed,CONTRIBUTOR,ad7ba31c9,594,9,1,0,
pytorch,pytorch,2025-09-01,closed,CONTRIBUTOR,a9c2dad37,27,1,1,7,
pytorch,pytorch,2025-09-01,closed,COLLABORATOR,aeac7bc7f,128,41,3,5,
pytorch,pytorch,2025-09-01,closed,CONTRIBUTOR,ab370513d,29,4,5,4,
pytorch,pytorch,2025-09-01,closed,COLLABORATOR,a438dfc5e,23,1,1,3,
pytorch,pytorch,2025-09-01,closed,CONTRIBUTOR,a9dd2e3c0,474,3,6,4,
pytorch,pytorch,2025-09-01,closed,CONTRIBUTOR,a1944dd8c,8,1,1,24,
pytorch,pytorch,2025-09-01,closed,CONTRIBUTOR,ae13b2e40,13,3,1,1,
pytorch,pytorch,2025-09-01,closed,MEMBER,a1a5a17e0,2,1,3,0,
pytorch,pytorch,2025-09-01,merged,COLLABORATOR,abb677e08,33,2,1,64,64
pytorch,pytorch,2025-09-01,closed,CONTRIBUTOR,af7cadb62,255,2,9,68,
pytorch,pytorch,2025-09-01,closed,CONTRIBUTOR,add189f6d,40,3,4,15,
pytorch,pytorch,2025-09-01,closed,COLLABORATOR,aeac7bc7f,21,9,1,445,
pytorch,pytorch,2025-09-01,closed,CONTRIBUTOR,a3552c582,369,2,25,12,
pytorch,pytorch,2025-09-01,closed,COLLABORATOR,aeac7bc7f,108,11,1,12,
pytorch,pytorch,2025-09-01,closed,COLLABORATOR,ae617e84f,476,5,0,,
pytorch,pytorch,2025-09-01,open,CONTRIBUTOR,a642039ad,20,2,2,0,
pytorch,pytorch,2025-09-01,closed,COLLABORATOR,a21df1e70,248,6,3,241,
pytorch,pytorch,2025-09-01,closed,CONTRIBUTOR,add189f6d,1,1,1,0,
pytorch,pytorch,2025-09-01,closed,CONTRIBUTOR,a8bcb8cff,263,1,1,29,
pytorch,pytorch,2025-09-01,closed,CONTRIBUTOR,af188d2fd,10,2,2,0,
pytorch,pytorch,2025-09-01,closed,CONTRIBUTOR,ae7995c65,2492,96,0,,
pytorch,pytorch,2025-09-01,closed,CONTRIBUTOR,af756c719,181,2,0,,
pytorch,pytorch,2025-09-01,closed,CONTRIBUTOR,af756c719,181,2,1,2,
pytorch,pytorch,2025-09-01,closed,COLLABORATOR,acf4dda97,4927,97,0,,
pytorch,pytorch,2025-09-01,closed,CONTRIBUTOR,ab689c736,355,6,10,1,
pytorch,pytorch,2025-09-01,closed,CONTRIBUTOR,a0f853bee,25,1,1,52,
pytorch,pytorch,2025-09-01,merged,COLLABORATOR,abb677e08,2,1,1,0,0
pytorch,pytorch,2025-09-01,closed,MEMBER,af9a90ce4,23,2,1,0,
pytorch,pytorch,2025-09-01,closed,COLLABORATOR,a8fc1f349,100,4,0,,
pytorch,pytorch,2025-09-01,closed,COLLABORATOR,aeac7bc7f,263,65,1,34,
pytorch,pytorch,2025-09-01,closed,COLLABORATOR,a8287d26a,0,0,1,321,
pytorch,pytorch,2025-09-01,closed,COLLABORATOR,a1365976f,65,2,1,272,
pytorch,pytorch,2025-09-01,closed,CONTRIBUTOR,ab028fbf6,2,1,1,0,
pytorch,pytorch,2025-09-01,closed,CONTRIBUTOR,a3be39839,2,1,0,,
pytorch,pytorch,2025-09-01,closed,CONTRIBUTOR,a642039ad,22,1,2,18,
pytorch,pytorch,2025-09-01,merged,COLLABORATOR,abb677e08,6,1,1,0,2
pytorch,pytorch,2025-09-01,closed,COLLABORATOR,a597022dd,94,4,7,334,
pytorch,pytorch,2025-09-01,closed,CONTRIBUTOR,a740472d6,265,12,0,,
pytorch,pytorch,2025-09-01,closed,CONTRIBUTOR,af46aca0f,74,3,1,4,
pytorch,pytorch,2025-09-01,closed,CONTRIBUTOR,a74a523df,119,3,11,16,
pytorch,pytorch,2025-10-01,closed,CONTRIBUTOR,a3d310431,176,7,0,,
pytorch,pytorch,2025-10-01,closed,MEMBER,a82fe44ad,22,1,0,,
pytorch,pytorch,2025-10-01,closed,MEMBER,a82fe44ad,253,2,14,36,
pytorch,pytorch,2025-10-01,closed,CONTRIBUTOR,ab1aae63e,33,3,2,317,
pytorch,pytorch,2025-10-01,closed,CONTRIBUTOR,a642039ad,13,1,1,0,
pytorch,pytorch,2025-10-01,closed,CONTRIBUTOR,ad1b2f518,45,3,9,4,
pytorch,pytorch,2025-10-01,closed,CONTRIBUTOR,abd4fe483,64,3,1,0,
pytorch,pytorch,2025-10-01,closed,COLLABORATOR,afd29ca16,50,3,5,0,
pytorch,pytorch,2025-10-01,closed,CONTRIBUTOR,a642039ad,22,1,1,26,
pytorch,pytorch,2025-10-01,closed,CONTRIBUTOR,ae13b2e40,14,1,0,,
pytorch,pytorch,2025-10-01,closed,CONTRIBUTOR,ae13b2e40,11,2,0,,
pytorch,pytorch,2025-10-01,closed,CONTRIBUTOR,ab2ece173,8,1,4,21,
pytorch,pytorch,2025-10-01,closed,CONTRIBUTOR,a25633ded,2,1,1,19,
pytorch,pytorch,2025-10-01,closed,COLLABORATOR,a894ad41b,170,12,0,,
pytorch,pytorch,2025-10-01,closed,MEMBER,a82fe44ad,41,2,3,109,
pytorch,pytorch,2025-10-01,closed,COLLABORATOR,aeac7bc7f,6,2,2,21,
pytorch,pytorch,2025-10-01,closed,COLLABORATOR,aeac7bc7f,8,1,2,108,
pytorch,pytorch,2025-10-01,closed,COLLABORATOR,ae617e84f,156,5,0,,
pytorch,pytorch,2025-10-01,closed,COLLABORATOR,ae617e84f,156,5,0,,
pytorch,pytorch,2025-10-01,closed,COLLABORATOR,ae617e84f,189,4,0,,
pytorch,pytorch,2025-10-01,closed,COLLABORATOR,ae617e84f,156,5,0,,
pytorch,pytorch,2025-10-01,closed,COLLABORATOR,a388c6035,20,1,7,0,
pytorch,pytorch,2025-10-01,closed,CONTRIBUTOR,a1c5fc68a,434,3,8,314,
pytorch,pytorch,2025-10-01,closed,CONTRIBUTOR,a945faa98,146,26,1,1,
pytorch,pytorch,2025-10-01,closed,CONTRIBUTOR,ae13b2e40,622,3,3,8,
pytorch,pytorch,2025-10-01,closed,CONTRIBUTOR,a8b9e580f,12,3,2,2,
pytorch,pytorch,2025-10-01,closed,COLLABORATOR,aaee1c0cd,113,3,1,0,
pytorch,pytorch,2025-10-01,closed,CONTRIBUTOR,af46d2248,77,4,3,27,
pytorch,pytorch,2025-10-01,closed,CONTRIBUTOR,af46aca0f,393,16,10,158,
pytorch,pytorch,2025-10-01,open,COLLABORATOR,aeac7bc7f,71,5,2,110,
pytorch,pytorch,2025-10-01,closed,COLLABORATOR,aeac7bc7f,22,2,5,2,
pytorch,pytorch,2025-10-01,closed,CONTRIBUTOR,a95a7bc64,14,1,1,5,
pytorch,pytorch,2025-10-01,closed,CONTRIBUTOR,a99b14f07,23,2,1,2,
pytorch,pytorch,2025-10-01,closed,CONTRIBUTOR,a945faa98,273,49,1,0,
pytorch,pytorch,2025-10-01,closed,CONTRIBUTOR,a9da25011,41,2,2,3,
pytorch,pytorch,2025-10-01,closed,CONTRIBUTOR,adbb98a6d,104,2,0,,
pytorch,pytorch,2025-10-01,closed,CONTRIBUTOR,adbb98a6d,52251,1599,10,0,
pytorch,pytorch,2025-10-01,closed,CONTRIBUTOR,a69a2a0cd,6,1,2,0,
pytorch,pytorch,2025-10-01,closed,CONTRIBUTOR,a785abea7,5,1,1,5,
pytorch,pytorch,2025-10-01,closed,MEMBER,a82fe44ad,116,1,0,,
pytorch,pytorch,2025-10-01,closed,MEMBER,a846e2bc0,80,5,4,64,
pytorch,pytorch,2025-10-01,closed,CONTRIBUTOR,ae13b2e40,192,1,0,,
pytorch,pytorch,2025-10-01,closed,COLLABORATOR,aeac7bc7f,232,54,2,11,
pytorch,pytorch,2025-10-01,closed,CONTRIBUTOR,ae13b2e40,325,10,1,72,
pytorch,pytorch,2025-10-01,closed,COLLABORATOR,aeac7bc7f,73,21,1,130,
pytorch,pytorch,2025-10-01,closed,COLLABORATOR,aeac7bc7f,7,1,1,59,
pytorch,pytorch,2025-10-01,closed,CONTRIBUTOR,ae13b2e40,194,1,1,45,
pytorch,pytorch,2025-10-01,closed,CONTRIBUTOR,ab689c736,3,1,0,,
pytorch,pytorch,2025-10-01,closed,CONTRIBUTOR,af46aca0f,95,5,1,15,
pytorch,pytorch,2025-10-01,closed,CONTRIBUTOR,a945faa98,534,139,4,1,
pytorch,pytorch,2025-10-01,closed,CONTRIBUTOR,a3be39839,27,2,1,1,
pytorch,pytorch,2025-10-01,closed,CONTRIBUTOR,a785abea7,78,13,2,7,
pytorch,pytorch,2025-10-01,closed,MEMBER,a82fe44ad,84,2,2,1,
pytorch,pytorch,2025-10-01,closed,COLLABORATOR,aa0db6274,8,2,3,1102,
pytorch,pytorch,2025-10-01,closed,NONE,ad1ac7661,961,5,7,23,
pytorch,pytorch,2025-10-01,merged,COLLABORATOR,abb677e08,2,1,1,0,0
pytorch,pytorch,2025-10-01,closed,CONTRIBUTOR,a9dd2e3c0,685,2,1,2,
pytorch,pytorch,2025-10-01,closed,COLLABORATOR,abba7eedc,42209,1197,0,,
pytorch,pytorch,2025-10-01,closed,COLLABORATOR,ae5a18ed1,30,1,3,0,
pytorch,pytorch,2025-10-01,closed,CONTRIBUTOR,aa9ac2ea5,5458,35,4,16,
pytorch,pytorch,2025-10-01,closed,MEMBER,ab3c582b3,76,1,4,16,
pytorch,pytorch,2025-10-01,closed,CONTRIBUTOR,a9dd2e3c0,72,2,1,24,
pytorch,pytorch,2025-10-01,closed,CONTRIBUTOR,ae66f3706,44,1,1,28,
pytorch,pytorch,2025-10-01,closed,CONTRIBUTOR,affa1f180,40,5,1,7,
pytorch,pytorch,2025-10-01,closed,CONTRIBUTOR,a785abea7,39,2,0,,
pytorch,pytorch,2025-10-01,merged,COLLABORATOR,abb677e08,13,1,1,0,3
pytorch,pytorch,2025-10-01,closed,CONTRIBUTOR,aa8d2fcec,44,1,1,160,
pytorch,pytorch,2025-10-01,closed,NONE,a1d438a4b,14,3,6,18,
pytorch,pytorch,2025-10-01,closed,CONTRIBUTOR,a5eb5e4fc,2,1,1,14,
pytorch,pytorch,2025-10-01,closed,CONTRIBUTOR,a69a2a0cd,281,4,2,0,
pytorch,pytorch,2025-10-01,closed,CONTRIBUTOR,a74a523df,42,2,3,20,
pytorch,pytorch,2025-10-01,closed,CONTRIBUTOR,aa238cb0a,1,1,5,2,
pytorch,pytorch,2025-10-01,closed,CONTRIBUTOR,aa238cb0a,541,5,11,21,
pytorch,pytorch,2025-10-01,closed,COLLABORATOR,ace78b27b,143,2,15,291,
pytorch,pytorch,2025-10-01,closed,CONTRIBUTOR,a9da25011,3,1,1,22,
pytorch,pytorch,2025-10-01,closed,COLLABORATOR,ae5a18ed1,32,1,1,19,
pytorch,pytorch,2025-10-01,closed,CONTRIBUTOR,a74a523df,1,1,0,,
pytorch,pytorch,2025-10-01,closed,CONTRIBUTOR,a2be965c2,6,1,4,4,
pytorch,pytorch,2025-10-01,merged,COLLABORATOR,abb677e08,9,1,1,0,0
pytorch,pytorch,2025-10-01,closed,COLLABORATOR,aeac7bc7f,524,82,2,36,
pytorch,pytorch,2025-10-01,closed,CONTRIBUTOR,a3552c582,67,1,1,11,
pytorch,pytorch,2025-10-01,closed,CONTRIBUTOR,a35f27e48,38,3,6,1,
pytorch,pytorch,2025-10-01,closed,COLLABORATOR,ace78b27b,58,3,3,24,
pytorch,pytorch,2025-10-01,closed,CONTRIBUTOR,ac4cb7beb,276,9,7,190,
pytorch,pytorch,2025-10-01,closed,CONTRIBUTOR,a05331277,228,4,0,,
pytorch,pytorch,2025-10-01,closed,CONTRIBUTOR,a785abea7,45,2,9,2,
pytorch,pytorch,2025-10-01,closed,CONTRIBUTOR,a945faa98,16,2,1,0,
pytorch,pytorch,2025-10-01,closed,CONTRIBUTOR,a05331277,250,3,0,,
pytorch,pytorch,2025-10-01,closed,CONTRIBUTOR,a05e8a07d,71,2,2,17,
pytorch,pytorch,2025-10-01,closed,COLLABORATOR,ad655184d,2,1,1,0,
pytorch,pytorch,2025-10-01,closed,CONTRIBUTOR,ae13b2e40,75,1,1,13,
pytorch,pytorch,2025-10-01,closed,NONE,a2b1b3abf,47,1,0,,
pytorch,pytorch,2025-10-01,closed,CONTRIBUTOR,ae66f3706,7,1,1,5,
pytorch,pytorch,2025-10-01,closed,CONTRIBUTOR,abd4fe483,67,2,0,,
pytorch,pytorch,2025-10-01,closed,CONTRIBUTOR,aa238cb0a,29,2,2,97,
pytorch,pytorch,2025-10-01,closed,CONTRIBUTOR,a9dd2e3c0,249,3,3,107,
pytorch,pytorch,2025-10-01,closed,CONTRIBUTOR,ae66f3706,63,3,1,266,
pytorch,pytorch,2025-10-01,closed,COLLABORATOR,a22ea5b25,2,1,1,0,
pytorch,pytorch,2025-10-01,closed,CONTRIBUTOR,a1c5fc68a,43,3,2,0,
pytorch,pytorch,2025-10-01,closed,CONTRIBUTOR,ae66f3706,90,1,3,264,
pytorch,pytorch,2025-10-01,closed,CONTRIBUTOR,a1c5fc68a,54,3,1,67,
pytorch,pytorch,2025-10-01,closed,COLLABORATOR,a438dfc5e,10,2,1,86,
pytorch,pytorch,2025-10-01,closed,CONTRIBUTOR,a3256af69,140,3,0,,
pytorch,pytorch,2025-10-01,closed,CONTRIBUTOR,ad1b2f518,275,17,11,18,
pytorch,pytorch,2025-10-01,closed,CONTRIBUTOR,a3b73df26,41,4,2,3,
pytorch,pytorch,2025-10-01,closed,COLLABORATOR,af178df54,187,8,5,1,
pytorch,pytorch,2025-10-01,closed,CONTRIBUTOR,a9dd2e3c0,275,7,2,2,
pytorch,pytorch,2025-10-01,closed,COLLABORATOR,ae617e84f,1316,5,0,,
pytorch,pytorch,2025-10-01,closed,CONTRIBUTOR,a3d310431,30,2,0,,
pytorch,pytorch,2025-10-01,closed,CONTRIBUTOR,a18c03ea5,49,2,5,23,
pytorch,pytorch,2025-10-01,closed,CONTRIBUTOR,a63e53439,473,11,1,1,
pytorch,pytorch,2025-10-01,merged,CONTRIBUTOR,adbb98a6d,47,3,2,4,6
pytorch,pytorch,2025-10-01,closed,CONTRIBUTOR,a73a9574e,1029,8,0,,
pytorch,pytorch,2025-10-01,closed,CONTRIBUTOR,a19270314,84,2,9,1,
pytorch,pytorch,2025-10-01,closed,COLLABORATOR,a6dca6705,35,2,1,7,
pytorch,pytorch,2025-10-01,closed,COLLABORATOR,aa773f4ff,65,3,3,20,
pytorch,pytorch,2025-10-01,closed,COLLABORATOR,a22ea5b25,9,1,1,18,
pytorch,pytorch,2025-10-01,closed,CONTRIBUTOR,aa8d2fcec,288,20,3,22,
pytorch,pytorch,2025-10-01,closed,CONTRIBUTOR,a7b9b3f68,1,1,1,40,
pytorch,pytorch,2025-10-01,closed,COLLABORATOR,afa2d0531,153,3,0,,
pytorch,pytorch,2025-10-01,closed,CONTRIBUTOR,a9d8283e3,7,1,1,7,
pytorch,pytorch,2025-10-01,closed,CONTRIBUTOR,a16823898,4,1,3,1,
pytorch,pytorch,2025-10-01,closed,CONTRIBUTOR,a6930a452,305,1,2,22,
pytorch,pytorch,2025-10-01,closed,COLLABORATOR,aaee1c0cd,268,3,0,,
pytorch,pytorch,2025-10-01,closed,NONE,afd8ecae0,41,5,0,,
pytorch,pytorch,2025-10-01,closed,CONTRIBUTOR,a95a7bc64,199,5,0,,
pytorch,pytorch,2025-10-01,closed,NONE,a4420f4fb,407,4,0,,
pytorch,pytorch,2025-10-01,closed,COLLABORATOR,a0a5ccaf7,103,8,2,14,
pytorch,pytorch,2025-10-01,closed,CONTRIBUTOR,a1e585980,3,1,2,10,
pytorch,pytorch,2025-10-01,closed,CONTRIBUTOR,a70909928,13,2,6,0,
pytorch,pytorch,2025-10-01,closed,CONTRIBUTOR,a93e93f0d,9,1,1,4,
pytorch,pytorch,2025-10-01,closed,CONTRIBUTOR,af756c719,131,7,11,0,
pytorch,pytorch,2025-10-01,closed,CONTRIBUTOR,a73a9574e,34,2,1,9,
pytorch,pytorch,2025-10-01,closed,CONTRIBUTOR,a3fe55b7a,46,5,1,0,
pytorch,pytorch,2025-10-01,closed,CONTRIBUTOR,ab689c736,138,4,1,23,
pytorch,pytorch,2025-10-01,closed,CONTRIBUTOR,add189f6d,23,1,4,0,
pytorch,pytorch,2025-10-01,closed,CONTRIBUTOR,aff6e6e4d,635,7,0,,
pytorch,pytorch,2025-10-01,closed,CONTRIBUTOR,af7cadb62,182,7,2,285,
pytorch,pytorch,2025-10-01,closed,CONTRIBUTOR,a868cfe77,170,10,1,0,
pytorch,pytorch,2025-10-01,closed,CONTRIBUTOR,a76060dbc,164,3,3,15,
pytorch,pytorch,2025-10-01,closed,CONTRIBUTOR,ad1b2f518,35,3,2,22,
pytorch,pytorch,2025-10-01,closed,CONTRIBUTOR,ae66f3706,198,3,0,,
pytorch,pytorch,2025-10-01,closed,COLLABORATOR,abba7eedc,66,2,1,628,
pytorch,pytorch,2025-10-01,closed,CONTRIBUTOR,a740472d6,36,2,4,1,
pytorch,pytorch,2025-10-01,closed,COLLABORATOR,ae617e84f,1195,4,1,1,
pytorch,pytorch,2025-10-01,closed,CONTRIBUTOR,ad1b2f518,35,3,1,3,
pytorch,pytorch,2025-10-01,closed,COLLABORATOR,ab06db1d7,90,3,5,0,
pytorch,pytorch,2025-10-01,closed,CONTRIBUTOR,af46aca0f,85,2,2,4,
pytorch,pytorch,2025-10-01,closed,COLLABORATOR,a22ea5b25,5,1,2,17,
pytorch,pytorch,2025-10-01,closed,MEMBER,ab3c582b3,75,2,1,256,
pytorch,pytorch,2025-10-01,closed,CONTRIBUTOR,ab2ece173,3,2,9,12,
pytorch,pytorch,2025-10-01,closed,CONTRIBUTOR,a3b73df26,333,7,1,9,
pytorch,pytorch,2025-10-01,closed,CONTRIBUTOR,af46d2248,85,3,0,,
pytorch,pytorch,2025-10-01,closed,CONTRIBUTOR,af756c719,5,1,0,,
pytorch,pytorch,2025-10-01,closed,CONTRIBUTOR,a8da6f3e3,74,19,1,3,
pytorch,pytorch,2025-10-01,closed,CONTRIBUTOR,af756c719,113,2,11,0,
pytorch,pytorch,2025-10-01,closed,COLLABORATOR,ae0a18ec6,324,3,9,261,
pytorch,pytorch,2025-10-01,closed,CONTRIBUTOR,a9dd2e3c0,1,1,0,,
pytorch,pytorch,2025-10-01,closed,CONTRIBUTOR,a3be39839,23,6,1,1,
pytorch,pytorch,2025-10-01,closed,CONTRIBUTOR,ad7ba31c9,28,1,2,0,
pytorch,pytorch,2025-10-01,closed,CONTRIBUTOR,ae66f3706,369,8,3,651,
pytorch,pytorch,2025-10-01,closed,COLLABORATOR,aeac7bc7f,6,2,1,12,
pytorch,pytorch,2025-10-01,closed,CONTRIBUTOR,a740472d6,107,4,7,57,
pytorch,pytorch,2025-10-01,closed,COLLABORATOR,a4a94000b,25,2,1,796,
pytorch,pytorch,2025-10-01,closed,NONE,abf362cb6,2673,2,19,5,
pytorch,pytorch,2025-10-01,closed,COLLABORATOR,a1674399b,7,1,1,91,
pytorch,pytorch,2025-10-01,closed,COLLABORATOR,a8fc1f349,232,7,2,81,
pytorch,pytorch,2025-10-01,closed,CONTRIBUTOR,ae13b2e40,55,4,5,33,
pytorch,pytorch,2025-10-01,closed,COLLABORATOR,af178df54,212,10,10,191,
pytorch,pytorch,2025-10-01,closed,COLLABORATOR,a22ea5b25,10,1,1,198,
pytorch,pytorch,2025-10-01,merged,CONTRIBUTOR,adbb98a6d,17,1,2,0,3
pytorch,pytorch,2025-10-01,closed,NONE,a46a0cdc9,208,1,0,,
pytorch,pytorch,2025-10-01,closed,CONTRIBUTOR,ab689c736,90,3,1,0,
pytorch,pytorch,2025-10-01,closed,COLLABORATOR,aeac7bc7f,1010,78,14,2,
pytorch,pytorch,2025-10-01,closed,COLLABORATOR,af178df54,240,7,14,197,
pytorch,pytorch,2025-10-01,closed,CONTRIBUTOR,ab689c736,123,3,0,,
pytorch,pytorch,2025-10-01,closed,COLLABORATOR,ad655184d,2,1,1,0,
pytorch,pytorch,2025-10-01,closed,COLLABORATOR,af5bc3743,809,19,2,63,
pytorch,pytorch,2025-10-01,closed,COLLABORATOR,ad19ffe38,6,1,1,179,
pytorch,pytorch,2025-10-01,closed,COLLABORATOR,ae617e84f,244,2,0,,
pytorch,pytorch,2025-10-01,open,COLLABORATOR,a02a2a466,2661,15,2,4,
pytorch,pytorch,2025-10-01,closed,COLLABORATOR,a6c95b819,28,2,5,280,
pytorch,pytorch,2025-10-01,closed,CONTRIBUTOR,aa238cb0a,56,1,1,4,
pytorch,pytorch,2025-10-01,closed,CONTRIBUTOR,a8bcb8cff,597,4,1,18,
pytorch,pytorch,2025-10-01,closed,CONTRIBUTOR,a740472d6,3,1,0,,
pytorch,pytorch,2025-10-01,closed,NONE,a712ed06d,2,1,1,334,
pytorch,pytorch,2025-10-01,closed,CONTRIBUTOR,a945faa98,254,85,2,0,
pytorch,pytorch,2025-10-01,closed,CONTRIBUTOR,aa238cb0a,19,1,1,0,
pytorch,pytorch,2025-10-01,closed,CONTRIBUTOR,add189f6d,42,4,1,2,
pytorch,pytorch,2025-10-01,closed,CONTRIBUTOR,a945faa98,1024,89,1,18,
pytorch,pytorch,2025-10-01,closed,CONTRIBUTOR,add189f6d,36,1,2,7,
pytorch,pytorch,2025-10-01,closed,CONTRIBUTOR,afc4b5a75,140,4,5,18,
pytorch,pytorch,2025-10-01,closed,NONE,a706fd713,57,2,4,37,
pytorch,pytorch,2025-10-01,closed,CONTRIBUTOR,af756c719,2496,2,1,0,
pytorch,pytorch,2025-10-01,closed,CONTRIBUTOR,a0f853bee,43,3,6,53,
pytorch,pytorch,2025-10-01,closed,CONTRIBUTOR,af46d2248,82,5,1,92,
pytorch,pytorch,2025-10-01,closed,CONTRIBUTOR,a0a52b182,895,16,0,,
pytorch,pytorch,2025-10-01,closed,CONTRIBUTOR,a63e53439,193,1,2,182,
pytorch,pytorch,2025-10-01,closed,CONTRIBUTOR,ad1b2f518,428,3,9,13,
pytorch,pytorch,2025-10-01,closed,CONTRIBUTOR,a7fd74a54,1,1,3,14,
pytorch,pytorch,2025-10-01,open,COLLABORATOR,a4a94000b,53,2,0,,
pytorch,pytorch,2025-10-01,closed,COLLABORATOR,a61b2ad55,1306,155,50,31,
pytorch,pytorch,2025-10-01,closed,CONTRIBUTOR,a6e3e1227,28,2,1,11,
pytorch,pytorch,2025-10-01,closed,COLLABORATOR,ace78b27b,33,3,0,,
pytorch,pytorch,2025-10-01,closed,CONTRIBUTOR,ae66f3706,78,2,0,,
pytorch,pytorch,2025-10-01,closed,CONTRIBUTOR,a3552c582,1736,6,1,0,
pytorch,pytorch,2025-10-01,closed,COLLABORATOR,a8fb04369,14,3,9,22,
pytorch,pytorch,2025-10-01,closed,CONTRIBUTOR,a945faa98,406,47,2,0,
pytorch,pytorch,2025-10-01,closed,COLLABORATOR,aeac7bc7f,2,1,1,10,
pytorch,pytorch,2025-10-01,closed,CONTRIBUTOR,a8dd56e6a,122,2,8,4,
pytorch,pytorch,2025-10-01,closed,CONTRIBUTOR,a0a52b182,338,2,1,0,
pytorch,pytorch,2025-10-01,closed,COLLABORATOR,a100b6782,60,2,0,,
pytorch,pytorch,2025-10-01,closed,COLLABORATOR,abb677e08,60,2,0,,
pytorch,pytorch,2025-10-01,closed,COLLABORATOR,a38c4cfed,60,2,1,192,
pytorch,pytorch,2025-10-01,closed,NONE,af83dd5de,0,1,1,24,
pytorch,pytorch,2025-10-01,closed,COLLABORATOR,a438dfc5e,8,2,2,213,
pytorch,pytorch,2025-10-01,closed,CONTRIBUTOR,a0a52b182,146,3,0,,
pytorch,pytorch,2025-10-01,closed,CONTRIBUTOR,a0a52b182,269,4,0,,
pytorch,pytorch,2025-10-01,closed,CONTRIBUTOR,ad1b2f518,568,10,17,0,
pytorch,pytorch,2025-10-01,closed,CONTRIBUTOR,a945faa98,13,2,1,0,
pytorch,pytorch,2025-10-01,closed,CONTRIBUTOR,afb258684,67,2,10,16,
pytorch,pytorch,2025-10-01,closed,CONTRIBUTOR,a949320c3,66,3,1,10,
pytorch,pytorch,2025-10-01,closed,CONTRIBUTOR,adad92463,203,3,0,,
pytorch,pytorch,2025-10-01,closed,CONTRIBUTOR,a69a2a0cd,4,1,1,1,
pytorch,pytorch,2025-10-01,closed,CONTRIBUTOR,a0f853bee,10,1,1,148,
pytorch,pytorch,2025-10-01,closed,CONTRIBUTOR,ad1b2f518,146,6,5,89,
pytorch,pytorch,2025-10-01,closed,CONTRIBUTOR,a8bcb8cff,4,1,3,0,
pytorch,pytorch,2025-10-01,closed,CONTRIBUTOR,a0909cf74,75,3,6,0,
pytorch,pytorch,2025-10-01,closed,COLLABORATOR,a16fd3e30,1435,15,4,53,
pytorch,pytorch,2025-10-01,closed,COLLABORATOR,aaee1c0cd,113,3,1,17,
pytorch,pytorch,2025-10-01,closed,COLLABORATOR,aeac7bc7f,189,54,2,14,
pytorch,pytorch,2025-11-01,closed,COLLABORATOR,a8fc1f349,8,1,0,,
pytorch,pytorch,2025-11-01,closed,CONTRIBUTOR,ae3508cd1,27,2,1,0,
pytorch,pytorch,2025-11-01,closed,CONTRIBUTOR,a7d17e175,17,2,4,11,
pytorch,pytorch,2025-11-01,closed,CONTRIBUTOR,adad92463,17,1,2,61,
pytorch,pytorch,2025-11-01,closed,CONTRIBUTOR,afc4b5a75,9,2,1,42,
pytorch,pytorch,2025-11-01,closed,CONTRIBUTOR,a63e53439,309,2,1,245,
pytorch,pytorch,2025-11-01,closed,CONTRIBUTOR,a642039ad,223,13,1,13,
pytorch,pytorch,2025-11-01,closed,COLLABORATOR,a0a5ccaf7,14,1,3,15,
pytorch,pytorch,2025-11-01,closed,CONTRIBUTOR,a05331277,29,2,2,16,
pytorch,pytorch,2025-11-01,closed,CONTRIBUTOR,a0aaadb1e,0,0,0,,
pytorch,pytorch,2025-11-01,closed,COLLABORATOR,a0a5ccaf7,31,1,1,10,
pytorch,pytorch,2025-11-01,closed,CONTRIBUTOR,afb258684,27,2,4,1,
pytorch,pytorch,2025-11-01,closed,CONTRIBUTOR,aa238cb0a,4,1,1,1,
pytorch,pytorch,2025-11-01,closed,CONTRIBUTOR,ab028fbf6,52,4,2,0,
pytorch,pytorch,2025-11-01,closed,COLLABORATOR,aaee1c0cd,8,1,1,44,
pytorch,pytorch,2025-11-01,closed,COLLABORATOR,ab6cb35e7,33,2,2,0,
pytorch,pytorch,2025-11-01,closed,COLLABORATOR,acf4dda97,2,1,1,1,
pytorch,pytorch,2025-11-01,closed,NONE,ab342a348,65,2,0,,
pytorch,pytorch,2025-11-01,closed,CONTRIBUTOR,ab1d93ca3,2,1,0,,
pytorch,pytorch,2025-11-01,closed,CONTRIBUTOR,afc4b5a75,131,5,1,144,
pytorch,pytorch,2025-11-01,merged,CONTRIBUTOR,a0a52b182,93,3,1,26,26
pytorch,pytorch,2025-11-01,closed,NONE,a4193b023,38,2,3,70,
pytorch,pytorch,2025-11-01,closed,CONTRIBUTOR,ad1b2f518,757,8,2,362,
pytorch,pytorch,2025-11-01,closed,CONTRIBUTOR,a554ec844,60,1,1,17,
pytorch,pytorch,2025-11-01,merged,CONTRIBUTOR,a2fc8199f,2,1,2,1,42
pytorch,pytorch,2025-11-01,closed,CONTRIBUTOR,a05331277,606,4,10,19,
pytorch,pytorch,2025-11-01,closed,CONTRIBUTOR,a0aaadb1e,78,3,1,552,
pytorch,pytorch,2025-11-01,closed,CONTRIBUTOR,aa7e8f030,449,8,16,44,
pytorch,pytorch,2025-11-01,closed,NONE,a4380fd18,9,1,0,,
pytorch,pytorch,2025-11-01,closed,CONTRIBUTOR,a740472d6,31,4,0,,
pytorch,pytorch,2025-11-01,closed,COLLABORATOR,a4a245b6f,8516,9,7,698,
pytorch,pytorch,2025-11-01,closed,COLLABORATOR,acbd43ef2,23,4,3,111,
pytorch,pytorch,2025-11-01,closed,CONTRIBUTOR,a92f0a0de,2,1,1,196,
pytorch,pytorch,2025-11-01,closed,COLLABORATOR,ae617e84f,81,2,0,,
pytorch,pytorch,2025-11-01,closed,CONTRIBUTOR,ad1b2f518,103,1,4,1,
pytorch,pytorch,2025-11-01,closed,CONTRIBUTOR,a1eb0cd02,11,1,2,0,
pytorch,pytorch,2025-11-01,closed,CONTRIBUTOR,a785abea7,53,2,2,23,
pytorch,pytorch,2025-11-01,closed,MEMBER,a846e2bc0,1049,3,4,1,
pytorch,pytorch,2025-11-01,closed,MEMBER,a846e2bc0,839,34,2,29,
pytorch,pytorch,2025-11-01,closed,CONTRIBUTOR,a554ec844,30,2,2,0,
pytorch,pytorch,2025-11-01,closed,CONTRIBUTOR,a0a52b182,370,4,3,20,
pytorch,pytorch,2025-11-01,closed,CONTRIBUTOR,a3fe55b7a,691,8,0,,
pytorch,pytorch,2025-11-01,closed,CONTRIBUTOR,a554ec844,1,1,5,14,
pytorch,pytorch,2025-11-01,closed,CONTRIBUTOR,a740472d6,231,6,8,43,
pytorch,pytorch,2025-11-01,closed,COLLABORATOR,a0a5ccaf7,20,1,2,192,
pytorch,pytorch,2025-11-01,closed,COLLABORATOR,af178df54,32,1,0,,
pytorch,pytorch,2025-11-01,closed,CONTRIBUTOR,a617d108d,24,3,1,7,
pytorch,pytorch,2025-11-01,open,CONTRIBUTOR,a3256af69,508,3,16,682,
pytorch,pytorch,2025-11-01,closed,COLLABORATOR,a7393f470,37,1,4,0,
pytorch,pytorch,2025-11-01,closed,CONTRIBUTOR,ae9a62bd5,29,1,4,15,
pytorch,pytorch,2025-11-01,closed,CONTRIBUTOR,ad7ba31c9,18,3,1,8,
pytorch,pytorch,2025-11-01,closed,COLLABORATOR,aeac7bc7f,19,5,4,4,
pytorch,pytorch,2025-11-01,closed,COLLABORATOR,ace78b27b,172,10,15,109,
pytorch,pytorch,2025-11-01,closed,CONTRIBUTOR,ae66f3706,13,1,1,52,
pytorch,pytorch,2025-11-01,closed,CONTRIBUTOR,ab2ece173,582,4,19,0,
pytorch,pytorch,2025-11-01,closed,CONTRIBUTOR,a740472d6,3,1,1,0,
pytorch,pytorch,2025-11-01,closed,CONTRIBUTOR,add189f6d,5,1,0,,
pytorch,pytorch,2025-11-01,merged,COLLABORATOR,abb677e08,6,1,1,1,1
pytorch,pytorch,2025-11-01,closed,CONTRIBUTOR,ab689c736,250,2,0,,
pytorch,pytorch,2025-11-01,closed,COLLABORATOR,aeac7bc7f,92,35,1,405,
pytorch,pytorch,2025-11-01,closed,CONTRIBUTOR,ad7ba31c9,7,1,4,0,
pytorch,pytorch,2025-11-01,closed,COLLABORATOR,aeac7bc7f,80,17,5,11,
pytorch,pytorch,2025-11-01,closed,CONTRIBUTOR,a868cfe77,288,3,7,1,
pytorch,pytorch,2025-11-01,closed,CONTRIBUTOR,add189f6d,2,1,2,13,
pytorch,pytorch,2025-11-01,closed,CONTRIBUTOR,a740472d6,102,2,1,20,
pytorch,pytorch,2025-11-01,closed,CONTRIBUTOR,ac43701e2,7,2,2,7,
pytorch,pytorch,2025-11-01,closed,CONTRIBUTOR,a7013d732,47,3,11,2,
pytorch,pytorch,2025-11-01,closed,CONTRIBUTOR,ad1b2f518,9,1,1,15,
pytorch,pytorch,2025-11-01,closed,CONTRIBUTOR,a554ec844,35,2,1,15,
pytorch,pytorch,2025-11-01,closed,CONTRIBUTOR,a94cbb390,219,2,1,1,
pytorch,pytorch,2025-11-01,closed,CONTRIBUTOR,a1863beec,19,2,0,,
pytorch,pytorch,2025-11-01,closed,CONTRIBUTOR,a69a2a0cd,14,2,0,,
pytorch,pytorch,2025-11-01,closed,CONTRIBUTOR,a3fe55b7a,3,1,0,,
pytorch,pytorch,2025-11-01,closed,CONTRIBUTOR,a785abea7,10,1,3,0,
pytorch,pytorch,2025-11-01,closed,CONTRIBUTOR,adbb98a6d,92,2,22,2,
pytorch,pytorch,2025-11-01,closed,CONTRIBUTOR,ae9a62bd5,36,2,1,0,
pytorch,pytorch,2025-11-01,closed,CONTRIBUTOR,a05331277,77,3,3,18,
pytorch,pytorch,2025-11-01,closed,CONTRIBUTOR,afb62a5b9,4,1,2,11,
pytorch,pytorch,2025-11-01,closed,CONTRIBUTOR,ad1b2f518,42,4,2,40,
pytorch,pytorch,2025-11-01,closed,COLLABORATOR,a894ad41b,32,3,1,17,
pytorch,pytorch,2025-11-01,closed,CONTRIBUTOR,a554ec844,39,2,1,12,
pytorch,pytorch,2025-11-01,closed,COLLABORATOR,a265333b2,1889,8,39,16,
pytorch,pytorch,2025-11-01,closed,CONTRIBUTOR,a554ec844,2,1,0,,
pytorch,pytorch,2025-11-01,closed,CONTRIBUTOR,adad92463,12,2,0,,
pytorch,pytorch,2025-11-01,closed,COLLABORATOR,a821316f3,1,1,1,0,
pytorch,pytorch,2025-11-01,closed,COLLABORATOR,a7393f470,261,16,10,1,
pytorch,pytorch,2025-11-01,closed,COLLABORATOR,aaee1c0cd,522,5,1,22,
pytorch,pytorch,2025-11-01,closed,CONTRIBUTOR,a7d863361,189,1,1,24,
pytorch,pytorch,2025-11-01,closed,CONTRIBUTOR,af94f4c09,57,2,1,23,
pytorch,pytorch,2025-11-01,closed,NONE,ae6579c63,4,1,2,36,
pytorch,pytorch,2025-11-01,closed,NONE,a15894e6d,85,1,0,,
pytorch,pytorch,2025-11-01,closed,CONTRIBUTOR,a63e53439,26,2,0,,
pytorch,pytorch,2025-11-01,closed,CONTRIBUTOR,a05331277,18,1,0,,
pytorch,pytorch,2025-11-01,closed,COLLABORATOR,a22ea5b25,7,1,1,1340,
pytorch,pytorch,2025-11-01,closed,CONTRIBUTOR,af6bed886,24,1,1,12,
pytorch,pytorch,2025-11-01,closed,COLLABORATOR,af178df54,24,3,2,19,
pytorch,pytorch,2025-11-01,closed,COLLABORATOR,af3baceb6,119,3,16,112,
pytorch,pytorch,2025-11-01,closed,CONTRIBUTOR,a9dd2e3c0,183,3,0,,
pytorch,pytorch,2025-11-01,closed,NONE,a8a5a1e17,18,1,0,,
pytorch,pytorch,2025-11-01,closed,CONTRIBUTOR,a9dd2e3c0,122,2,1,2,
pytorch,pytorch,2025-11-01,closed,MEMBER,af9a90ce4,128,15,2,55,
pytorch,pytorch,2025-11-01,closed,COLLABORATOR,ad655184d,2,1,1,0,
pytorch,pytorch,2025-11-01,closed,COLLABORATOR,a438dfc5e,4,1,5,32,
pytorch,pytorch,2025-11-01,closed,CONTRIBUTOR,add189f6d,208,16,2,46,
pytorch,pytorch,2025-11-01,closed,CONTRIBUTOR,a868cfe77,158,2,1,26,
pytorch,pytorch,2025-11-01,closed,COLLABORATOR,af178df54,75,9,6,51,
pytorch,pytorch,2025-11-01,closed,COLLABORATOR,aee9ee539,9,2,5,8,
pytorch,pytorch,2025-11-01,closed,CONTRIBUTOR,ae13b2e40,150,1,1,8,
pytorch,pytorch,2025-11-01,closed,CONTRIBUTOR,ad148afe6,12,1,1,49,
pytorch,pytorch,2025-11-01,closed,CONTRIBUTOR,ab689c736,22,1,1,74,
pytorch,pytorch,2025-11-01,closed,CONTRIBUTOR,a740472d6,14,2,1,3,
pytorch,pytorch,2025-11-01,closed,CONTRIBUTOR,a05331277,136,5,0,,
pytorch,pytorch,2025-11-01,closed,CONTRIBUTOR,a56222d4e,77,4,1,186,
pytorch,pytorch,2025-11-01,closed,CONTRIBUTOR,af7cadb62,35,3,1,41,
pytorch,pytorch,2025-11-01,closed,NONE,a5d788caa,17,2,0,,
pytorch,pytorch,2025-11-01,closed,COLLABORATOR,a821316f3,420,5,6,558,
pytorch,pytorch,2025-11-01,closed,CONTRIBUTOR,aab967e72,6,3,0,,
pytorch,pytorch,2025-11-01,closed,COLLABORATOR,ab06db1d7,3,1,1,1,
pytorch,pytorch,2025-11-01,closed,CONTRIBUTOR,a1eb0cd02,81,1,3,21,
pytorch,pytorch,2025-11-01,closed,CONTRIBUTOR,a7013d732,38,2,1,16,
pytorch,pytorch,2025-11-01,closed,CONTRIBUTOR,ac76f946f,124,7,2,3,
pytorch,pytorch,2025-11-01,closed,CONTRIBUTOR,ad1b2f518,19,1,0,,
pytorch,pytorch,2025-11-01,closed,COLLABORATOR,a22ea5b25,7,1,3,0,
pytorch,pytorch,2025-11-01,closed,CONTRIBUTOR,acde10e71,16,5,1,0,
pytorch,pytorch,2025-11-01,closed,COLLABORATOR,a22ea5b25,2,1,1,22,
pytorch,pytorch,2025-11-01,closed,NONE,a46cce90d,643,7,1,301,
pytorch,pytorch,2025-11-01,closed,CONTRIBUTOR,adad92463,2,1,0,,
pytorch,pytorch,2025-11-01,closed,CONTRIBUTOR,a554ec844,145,1,1,11,
pytorch,pytorch,2025-11-01,closed,COLLABORATOR,ab06db1d7,40,2,1,15,
pytorch,pytorch,2025-11-01,closed,CONTRIBUTOR,a6e3e1227,37,3,1,25,
pytorch,pytorch,2025-11-01,closed,CONTRIBUTOR,afc4b5a75,21,2,3,2,
pytorch,pytorch,2025-11-01,closed,CONTRIBUTOR,a642039ad,32,1,1,0,
pytorch,pytorch,2025-11-01,closed,COLLABORATOR,aca23f99e,7,1,2,0,
pytorch,pytorch,2025-11-01,closed,CONTRIBUTOR,a09f0c780,21,3,9,20,
pytorch,pytorch,2025-11-01,closed,CONTRIBUTOR,a415e187b,1243,7,0,,
pytorch,pytorch,2025-11-01,closed,CONTRIBUTOR,a19270314,62,2,0,,
pytorch,pytorch,2025-11-01,closed,COLLABORATOR,a0a5ccaf7,72,1,1,132,
pytorch,pytorch,2025-11-01,closed,COLLABORATOR,aa0db6274,109,17,10,4,
pytorch,pytorch,2025-11-01,closed,CONTRIBUTOR,a35f27e48,52,3,4,4,
pytorch,pytorch,2025-11-01,closed,CONTRIBUTOR,a7cd5697e,13,2,7,0,
pytorch,pytorch,2025-11-01,closed,CONTRIBUTOR,a554ec844,153,5,11,117,
pytorch,pytorch,2025-11-01,closed,COLLABORATOR,a16fd3e30,4,1,1,0,
pytorch,pytorch,2025-11-01,closed,CONTRIBUTOR,aa238cb0a,178,7,4,1,
pytorch,pytorch,2025-11-01,open,NONE,a643c997a,22,4,0,,
pytorch,pytorch,2025-11-01,closed,CONTRIBUTOR,ab1138eca,66,2,0,,
pytorch,pytorch,2025-11-01,closed,CONTRIBUTOR,a94cbb390,10,1,1,32,
pytorch,pytorch,2025-11-01,closed,CONTRIBUTOR,a7e60a047,74,5,9,450,
pytorch,pytorch,2025-11-01,closed,CONTRIBUTOR,ac76f946f,130,1,1,10,
pytorch,pytorch,2025-11-01,closed,CONTRIBUTOR,a6e3e1227,8,2,1,1,
pytorch,pytorch,2025-11-01,closed,CONTRIBUTOR,a94cbb390,319,24,4,0,
pytorch,pytorch,2025-11-01,closed,CONTRIBUTOR,a9dd2e3c0,313,4,2,14,
pytorch,pytorch,2025-11-01,closed,CONTRIBUTOR,a8207af66,3,1,3,17,
pytorch,pytorch,2025-11-01,closed,CONTRIBUTOR,a3eb9b9cd,92,2,1,498,
pytorch,pytorch,2025-11-01,closed,COLLABORATOR,a61b2ad55,21,2,14,8,
pytorch,pytorch,2025-11-01,closed,NONE,a107cd112,1339,3,1,423,
pytorch,pytorch,2025-11-01,closed,CONTRIBUTOR,a5589aa2b,47,2,9,32,
pytorch,pytorch,2025-11-01,closed,NONE,a9bfe594e,377,2,1,982,
pytorch,pytorch,2025-11-01,closed,CONTRIBUTOR,a740472d6,45,1,1,22,
pytorch,pytorch,2025-11-01,closed,CONTRIBUTOR,a5b6bc059,22,1,0,,
pytorch,pytorch,2025-11-01,closed,NONE,aa1ced71e,13,1,2,957,
pytorch,pytorch,2025-11-01,closed,NONE,ab438fc7f,684,6,4,20,
pytorch,pytorch,2025-11-01,closed,CONTRIBUTOR,a1febba14,23728,47,6,164,
pytorch,pytorch,2025-11-01,closed,CONTRIBUTOR,aac57cdd0,70,2,5,37,
pytorch,pytorch,2025-11-01,closed,COLLABORATOR,af178df54,5,1,2,23,
pytorch,pytorch,2025-11-01,closed,CONTRIBUTOR,a9a19100a,10,1,0,,
pytorch,pytorch,2025-11-01,closed,COLLABORATOR,aeac7bc7f,32,1,1,779,
pytorch,pytorch,2025-11-01,closed,CONTRIBUTOR,a740472d6,512,4,1,62,
pytorch,pytorch,2025-11-01,closed,CONTRIBUTOR,adad92463,55,2,0,,
pytorch,pytorch,2025-11-01,closed,CONTRIBUTOR,ae13b2e40,65,2,1,2,
pytorch,pytorch,2025-11-01,closed,CONTRIBUTOR,a2423b993,14,1,1,91,
pytorch,pytorch,2025-11-01,closed,COLLABORATOR,aeac7bc7f,1496,43,5,64,
pytorch,pytorch,2025-11-01,closed,CONTRIBUTOR,ae13b2e40,48,1,0,,
pytorch,pytorch,2025-11-01,closed,NONE,abfdf9aac,4,1,3,287,
pytorch,pytorch,2025-11-01,closed,CONTRIBUTOR,ab1138eca,23,2,1,1974,
pytorch,pytorch,2025-11-01,closed,COLLABORATOR,a55d2cdc8,2,1,1,239,
pytorch,pytorch,2025-11-01,closed,CONTRIBUTOR,ab25bd73e,68,5,11,2,
pytorch,pytorch,2025-11-01,closed,CONTRIBUTOR,a7e60a047,100,1,1,1057,
pytorch,pytorch,2025-12-01,closed,NONE,a1aa14a82,43,4,2,289,
pytorch,pytorch,2025-12-01,closed,COLLABORATOR,aa0db6274,15,2,1,74,
pytorch,pytorch,2025-12-01,closed,CONTRIBUTOR,a3f3ea17d,246,3,0,,
pytorch,pytorch,2025-12-01,closed,COLLABORATOR,ace78b27b,13,1,1,192,
pytorch,pytorch,2025-12-01,closed,COLLABORATOR,a6dca6705,38,2,1,151,
pytorch,pytorch,2025-12-01,closed,CONTRIBUTOR,ab9169065,687,5,2,168,
pytorch,pytorch,2025-12-01,closed,COLLABORATOR,ac8a62005,49,4,9,253,
pytorch,pytorch,2025-12-01,closed,COLLABORATOR,aeac7bc7f,4,1,1,53,
pytorch,pytorch,2025-12-01,closed,COLLABORATOR,a438dfc5e,124,3,1,84,
pytorch,pytorch,2025-12-01,closed,COLLABORATOR,afa2d0531,123,2,2,1355,
pytorch,pytorch,2025-12-01,closed,CONTRIBUTOR,ad1b2f518,316,6,2,22,
pytorch,pytorch,2025-12-01,closed,CONTRIBUTOR,a740472d6,72,4,1,0,
pytorch,pytorch,2025-12-01,closed,CONTRIBUTOR,a0b4660bf,4,1,2,0,
pytorch,pytorch,2025-12-01,closed,CONTRIBUTOR,a868cfe77,333,2,2,19,
pytorch,pytorch,2025-12-01,closed,COLLABORATOR,a0a5ccaf7,344,9,7,243,
pytorch,pytorch,2025-12-01,closed,CONTRIBUTOR,a1eb0cd02,58,3,6,0,
pytorch,pytorch,2025-12-01,closed,CONTRIBUTOR,a740472d6,118,1,2,10,
pytorch,pytorch,2025-12-01,closed,COLLABORATOR,a608d823d,70,2,0,,
pytorch,pytorch,2025-12-01,closed,CONTRIBUTOR,ab028fbf6,7,4,1,1,
pytorch,pytorch,2025-12-01,closed,COLLABORATOR,ac8c0369e,360,4,1,50,
pytorch,pytorch,2025-12-01,closed,CONTRIBUTOR,ab689c736,1556,12,76,97,
pytorch,pytorch,2025-12-01,closed,CONTRIBUTOR,a868cfe77,1,1,1,0,
pytorch,pytorch,2025-12-01,closed,CONTRIBUTOR,ab028fbf6,2,1,1,0,
pytorch,pytorch,2025-12-01,closed,CONTRIBUTOR,a9dd2e3c0,78,2,1,165,
pytorch,pytorch,2025-12-01,closed,CONTRIBUTOR,a6e3e1227,161,5,2,50,
pytorch,pytorch,2025-12-01,closed,MEMBER,a82fe44ad,4,1,1,4,
pytorch,pytorch,2025-12-01,closed,CONTRIBUTOR,ac54a0812,12,1,1,16,
pytorch,pytorch,2025-12-01,closed,CONTRIBUTOR,a6403f37c,338,5,1,16,
pytorch,pytorch,2025-12-01,closed,NONE,a0ec0b345,25,1,0,,
pytorch,pytorch,2025-12-01,closed,CONTRIBUTOR,a0f853bee,303,4,2,134,
pytorch,pytorch,2025-12-01,closed,CONTRIBUTOR,affa1f180,434,7,10,837,
pytorch,pytorch,2025-12-01,closed,COLLABORATOR,af3baceb6,31,2,4,7,
pytorch,pytorch,2025-12-01,closed,CONTRIBUTOR,ae0e7ddd1,74,1,1,342,
pytorch,pytorch,2025-12-01,closed,CONTRIBUTOR,aa5f56ee5,165,2,1,10,
pytorch,pytorch,2025-12-01,closed,CONTRIBUTOR,a613abc93,3,1,0,,
pytorch,pytorch,2025-12-01,closed,CONTRIBUTOR,a0b4660bf,3,1,1,0,
pytorch,pytorch,2025-12-01,closed,CONTRIBUTOR,a642039ad,100,9,0,,
pytorch,pytorch,2025-12-01,closed,CONTRIBUTOR,ae66f3706,2,1,1,16,
pytorch,pytorch,2025-12-01,closed,CONTRIBUTOR,a35f27e48,322,3,11,91,
pytorch,pytorch,2025-12-01,closed,CONTRIBUTOR,ab689c736,38,3,2,1,
pytorch,pytorch,2025-12-01,closed,CONTRIBUTOR,a740472d6,197,8,2,0,
pytorch,pytorch,2025-12-01,closed,CONTRIBUTOR,a613abc93,9,2,1,24,
pytorch,pytorch,2025-12-01,closed,CONTRIBUTOR,a41334601,7,3,0,,
pytorch,pytorch,2025-12-01,closed,CONTRIBUTOR,a8dd56e6a,64,1,1,102,
pytorch,pytorch,2025-12-01,closed,CONTRIBUTOR,aa8d2fcec,94,3,1,95,
pytorch,pytorch,2025-12-01,closed,COLLABORATOR,a5dc541f5,48,2,5,237,
pytorch,pytorch,2025-12-01,closed,CONTRIBUTOR,add189f6d,228,8,2,1,
pytorch,pytorch,2025-12-01,closed,CONTRIBUTOR,ab9aa8009,40,2,1,0,
pytorch,pytorch,2025-12-01,closed,CONTRIBUTOR,add189f6d,14,4,0,,
pytorch,pytorch,2025-12-01,closed,COLLABORATOR,aaee1c0cd,229,4,3,64,
pytorch,pytorch,2025-12-01,closed,MEMBER,a846e2bc0,555,13,10,62,
pytorch,pytorch,2025-12-01,closed,CONTRIBUTOR,a5233f818,734,1,0,,
pytorch,pytorch,2025-12-01,closed,CONTRIBUTOR,ab14f2c80,25,1,0,,
pytorch,pytorch,2025-12-01,closed,NONE,a7d4e595b,153,5,3,230,
pytorch,pytorch,2025-12-01,closed,CONTRIBUTOR,a7cd5697e,4,2,3,2,
pytorch,pytorch,2025-12-01,closed,CONTRIBUTOR,a6e3e1227,4,1,4,1,
pytorch,pytorch,2025-12-01,closed,CONTRIBUTOR,af46aca0f,433,3,0,,
pytorch,pytorch,2025-12-01,closed,CONTRIBUTOR,add189f6d,2,1,2,0,
pytorch,pytorch,2025-12-01,closed,CONTRIBUTOR,add189f6d,4,1,1,11,
pytorch,pytorch,2025-12-01,closed,CONTRIBUTOR,af46d2248,32,3,1,26,
pytorch,pytorch,2025-12-01,closed,CONTRIBUTOR,a868cfe77,262,20,1,3,
pytorch,pytorch,2025-12-01,closed,CONTRIBUTOR,a868cfe77,90,16,1,1,
pytorch,pytorch,2025-12-01,closed,CONTRIBUTOR,a868cfe77,238,10,1,1,
pytorch,pytorch,2025-12-01,closed,CONTRIBUTOR,a28b52c77,4,1,3,1981,
pytorch,pytorch,2025-12-01,closed,COLLABORATOR,aeac7bc7f,22,3,10,35,
pytorch,pytorch,2025-12-01,closed,CONTRIBUTOR,a0f853bee,20,2,0,,
pytorch,pytorch,2025-12-01,closed,NONE,a6c05a520,14,2,4,193,
pytorch,pytorch,2025-12-01,closed,CONTRIBUTOR,a05331277,322,3,0,,
pytorch,pytorch,2025-12-01,closed,MEMBER,ab3c582b3,154,1,1,27,
pytorch,pytorch,2025-12-01,closed,CONTRIBUTOR,ae011f716,4,1,2,1,
pytorch,pytorch,2025-12-01,closed,CONTRIBUTOR,a05331277,40,5,4,2,
pytorch,pytorch,2025-12-01,closed,COLLABORATOR,aab0b0a28,217,7,1,18,
pytorch,pytorch,2025-12-01,closed,MEMBER,a846e2bc0,99,3,4,17,
pytorch,pytorch,2025-12-01,closed,COLLABORATOR,ae0a18ec6,8,1,5,42,
pytorch,pytorch,2025-12-01,closed,CONTRIBUTOR,ac5fc38b4,5,1,0,,
pytorch,pytorch,2025-12-01,closed,CONTRIBUTOR,a554ec844,311,4,3,3,
pytorch,pytorch,2025-12-01,closed,COLLABORATOR,aeac7bc7f,3,1,1,181,
pytorch,pytorch,2025-12-01,closed,CONTRIBUTOR,ad84229ea,56,2,7,190,
pytorch,pytorch,2025-12-01,closed,COLLABORATOR,af178df54,329,3,3,177,
pytorch,pytorch,2025-12-01,closed,MEMBER,a1a5a17e0,9,2,2,0,
pytorch,pytorch,2025-12-01,closed,MEMBER,a1a5a17e0,2,1,2,0,
pytorch,pytorch,2025-12-01,closed,COLLABORATOR,a72e5ee0e,2,1,0,,
pytorch,pytorch,2025-12-01,closed,CONTRIBUTOR,a3552c582,295,2,1,109,
pytorch,pytorch,2025-12-01,closed,CONTRIBUTOR,a8da6f3e3,53,2,2,0,
pytorch,pytorch,2025-12-01,closed,CONTRIBUTOR,a93ef39a3,5,1,1,118,
pytorch,pytorch,2025-12-01,closed,COLLABORATOR,a02a2a466,766,2,1,458,
pytorch,pytorch,2025-12-01,closed,CONTRIBUTOR,a56222d4e,1438,7,1,0,
pytorch,pytorch,2025-12-01,closed,COLLABORATOR,acbd43ef2,4,2,1,285,
pytorch,pytorch,2025-12-01,closed,COLLABORATOR,ae0a18ec6,27,1,0,,
pytorch,pytorch,2025-12-01,closed,CONTRIBUTOR,a642039ad,154,1,0,,
pytorch,pytorch,2025-12-01,closed,CONTRIBUTOR,a9dd2e3c0,442,7,0,,
pytorch,pytorch,2025-12-01,closed,MEMBER,a1a5a17e0,612,3,0,,
pytorch,pytorch,2025-12-01,closed,COLLABORATOR,a1674399b,28,3,3,15,
pytorch,pytorch,2025-12-01,closed,CONTRIBUTOR,a554ec844,110,2,2,15,
pytorch,pytorch,2025-12-01,closed,MEMBER,a1a5a17e0,79,7,5,0,
pytorch,pytorch,2025-12-01,closed,CONTRIBUTOR,a189e90dd,31,1,2,31,
pytorch,pytorch,2025-12-01,closed,NONE,af79a7353,21,1,2,0,
pytorch,pytorch,2025-12-01,closed,CONTRIBUTOR,a4f76ffa5,18,3,0,,
pytorch,pytorch,2025-12-01,closed,CONTRIBUTOR,aacdfa15d,514,3,2,101,
pytorch,pytorch,2025-12-01,closed,CONTRIBUTOR,af46d2248,110,3,3,1,
pytorch,pytorch,2025-12-01,closed,CONTRIBUTOR,ac5fc38b4,662,3,0,,
pytorch,pytorch,2025-12-01,closed,CONTRIBUTOR,a42409c03,46,1,0,,
pytorch,pytorch,2025-12-01,closed,COLLABORATOR,aeac7bc7f,2,1,2,37,
pytorch,pytorch,2025-12-01,closed,NONE,ab2a263fa,179,3,0,,
pytorch,pytorch,2025-12-01,closed,CONTRIBUTOR,aa7e8f030,58,5,9,96,
pytorch,pytorch,2025-12-01,closed,CONTRIBUTOR,a439547db,71,2,6,12,
pytorch,pytorch,2025-12-01,closed,COLLABORATOR,ac8c0369e,229,2,1,93,
pytorch,pytorch,2025-12-01,merged,COLLABORATOR,abb677e08,38,5,1,50,50
pytorch,pytorch,2025-12-01,closed,MEMBER,a1a5a17e0,21,1,0,,
pytorch,pytorch,2025-12-01,closed,COLLABORATOR,aa773f4ff,34,2,1,7,
pytorch,pytorch,2025-12-01,closed,CONTRIBUTOR,a3fe55b7a,139,2,1,0,
pytorch,pytorch,2025-12-01,merged,CONTRIBUTOR,a4f76ffa5,399,10,16,51,497
pytorch,pytorch,2025-12-01,closed,CONTRIBUTOR,a868cfe77,178,11,0,,
pytorch,pytorch,2025-12-01,closed,COLLABORATOR,a8fb04369,14439,414,0,,
pytorch,pytorch,2025-12-01,closed,COLLABORATOR,a8287d26a,10,1,3,872,
pytorch,pytorch,2025-12-01,closed,CONTRIBUTOR,ad205f33e,1,1,1,4,
pytorch,pytorch,2025-12-01,closed,CONTRIBUTOR,a77727179,11,2,4,0,
pytorch,pytorch,2025-12-01,closed,CONTRIBUTOR,abd6f0b75,4,1,3,0,
pytorch,pytorch,2025-12-01,merged,CONTRIBUTOR,afb62a5b9,34,2,2,1,24
pytorch,pytorch,2025-12-01,closed,CONTRIBUTOR,a9dd2e3c0,465,7,1,27,
pytorch,pytorch,2025-12-01,closed,CONTRIBUTOR,a868cfe77,46,3,1,2,
pytorch,pytorch,2025-12-01,closed,CONTRIBUTOR,ae66f3706,170,4,1,0,
pytorch,pytorch,2025-12-01,closed,CONTRIBUTOR,a35f27e48,21,1,1,0,
pytorch,pytorch,2025-12-01,closed,COLLABORATOR,a0684f932,5,1,0,,
pytorch,pytorch,2025-12-01,closed,CONTRIBUTOR,ad84229ea,22,5,9,0,
pytorch,pytorch,2025-12-01,closed,COLLABORATOR,abba7eedc,29,1,1,628,
pytorch,pytorch,2025-12-01,closed,CONTRIBUTOR,a69a2a0cd,12,1,1,0,
pytorch,pytorch,2025-12-01,closed,CONTRIBUTOR,a18f0fb4a,131,1,4,2,
pytorch,pytorch,2025-12-01,closed,CONTRIBUTOR,ae9a62bd5,16,1,2,1,
pytorch,pytorch,2025-12-01,closed,CONTRIBUTOR,a18f0fb4a,867,1,5,639,
pytorch,pytorch,2025-12-01,closed,COLLABORATOR,a0a5ccaf7,35,2,1,118,
pytorch,pytorch,2025-12-01,closed,CONTRIBUTOR,a3cb3376b,17,2,2,20,
pytorch,pytorch,2025-12-01,closed,CONTRIBUTOR,a70909928,23,1,4,1,
pytorch,pytorch,2025-12-01,closed,CONTRIBUTOR,a439547db,17,1,2,5,
pytorch,pytorch,2025-12-01,closed,CONTRIBUTOR,a642039ad,30,2,3,95,
pytorch,pytorch,2025-12-01,closed,COLLABORATOR,a8b0d2ff6,7,1,9,0,
pytorch,pytorch,2025-12-01,closed,COLLABORATOR,a22ea5b25,198,2,0,,
pytorch,pytorch,2025-12-01,closed,COLLABORATOR,a597022dd,37,6,1,1127,
pytorch,pytorch,2025-12-01,closed,CONTRIBUTOR,a8f02f00a,13,1,1,0,
pytorch,pytorch,2025-12-01,closed,MEMBER,af9a90ce4,25,2,2,0,
pytorch,pytorch,2025-12-01,closed,NONE,a9e0f47bb,45,2,0,,
pytorch,pytorch,2025-12-01,closed,CONTRIBUTOR,abb196885,26,1,1,40,
pytorch,pytorch,2025-12-01,closed,CONTRIBUTOR,a32ae4a6b,4,1,0,,
pytorch,pytorch,2025-12-01,closed,NONE,a18aed6a3,21,1,1,936,
pytorch,pytorch,2025-12-01,closed,COLLABORATOR,ae5a18ed1,172,2,0,,
pytorch,pytorch,2025-12-01,closed,COLLABORATOR,a48d2281d,28,2,0,,
pytorch,pytorch,2025-12-01,closed,CONTRIBUTOR,ad1b2f518,1297,7,7,333,
pytorch,pytorch,2025-12-01,closed,CONTRIBUTOR,aa6499bfd,2,1,1,2,
pytorch,pytorch,2025-12-01,closed,COLLABORATOR,a8fb04369,93,5,1,1,
pytorch,pytorch,2025-12-01,closed,MEMBER,a1a5a17e0,1003,3,0,,
pytorch,pytorch,2025-12-01,closed,NONE,a577d5cdf,9924,342,1,398,
pytorch,pytorch,2025-12-01,closed,COLLABORATOR,aeac7bc7f,20,1,0,,
pytorch,pytorch,2025-12-01,closed,NONE,a572fa6c8,23,1,0,,
pytorch,pytorch,2025-12-01,closed,CONTRIBUTOR,a48bf604d,810049,3000,0,,
pytorch,pytorch,2025-12-01,closed,CONTRIBUTOR,a48bf604d,810049,3000,0,,
pytorch,pytorch,2025-12-01,closed,CONTRIBUTOR,aa501bcdf,339,4,0,,
pytorch,pytorch,2025-12-01,closed,CONTRIBUTOR,ae13b2e40,265,2,0,,
pytorch,pytorch,2025-12-01,closed,CONTRIBUTOR,a0f853bee,3,1,0,,
pytorch,pytorch,2025-12-01,closed,NONE,a4ff0471d,11,1,0,,
pytorch,pytorch,2025-12-01,closed,COLLABORATOR,a0a5ccaf7,103,11,7,23,
pytorch,pytorch,2025-12-01,closed,CONTRIBUTOR,ae1eac4c0,2,1,1,16,
pytorch,pytorch,2025-12-01,closed,CONTRIBUTOR,ae1eac4c0,8,1,0,,
pytorch,pytorch,2025-12-01,closed,CONTRIBUTOR,adb527992,48,3,9,348,
pytorch,pytorch,2025-12-01,closed,CONTRIBUTOR,a0aaadb1e,2,1,1,7,
pytorch,pytorch,2025-12-01,closed,CONTRIBUTOR,a0aaadb1e,17,1,0,,
pytorch,pytorch,2025-12-01,closed,CONTRIBUTOR,a0aaadb1e,10,1,0,,
pytorch,pytorch,2025-12-01,closed,CONTRIBUTOR,aa501bcdf,474,6,0,,
pytorch,pytorch,2025-12-01,closed,COLLABORATOR,a8b0d2ff6,37,3,4,66,
pytorch,pytorch,2025-12-01,closed,CONTRIBUTOR,ad7ba31c9,54,1,3,0,
pytorch,pytorch,2025-12-01,closed,CONTRIBUTOR,aa501bcdf,11,1,1,850,
pytorch,pytorch,2025-12-01,closed,CONTRIBUTOR,ae978efa8,55,13,2,0,
pytorch,pytorch,2025-12-01,merged,COLLABORATOR,abb677e08,11,1,1,16,16
pytorch,pytorch,2025-12-01,closed,NONE,aa9308f2d,79,4,6,330,
pytorch,pytorch,2025-12-01,closed,CONTRIBUTOR,a0aaadb1e,4,1,0,,
pytorch,pytorch,2025-12-01,closed,CONTRIBUTOR,a9e426ba2,34,3,0,,
pytorch,pytorch,2025-12-01,closed,CONTRIBUTOR,a70ee498c,1,1,1,6,
pytorch,pytorch,2025-12-01,closed,NONE,a97823ee9,23,2,0,,
pytorch,pytorch,2025-12-01,closed,CONTRIBUTOR,ae13b2e40,37,2,2,1,
pytorch,pytorch,2025-12-01,closed,CONTRIBUTOR,add189f6d,2,1,1,0,
pytorch,pytorch,2025-12-01,closed,CONTRIBUTOR,a6403f37c,129,2,4,3,
pytorch,pytorch,2025-12-01,closed,CONTRIBUTOR,a2c047412,12,1,4,1,
pytorch,pytorch,2025-12-01,closed,CONTRIBUTOR,a48bf604d,0,1,1,14,
pytorch,pytorch,2025-12-01,closed,CONTRIBUTOR,a05331277,78,4,6,335,
pytorch,pytorch,2025-12-01,merged,COLLABORATOR,abb677e08,17,2,1,9,9
pytorch,pytorch,2025-12-01,closed,NONE,ac7e3a138,64,2,0,,
pytorch,pytorch,2025-12-01,closed,CONTRIBUTOR,a71903c67,6,2,6,221,
pytorch,pytorch,2025-12-01,closed,CONTRIBUTOR,a71903c67,7,1,1,1134,
pytorch,pytorch,2025-12-01,closed,CONTRIBUTOR,ac209a7d1,9,1,1,91,
pytorch,pytorch,2025-12-01,closed,CONTRIBUTOR,a71903c67,117,2,15,17,
pytorch,pytorch,2025-12-01,closed,NONE,aa664fab9,18,1,1,247,
pytorch,pytorch,2025-12-01,closed,CONTRIBUTOR,a84582b0b,31,1,3,244,
pytorch,pytorch,2025-12-01,closed,CONTRIBUTOR,a2f3d81e0,2,1,0,,
pytorch,pytorch,2025-12-01,closed,COLLABORATOR,a55d2cdc8,2,1,1,97,
pytorch,pytorch,2025-12-01,closed,CONTRIBUTOR,adb63a931,90,2,1,2,
pytorch,pytorch,2025-12-01,closed,CONTRIBUTOR,a3fe55b7a,2,1,1,31,
pytorch,pytorch,2025-12-01,closed,NONE,afb2a8d63,15,1,0,,
pytorch,pytorch,2025-12-01,closed,NONE,afb2a8d63,65,2,3,20,
pytorch,pytorch,2025-12-01,closed,NONE,afb2a8d63,7,1,0,,
pytorch,pytorch,2025-12-01,closed,NONE,afb2a8d63,10,1,0,,
pytorch,pytorch,2025-12-01,closed,MEMBER,a846e2bc0,160,5,2,64,
pytorch,pytorch,2025-12-01,closed,CONTRIBUTOR,ab1138eca,137,2,0,,
pytorch,pytorch,2025-12-01,closed,CONTRIBUTOR,ae13b2e40,1674,23,0,,
pytorch,pytorch,2025-12-01,closed,CONTRIBUTOR,ab1138eca,271,3,1,1321,
pytorch,pytorch,2025-12-01,closed,CONTRIBUTOR,a8665baf0,204,4,2,5,
pytorch,pytorch,2025-12-01,closed,COLLABORATOR,af5bc3743,92,7,10,265,
pytorch,pytorch,2025-12-01,closed,NONE,afb2a8d63,13,1,1,185,
pytorch,pytorch,2025-12-01,closed,CONTRIBUTOR,a71903c67,9,2,1,114,
pytorch,pytorch,2025-12-01,closed,CONTRIBUTOR,aa6d13747,34,7,5,3,
pytorch,pytorch,2025-12-01,closed,COLLABORATOR,a5dc541f5,35,6,4,2,
pytorch,pytorch,2025-12-01,closed,CONTRIBUTOR,a56222d4e,8,2,4,2,
pytorch,pytorch,2025-12-01,merged,COLLABORATOR,a0684f932,2,1,2,3,42
pytorch,pytorch,2025-12-01,closed,CONTRIBUTOR,a56222d4e,1865,9,1,77,
pytorch,pytorch,2025-12-01,closed,CONTRIBUTOR,adbb98a6d,193,6,0,,
pytorch,pytorch,2025-12-01,closed,CONTRIBUTOR,ad1b2f518,50,1,2,170,
pytorch,pytorch,2025-12-01,closed,CONTRIBUTOR,a3fe55b7a,773,4,2,6,
pytorch,pytorch,2025-12-01,closed,CONTRIBUTOR,a56222d4e,1647,14,1,163,
pytorch,pytorch,2025-12-01,closed,COLLABORATOR,ad655184d,2,1,1,0,
pytorch,pytorch,2025-12-01,closed,CONTRIBUTOR,a8665baf0,21,2,1,1,
pytorch,pytorch,2025-12-01,closed,NONE,acf78ed32,88,2,9,148,
pytorch,pytorch,2026-01-01,closed,NONE,aef30423d,4,1,0,,
pytorch,pytorch,2026-01-01,closed,CONTRIBUTOR,ae13b2e40,790,14,62,93,
pytorch,pytorch,2026-01-01,closed,COLLABORATOR,aeac7bc7f,2,1,0,,
pytorch,pytorch,2026-01-01,closed,COLLABORATOR,a55d2cdc8,122,4,4,152,
pytorch,pytorch,2026-01-01,closed,CONTRIBUTOR,a945faa98,113,34,2,1,
pytorch,pytorch,2026-01-01,closed,CONTRIBUTOR,a3254803a,190,3,1,0,
pytorch,pytorch,2026-01-01,closed,COLLABORATOR,ae5a18ed1,4,1,2,14,
pytorch,pytorch,2026-01-01,closed,NONE,a449ec2f0,101,3,0,,
pytorch,pytorch,2026-01-01,closed,COLLABORATOR,a6dca6705,620,4,16,443,
pytorch,pytorch,2026-01-01,closed,COLLABORATOR,a4a94000b,199,3,3,23,
pytorch,pytorch,2026-01-01,closed,CONTRIBUTOR,a09f0c780,8,1,7,24,
pytorch,pytorch,2026-01-01,open,NONE,aa1ced71e,20,1,0,,
pytorch,pytorch,2026-01-01,closed,CONTRIBUTOR,aa0629a5f,7,1,1,9,
pytorch,pytorch,2026-01-01,closed,CONTRIBUTOR,a7de7678c,4,1,2,4,
pytorch,pytorch,2026-01-01,closed,COLLABORATOR,aa0db6274,57,7,3,1,
pytorch,pytorch,2026-01-01,closed,COLLABORATOR,aaee1c0cd,318,3,25,0,
pytorch,pytorch,2026-01-01,merged,COLLABORATOR,abb677e08,40,1,1,62,62
pytorch,pytorch,2026-01-01,merged,COLLABORATOR,abb677e08,49,1,1,62,62
pytorch,pytorch,2026-01-01,closed,CONTRIBUTOR,adbb98a6d,108,1,6,11,
pytorch,pytorch,2026-01-01,closed,COLLABORATOR,a55982b43,62,2,8,40,
pytorch,pytorch,2026-01-01,closed,CONTRIBUTOR,adad92463,4,1,0,,
pytorch,pytorch,2026-01-01,closed,CONTRIBUTOR,ae8f48eb5,27,1,3,0,
pytorch,pytorch,2026-01-01,closed,CONTRIBUTOR,a642039ad,591,8,9,235,
pytorch,pytorch,2026-01-01,closed,CONTRIBUTOR,ae13b2e40,32,1,0,,
pytorch,pytorch,2026-01-01,closed,CONTRIBUTOR,a945faa98,16,5,1,1,
pytorch,pytorch,2026-01-01,closed,COLLABORATOR,a16fd3e30,63,1,7,0,
pytorch,pytorch,2026-01-01,closed,CONTRIBUTOR,adbb98a6d,223,1,2,26,
pytorch,pytorch,2026-01-01,closed,CONTRIBUTOR,a0aaadb1e,65,3,4,223,
pytorch,pytorch,2026-01-01,closed,NONE,ad4291a2a,62,3,1,9,
pytorch,pytorch,2026-01-01,closed,NONE,a7c7904cc,4,1,1,51,
pytorch,pytorch,2026-01-01,closed,CONTRIBUTOR,affa1f180,16,3,1,2,
pytorch,pytorch,2026-01-01,closed,CONTRIBUTOR,afa67ebaf,95,2,2,0,
pytorch,pytorch,2026-01-01,merged,CONTRIBUTOR,ab028fbf6,10,1,2,0,0
pytorch,pytorch,2026-01-01,closed,CONTRIBUTOR,a415e187b,341,5,0,,
pytorch,pytorch,2026-01-01,closed,MEMBER,a846e2bc0,70,1,1,171,
pytorch,pytorch,2026-01-01,closed,CONTRIBUTOR,a0a52b182,388,7,6,25,
pytorch,pytorch,2026-01-01,closed,CONTRIBUTOR,ad5417e63,106,7,1,16,
pytorch,pytorch,2026-01-01,closed,COLLABORATOR,aaee1c0cd,121,1,8,14,
pytorch,pytorch,2026-01-01,closed,NONE,a0f4da9c9,26,1,0,,
pytorch,pytorch,2026-01-01,closed,CONTRIBUTOR,a642039ad,2,1,1,2,
pytorch,pytorch,2026-01-01,closed,CONTRIBUTOR,a7200ca83,147,9,0,,
pytorch,pytorch,2026-01-01,closed,CONTRIBUTOR,a1eb0cd02,47,2,2,1,
pytorch,pytorch,2026-01-01,closed,CONTRIBUTOR,add189f6d,67,4,1,16,
pytorch,pytorch,2026-01-01,closed,CONTRIBUTOR,ae214d0e8,14,1,1,308,
pytorch,pytorch,2026-01-01,closed,NONE,a38d2c6b1,176,23,0,,
pytorch,pytorch,2026-01-01,closed,NONE,a58273011,91,3,1,0,
pytorch,pytorch,2026-01-01,closed,NONE,ab2981b55,28,14,1,3,
pytorch,pytorch,2026-01-01,closed,CONTRIBUTOR,add189f6d,2,1,0,,
pytorch,pytorch,2026-01-01,closed,CONTRIBUTOR,a8dd56e6a,257,6,4,7,
pytorch,pytorch,2026-01-01,open,CONTRIBUTOR,a930bd28c,998,2,0,,
pytorch,pytorch,2026-01-01,closed,CONTRIBUTOR,a1eb0cd02,701,2,23,3,
pytorch,pytorch,2026-01-01,closed,CONTRIBUTOR,ae13b2e40,21,1,0,,
pytorch,pytorch,2026-01-01,closed,CONTRIBUTOR,ae13b2e40,107,2,0,,
pytorch,pytorch,2026-01-01,merged,COLLABORATOR,abb677e08,3,1,1,0,0
pytorch,pytorch,2026-01-01,closed,CONTRIBUTOR,a09f0c780,74,11,2,449,
pytorch,pytorch,2026-01-01,closed,CONTRIBUTOR,a9da25011,43,3,1,72,
pytorch,pytorch,2026-01-01,closed,COLLABORATOR,aaee1c0cd,18,1,1,2,
pytorch,pytorch,2026-01-01,closed,COLLABORATOR,a1674399b,44,2,2,20,
pytorch,pytorch,2026-01-01,closed,COLLABORATOR,aaee1c0cd,195,13,5,0,
pytorch,pytorch,2026-01-01,merged,COLLABORATOR,abb677e08,102,4,0,,8
pytorch,pytorch,2026-01-01,closed,CONTRIBUTOR,affa1f180,86,2,5,33,
pytorch,pytorch,2026-01-01,closed,COLLABORATOR,a438dfc5e,80,5,1,27,
pytorch,pytorch,2026-01-01,closed,COLLABORATOR,a438dfc5e,41,4,1,100,
pytorch,pytorch,2026-01-01,closed,CONTRIBUTOR,ae13b2e40,88,2,0,,
pytorch,pytorch,2026-01-01,closed,CONTRIBUTOR,ab93329f1,2,1,1,45,
pytorch,pytorch,2026-01-01,closed,CONTRIBUTOR,a945faa98,27,5,2,0,
pytorch,pytorch,2026-01-01,merged,CONTRIBUTOR,ab028fbf6,41,4,1,0,0
pytorch,pytorch,2026-01-01,closed,CONTRIBUTOR,a945faa98,11,7,1,4,
pytorch,pytorch,2026-01-01,closed,CONTRIBUTOR,a642039ad,11,1,3,20,
pytorch,pytorch,2026-01-01,closed,CONTRIBUTOR,a3fe55b7a,143,5,1,0,
pytorch,pytorch,2026-01-01,closed,CONTRIBUTOR,a9da25011,5,1,0,,
pytorch,pytorch,2026-01-01,closed,MEMBER,a846e2bc0,275,11,0,,
pytorch,pytorch,2026-01-01,closed,CONTRIBUTOR,ae9a62bd5,243,2,5,12,
pytorch,pytorch,2026-01-01,closed,CONTRIBUTOR,a0f64e9ef,68,2,18,141,
pytorch,pytorch,2026-01-01,closed,NONE,a144366e0,95,1,0,,
pytorch,pytorch,2026-01-01,closed,CONTRIBUTOR,a86b4b5c9,93,2,2,1191,
pytorch,pytorch,2026-01-01,merged,CONTRIBUTOR,a619ab9b4,2,1,1,23,23
pytorch,pytorch,2026-01-01,closed,CONTRIBUTOR,ae1eac4c0,1,1,0,,
pytorch,pytorch,2026-01-01,closed,CONTRIBUTOR,abe9dc35d,10,5,2,0,
pytorch,pytorch,2026-01-01,closed,CONTRIBUTOR,ae1eac4c0,1,1,0,,
pytorch,pytorch,2026-01-01,closed,CONTRIBUTOR,ae1eac4c0,6,1,0,,
pytorch,pytorch,2026-01-01,closed,CONTRIBUTOR,ab2ece173,29,3,1,2,
pytorch,pytorch,2026-01-01,closed,COLLABORATOR,a22ea5b25,8,1,1,1,
pytorch,pytorch,2026-01-01,closed,COLLABORATOR,aaee1c0cd,10,1,2,1,
pytorch,pytorch,2026-01-01,closed,CONTRIBUTOR,a76060dbc,147,4,4,17,
pytorch,pytorch,2026-01-01,closed,CONTRIBUTOR,a41334601,17,6,2,232,
pytorch,pytorch,2026-01-01,closed,CONTRIBUTOR,a3fe55b7a,442,7,5,188,
pytorch,pytorch,2026-01-01,closed,COLLABORATOR,a388c6035,105,4,25,2,
pytorch,pytorch,2026-01-01,closed,CONTRIBUTOR,aa7e8f030,8,2,2,116,
pytorch,pytorch,2026-01-01,closed,CONTRIBUTOR,add189f6d,721,93,0,,
pytorch,pytorch,2026-01-01,closed,CONTRIBUTOR,add189f6d,4,2,0,,
pytorch,pytorch,2026-01-01,closed,CONTRIBUTOR,ae1eac4c0,7,1,1,149,
pytorch,pytorch,2026-01-01,closed,CONTRIBUTOR,a1eb0cd02,67,3,8,11,
pytorch,pytorch,2026-01-01,closed,COLLABORATOR,aab0b0a28,659,20,2,1,
pytorch,pytorch,2026-01-01,closed,CONTRIBUTOR,a415e187b,1,1,1,2,
pytorch,pytorch,2026-01-01,closed,CONTRIBUTOR,a32ae4a6b,1041,11,12,2368,
pytorch,pytorch,2026-01-01,closed,CONTRIBUTOR,a150f0d57,199,1,1,43,
pytorch,pytorch,2026-01-01,closed,CONTRIBUTOR,ad7ba31c9,19384,119,3,15,
pytorch,pytorch,2026-01-01,closed,COLLABORATOR,afa2d0531,17,1,4,32,
pytorch,pytorch,2026-01-01,closed,NONE,ab9f4eee5,17,1,1,4,
pytorch,pytorch,2026-01-01,closed,CONTRIBUTOR,a8dd56e6a,100,2,0,,
pytorch,pytorch,2026-01-01,closed,CONTRIBUTOR,a4be149b1,186,3,1,480,
pytorch,pytorch,2026-01-01,closed,COLLABORATOR,ac8c0369e,203,4,1,124,
pytorch,pytorch,2026-01-01,closed,COLLABORATOR,ac8c0369e,223,1,1,0,
pytorch,pytorch,2026-01-01,closed,COLLABORATOR,abbb34796,41,3,2,165,
pytorch,pytorch,2026-01-01,closed,CONTRIBUTOR,add189f6d,30,2,1,1,
pytorch,pytorch,2026-01-01,closed,CONTRIBUTOR,add189f6d,72,1,1,0,
pytorch,pytorch,2026-01-01,closed,CONTRIBUTOR,af7cadb62,676,3,8,14,
pytorch,pytorch,2026-01-01,closed,NONE,aef30423d,21,1,0,,
pytorch,pytorch,2026-01-01,closed,COLLABORATOR,a55982b43,66,2,0,,
pytorch,pytorch,2026-01-01,closed,CONTRIBUTOR,af5cf5ee5,12,1,1,102,
pytorch,pytorch,2026-01-01,closed,CONTRIBUTOR,ad148afe6,4,1,1,5,
pytorch,pytorch,2026-01-01,closed,COLLABORATOR,ae5a18ed1,1,1,1,0,
pytorch,pytorch,2026-01-01,closed,CONTRIBUTOR,a8d692e4e,37,2,1,147,
pytorch,pytorch,2026-01-01,closed,CONTRIBUTOR,a6403f37c,359,7,1,1,
pytorch,pytorch,2026-01-01,closed,CONTRIBUTOR,a4f76ffa5,1328,3,5,28,
pytorch,pytorch,2026-01-01,closed,CONTRIBUTOR,a1febba14,19,1,4,73,
pytorch,pytorch,2026-01-01,closed,CONTRIBUTOR,a0a52b182,91,4,3,91,
pytorch,pytorch,2026-01-01,closed,CONTRIBUTOR,add189f6d,2,1,3,1,
pytorch,pytorch,2026-01-01,closed,CONTRIBUTOR,ae978efa8,46,1,2,0,
pytorch,pytorch,2026-01-01,closed,CONTRIBUTOR,ab2ece173,124,4,1,96,
pytorch,pytorch,2026-01-01,closed,CONTRIBUTOR,ab2ece173,2,1,1,0,
pytorch,pytorch,2026-01-01,closed,COLLABORATOR,ad655184d,2,1,1,0,
pytorch,pytorch,2026-01-01,closed,CONTRIBUTOR,affa1f180,373,2,0,,
pytorch,pytorch,2026-01-01,closed,CONTRIBUTOR,aa24c47f2,4,1,1,50,
pytorch,pytorch,2026-01-01,closed,CONTRIBUTOR,ae1eac4c0,1,1,1,79,
pytorch,pytorch,2026-01-01,closed,NONE,a09e28dc2,354,7,0,,
pytorch,pytorch,2026-01-01,closed,NONE,a4ea7bd3a,372,3,0,,
pytorch,pytorch,2026-01-01,closed,CONTRIBUTOR,a642039ad,8,4,1,1613,
pytorch,pytorch,2026-01-01,closed,CONTRIBUTOR,a642039ad,1088,3,2,186,
pytorch,pytorch,2026-01-01,closed,CONTRIBUTOR,a05331277,156,3,0,,
pytorch,pytorch,2026-01-01,closed,CONTRIBUTOR,affa1f180,683,7,4,1266,
pytorch,pytorch,2026-01-01,closed,CONTRIBUTOR,a031e8ac9,17,1,2,10,
pytorch,pytorch,2026-01-01,closed,CONTRIBUTOR,abcabcd01,16,1,3,10,
pytorch,pytorch,2026-01-01,closed,CONTRIBUTOR,aeff80a06,2,1,3,4,
pytorch,pytorch,2026-01-01,closed,CONTRIBUTOR,a3335238b,2,1,1,1,
pytorch,pytorch,2026-01-01,closed,COLLABORATOR,a388c6035,13,3,2,6,
pytorch,pytorch,2026-01-01,closed,CONTRIBUTOR,ae1eac4c0,5,1,1,6,
pytorch,pytorch,2026-01-01,closed,COLLABORATOR,aa773f4ff,16,2,0,,
pytorch,pytorch,2026-01-01,closed,COLLABORATOR,aa773f4ff,39,3,0,,
pytorch,pytorch,2026-01-01,closed,CONTRIBUTOR,ae1eac4c0,9,1,0,,
pytorch,pytorch,2026-01-01,closed,CONTRIBUTOR,abd4fe483,79,2,1,0,
pytorch,pytorch,2026-01-01,closed,CONTRIBUTOR,a05331277,321,4,6,213,
pytorch,pytorch,2026-01-01,closed,COLLABORATOR,aacca3d11,55,1,1,1,
pytorch,pytorch,2026-01-01,closed,CONTRIBUTOR,a3fe55b7a,7,1,1,137,
pytorch,pytorch,2026-01-01,closed,CONTRIBUTOR,af46aca0f,56,3,0,,
pytorch,pytorch,2026-01-01,closed,CONTRIBUTOR,ab2ece173,347,12,9,10,
pytorch,pytorch,2026-01-01,closed,COLLABORATOR,ac8a62005,42,2,6,163,
pytorch,pytorch,2026-01-01,closed,CONTRIBUTOR,af8f8ad14,69,3,3,18,
pytorch,pytorch,2026-01-01,closed,CONTRIBUTOR,ab2ece173,771,6,3,0,
pytorch,pytorch,2026-01-01,closed,NONE,a46a885d7,5,1,1,482,
pytorch,pytorch,2026-01-01,closed,CONTRIBUTOR,ae011f716,2,1,1,8,
pytorch,pytorch,2026-01-01,closed,NONE,a1b7c251c,238,3,1,18,
pytorch,pytorch,2026-01-01,closed,NONE,a1b7c251c,31,3,0,,
pytorch,pytorch,2026-01-01,closed,NONE,a1b7c251c,45,3,0,,
pytorch,pytorch,2026-01-01,closed,CONTRIBUTOR,a4f76ffa5,89,1,2,117,
pytorch,pytorch,2026-01-01,closed,COLLABORATOR,abfbbfb4a,2,1,1,87,
pytorch,pytorch,2026-01-01,closed,CONTRIBUTOR,a18c03ea5,225,10,0,,
pytorch,pytorch,2026-01-01,closed,CONTRIBUTOR,ad7056b4c,5,1,1,0,
pytorch,pytorch,2026-01-01,closed,NONE,a1b7c251c,176,2,1,5,
pytorch,pytorch,2026-01-01,closed,CONTRIBUTOR,a69286f7e,12,1,2,0,
pytorch,pytorch,2026-01-01,closed,CONTRIBUTOR,a740472d6,52,2,5,1,
pytorch,pytorch,2026-01-01,closed,CONTRIBUTOR,ae1eac4c0,232,7,0,,
pytorch,pytorch,2026-01-01,closed,CONTRIBUTOR,a8dd56e6a,5,1,1,0,
pytorch,pytorch,2026-01-01,closed,CONTRIBUTOR,a5498d6cd,320,3,0,,
pytorch,pytorch,2026-01-01,closed,NONE,a1b7c251c,114,4,1,0,
pytorch,pytorch,2026-01-01,closed,NONE,a1b7c251c,133,3,2,0,
pytorch,pytorch,2026-01-01,closed,CONTRIBUTOR,a145cb6bf,126,3,1,1350,
pytorch,pytorch,2026-01-01,closed,COLLABORATOR,ad655184d,2,1,1,0,
pytorch,pytorch,2026-01-01,closed,COLLABORATOR,ae0a18ec6,134,7,1,0,
pytorch,pytorch,2026-01-01,closed,CONTRIBUTOR,ae214d0e8,14,1,1,0,
pytorch,pytorch,2026-01-01,closed,CONTRIBUTOR,ae1eac4c0,50,1,1,0,
pytorch,pytorch,2026-01-01,closed,CONTRIBUTOR,a52b0a4e7,5,1,1,68,
pytorch,pytorch,2026-01-01,closed,CONTRIBUTOR,aa24c47f2,35,2,4,26,
pytorch,pytorch,2026-01-01,closed,CONTRIBUTOR,ae13b2e40,29,1,0,,
pytorch,pytorch,2026-01-01,closed,CONTRIBUTOR,ae13b2e40,260,7,0,,
pytorch,pytorch,2026-01-01,closed,CONTRIBUTOR,ae13b2e40,372,1,0,,
pytorch,pytorch,2026-01-01,closed,NONE,a4aeb899e,12,1,0,,
pytorch,pytorch,2026-01-01,closed,COLLABORATOR,a0a5ccaf7,21,1,1,3,
pytorch,pytorch,2026-01-01,closed,COLLABORATOR,a0aaba698,4,1,1,10,
pytorch,pytorch,2026-01-01,closed,NONE,a8fb16776,38,2,0,,
pytorch,pytorch,2026-01-01,closed,CONTRIBUTOR,a05331277,39,3,0,,
pytorch,pytorch,2026-01-01,closed,CONTRIBUTOR,ab2ece173,13,1,1,0,
pytorch,pytorch,2026-01-01,closed,CONTRIBUTOR,a868cfe77,2,1,2,0,
pytorch,pytorch,2026-01-01,closed,CONTRIBUTOR,a05331277,51,3,2,340,
pytorch,pytorch,2026-01-01,closed,CONTRIBUTOR,a05331277,28,2,1,1,
pytorch,pytorch,2026-01-01,closed,CONTRIBUTOR,a3b6aa0a0,1954,16,0,,
pytorch,pytorch,2026-01-01,closed,CONTRIBUTOR,aa24c47f2,6,1,1,4,
pytorch,pytorch,2026-01-01,closed,CONTRIBUTOR,a785abea7,80,4,4,0,
pytorch,pytorch,2026-01-01,closed,CONTRIBUTOR,ae13b2e40,136,9,0,,
pytorch,pytorch,2026-01-01,closed,CONTRIBUTOR,ae13b2e40,151,7,0,,
pytorch,pytorch,2026-01-01,closed,CONTRIBUTOR,a785abea7,63,2,4,24,
pytorch,pytorch,2026-01-01,closed,CONTRIBUTOR,a8d482f18,4,1,1,0,
pytorch,pytorch,2026-01-01,closed,NONE,ad0d5e59c,31,6,0,,
pytorch,pytorch,2026-01-01,closed,CONTRIBUTOR,aa35e944c,4,1,1,64,
pytorch,pytorch,2026-01-01,closed,NONE,a78dcb37a,55,1,0,,
pytorch,pytorch,2026-01-01,closed,COLLABORATOR,a608d823d,213,2,1,171,
pytorch,pytorch,2026-01-01,closed,CONTRIBUTOR,a945faa98,19,1,1,145,
pytorch,pytorch,2026-01-01,closed,CONTRIBUTOR,a7a74912c,9,1,1,72,
pytorch,pytorch,2026-01-01,closed,CONTRIBUTOR,a9dd2e3c0,181,3,0,,
pytorch,pytorch,2026-01-01,closed,CONTRIBUTOR,ab2ece173,15,2,0,,
pytorch,pytorch,2026-01-01,closed,COLLABORATOR,af1c72bbf,6,1,3,333,
pytorch,pytorch,2026-01-01,closed,CONTRIBUTOR,add189f6d,5,1,1,0,
pytorch,pytorch,2026-01-01,closed,CONTRIBUTOR,a7d863361,42,1,2,0,
pytorch,pytorch,2026-01-01,closed,COLLABORATOR,ad655184d,2,1,1,0,
pytorch,pytorch,2026-01-01,closed,COLLABORATOR,ad655184d,2,1,1,0,
pytorch,pytorch,2026-01-01,closed,NONE,a8fb16776,6,1,0,,
pytorch,pytorch,2026-01-01,closed,CONTRIBUTOR,abaccd4b7,278,5,7,3,
pytorch,pytorch,2026-01-01,closed,CONTRIBUTOR,a785abea7,59,2,1,64,
pytorch,pytorch,2026-01-01,closed,CONTRIBUTOR,a512b41d3,75,2,0,,
pytorch,pytorch,2026-01-01,closed,CONTRIBUTOR,ae13b2e40,10,1,0,,
pytorch,pytorch,2026-01-01,closed,CONTRIBUTOR,ae13b2e40,107,1,0,,
pytorch,pytorch,2026-01-01,closed,CONTRIBUTOR,a9dd2e3c0,120,2,1,0,
pytorch,pytorch,2026-01-01,closed,NONE,a453ef128,51,3,0,,
pytorch,pytorch,2026-01-01,closed,CONTRIBUTOR,a0a52b182,1188,20,3,24,
pytorch,pytorch,2026-01-01,closed,CONTRIBUTOR,ae13b2e40,343,2,2,4,
pytorch,pytorch,2026-01-01,closed,NONE,aff3a0558,12,1,0,,
pytorch,pytorch,2026-01-01,closed,CONTRIBUTOR,a32ae4a6b,192,16,0,,
pytorch,pytorch,2026-01-01,closed,CONTRIBUTOR,a785abea7,31,1,1,80,
pytorch,pytorch,2026-01-01,closed,CONTRIBUTOR,a8d692e4e,19,2,1,21,
pytorch,pytorch,2026-01-01,closed,COLLABORATOR,aab0b0a28,1,1,5,2,
pytorch,pytorch,2026-01-01,closed,CONTRIBUTOR,a8d482f18,3,1,1,21,
pytorch,pytorch,2026-01-01,closed,CONTRIBUTOR,ab028fbf6,102,4,0,,
pytorch,pytorch,2026-01-01,closed,COLLABORATOR,aab0b0a28,16,1,6,0,
pytorch,pytorch,2026-01-01,closed,CONTRIBUTOR,a8d482f18,5,1,1,23,
pytorch,pytorch,2026-01-01,closed,CONTRIBUTOR,a3fe55b7a,385,3,0,,
pytorch,pytorch,2026-01-01,closed,CONTRIBUTOR,a3fe55b7a,406,3,0,,
pytorch,pytorch,2026-01-01,closed,CONTRIBUTOR,add189f6d,36,2,1,0,
pytorch,pytorch,2026-01-01,closed,CONTRIBUTOR,ad7ba31c9,40,6,3,1,
pytorch,pytorch,2026-01-01,closed,CONTRIBUTOR,a8d482f18,7,1,1,50,
pytorch,pytorch,2026-01-01,closed,CONTRIBUTOR,ae13b2e40,7,1,0,,
pytorch,pytorch,2026-01-01,closed,COLLABORATOR,a0a5ccaf7,14,1,3,1,
pytorch,pytorch,2026-01-01,closed,COLLABORATOR,a608d823d,176,2,3,77,
pytorch,pytorch,2026-01-01,closed,CONTRIBUTOR,ae13b2e40,246,2,0,,
pytorch,pytorch,2026-01-01,closed,COLLABORATOR,abb677e08,40,2,0,,
pytorch,pytorch,2026-01-01,closed,CONTRIBUTOR,a8d482f18,2,1,1,73,
pytorch,pytorch,2026-01-01,closed,CONTRIBUTOR,a8d482f18,44,1,1,26,
pytorch,pytorch,2026-01-01,closed,CONTRIBUTOR,ae13b2e40,133,2,11,19,
pytorch,pytorch,2026-01-01,closed,CONTRIBUTOR,ab689c736,39,3,2,18,
pytorch,pytorch,2026-01-01,closed,CONTRIBUTOR,a3fe55b7a,0,0,0,,
pytorch,pytorch,2026-01-01,closed,CONTRIBUTOR,a785abea7,38,3,1,23,
pytorch,pytorch,2026-01-01,closed,CONTRIBUTOR,a3fe55b7a,119,1,0,,
pytorch,pytorch,2026-01-01,closed,CONTRIBUTOR,a3fe55b7a,4,2,0,,
pytorch,pytorch,2026-01-01,closed,COLLABORATOR,a7393f470,240,6,3,189,
pytorch,pytorch,2026-01-01,closed,COLLABORATOR,ad655184d,2,1,1,0,
pytorch,pytorch,2026-01-01,closed,COLLABORATOR,a15f464b7,199,5,11,44,
pytorch,pytorch,2026-01-01,closed,MEMBER,a82fe44ad,122,4,0,,
pytorch,pytorch,2026-01-01,closed,CONTRIBUTOR,a7a4b5606,7,1,1,107,
pytorch,pytorch,2026-01-01,closed,CONTRIBUTOR,a73b095db,8827,216,5,2509,
pytorch,pytorch,2026-01-01,closed,NONE,a741e23a7,16,1,2,9,
pytorch,pytorch,2026-01-01,closed,COLLABORATOR,a0a5ccaf7,213,9,6,106,
pytorch,pytorch,2026-01-01,closed,COLLABORATOR,ab6cb35e7,16,2,0,,
pytorch,pytorch,2026-01-01,closed,CONTRIBUTOR,a77e88a45,1,1,1,6,
pytorch,pytorch,2026-01-01,closed,CONTRIBUTOR,a84582b0b,5,1,2,15,
pytorch,pytorch,2026-01-01,closed,CONTRIBUTOR,add189f6d,16,1,2,1,
pytorch,pytorch,2026-01-01,closed,CONTRIBUTOR,a7013d732,85,3,3,94,
pytorch,pytorch,2026-01-01,closed,CONTRIBUTOR,acd7419fd,250,11,1,0,
pytorch,pytorch,2026-01-01,closed,CONTRIBUTOR,a1eb0cd02,29,2,1,0,
pytorch,pytorch,2026-02-01,closed,CONTRIBUTOR,a5af09b35,7,1,0,,
pytorch,pytorch,2026-02-01,closed,CONTRIBUTOR,a740472d6,915,7,0,,
pytorch,pytorch,2026-02-01,closed,COLLABORATOR,ad655184d,2,1,1,0,
pytorch,pytorch,2026-02-01,closed,NONE,aa370c5d2,38,2,0,,
pytorch,pytorch,2026-02-01,closed,NONE,abbb8e19a,3,1,0,,
pytorch,pytorch,2026-02-01,closed,CONTRIBUTOR,a10ecd6de,420,9,13,0,
pytorch,pytorch,2026-02-01,closed,CONTRIBUTOR,ad8666c3d,126,1,12,0,
pytorch,pytorch,2026-02-01,closed,MEMBER,af9a90ce4,69,3,0,,
pytorch,pytorch,2026-02-01,closed,MEMBER,af9a90ce4,398,4,0,,
pytorch,pytorch,2026-02-01,closed,COLLABORATOR,af5bc3743,1441,6,0,,
pytorch,pytorch,2026-02-01,closed,CONTRIBUTOR,a1eb0cd02,268,4,1,1,
pytorch,pytorch,2026-02-01,closed,CONTRIBUTOR,a740472d6,216,1,0,,
pytorch,pytorch,2026-02-01,closed,NONE,afad586f8,37,8,0,,
pytorch,pytorch,2026-02-01,closed,CONTRIBUTOR,a2e3a3980,140,6,8,160,
pytorch,pytorch,2026-02-01,closed,CONTRIBUTOR,add189f6d,4,1,1,0,
pytorch,pytorch,2026-02-01,closed,CONTRIBUTOR,a945faa98,174,59,1,1,
pytorch,pytorch,2026-02-01,closed,CONTRIBUTOR,a95a7bc64,48,2,2,1,
pytorch,pytorch,2026-02-01,closed,CONTRIBUTOR,a895010d9,540,10,10,8,
pytorch,pytorch,2026-02-01,closed,CONTRIBUTOR,af8f8ad14,0,0,0,,
pytorch,pytorch,2026-02-01,closed,CONTRIBUTOR,af7cadb62,60,1,1,9,
pytorch,pytorch,2026-02-01,closed,CONTRIBUTOR,a1c5fc68a,81,1,3,0,
pytorch,pytorch,2026-02-01,closed,CONTRIBUTOR,a0a52b182,154,11,2,91,
pytorch,pytorch,2026-02-01,closed,CONTRIBUTOR,ab9fc4641,102,1,0,,
pytorch,pytorch,2026-02-01,closed,CONTRIBUTOR,ab9fc4641,877,25,2,26,
pytorch,pytorch,2026-02-01,closed,CONTRIBUTOR,ab9fc4641,118,7,0,,
pytorch,pytorch,2026-02-01,closed,CONTRIBUTOR,ab9fc4641,118,7,0,,
pytorch,pytorch,2026-02-01,closed,CONTRIBUTOR,adbb98a6d,130,1,1,0,
pytorch,pytorch,2026-02-01,closed,COLLABORATOR,aab0b0a28,10,2,4,0,
pytorch,pytorch,2026-02-01,closed,CONTRIBUTOR,aba44dbad,4,1,1,171,
pytorch,pytorch,2026-02-01,closed,CONTRIBUTOR,a9e86d14e,16,1,2,347,
pytorch,pytorch,2026-02-01,closed,CONTRIBUTOR,a027dd057,33,6,2,17,
pytorch,pytorch,2026-02-01,closed,CONTRIBUTOR,a988da609,952,3,5,90,
pytorch,pytorch,2026-02-01,closed,CONTRIBUTOR,adbb98a6d,233,6,0,,
pytorch,pytorch,2026-02-01,merged,COLLABORATOR,abb677e08,12,1,1,18,18
pytorch,pytorch,2026-02-01,closed,CONTRIBUTOR,ac5fc38b4,375,6,0,,
pytorch,pytorch,2026-02-01,closed,CONTRIBUTOR,a41334601,13,1,0,,
pytorch,pytorch,2026-02-01,closed,CONTRIBUTOR,a35f27e48,451,4,1,20,
pytorch,pytorch,2026-02-01,closed,CONTRIBUTOR,aae8ec283,113,1,0,,
pytorch,pytorch,2026-02-01,closed,CONTRIBUTOR,a8037721d,126,2,2,4,
pytorch,pytorch,2026-02-01,closed,CONTRIBUTOR,abf07417c,60,2,0,,
pytorch,pytorch,2026-02-01,closed,NONE,a3cde32c8,6,1,0,,
pytorch,pytorch,2026-02-01,closed,COLLABORATOR,a16fd3e30,389,7,4,16,
pytorch,pytorch,2026-02-01,closed,CONTRIBUTOR,a4be149b1,218,3,0,,
pytorch,pytorch,2026-02-01,closed,COLLABORATOR,a5dc541f5,514,23,0,,
pytorch,pytorch,2026-02-01,closed,CONTRIBUTOR,af46aca0f,16,2,0,,
pytorch,pytorch,2026-02-01,closed,CONTRIBUTOR,a868cfe77,7,1,1,0,
pytorch,pytorch,2026-02-01,closed,CONTRIBUTOR,a19270314,176,2,1,3,
pytorch,pytorch,2026-02-01,closed,CONTRIBUTOR,a0a52b182,407,18,1,1,
pytorch,pytorch,2026-02-01,closed,CONTRIBUTOR,a36c23880,109,2,4,306,
pytorch,pytorch,2026-02-01,closed,NONE,aa370c5d2,37,2,0,,
pytorch,pytorch,2026-02-01,closed,CONTRIBUTOR,a95a7bc64,14,2,1,0,
pytorch,pytorch,2026-02-01,closed,CONTRIBUTOR,ae7a7efe1,83,4,1,57,
pytorch,pytorch,2026-02-01,closed,CONTRIBUTOR,ae015e2f9,5916,110,0,,
pytorch,pytorch,2026-02-01,closed,CONTRIBUTOR,a10ecd6de,48,3,2,7,
pytorch,pytorch,2026-02-01,closed,COLLABORATOR,ac8c0369e,470,8,2,21,
pytorch,pytorch,2026-02-01,closed,CONTRIBUTOR,a785abea7,28,2,1,1,
pytorch,pytorch,2026-02-01,closed,CONTRIBUTOR,a18f0fb4a,31,2,4,191,
pytorch,pytorch,2026-02-01,merged,CONTRIBUTOR,ab028fbf6,2,1,1,1,2
pytorch,pytorch,2026-02-01,closed,CONTRIBUTOR,a7d256749,36,2,6,0,
pytorch,pytorch,2026-02-01,closed,CONTRIBUTOR,aa24c47f2,2,1,1,193,
pytorch,pytorch,2026-02-01,closed,NONE,a8fe0d3b7,56,2,16,3,
pytorch,pytorch,2026-02-01,closed,NONE,a5460e341,279,8,0,,
pytorch,pytorch,2026-02-01,closed,NONE,ac64c2638,34,2,0,,
pytorch,pytorch,2026-02-01,closed,CONTRIBUTOR,a8037721d,19,2,0,,
pytorch,pytorch,2026-02-01,closed,CONTRIBUTOR,a945faa98,216,59,1,19,
pytorch,pytorch,2026-02-01,closed,CONTRIBUTOR,a41334601,12,2,2,0,
pytorch,pytorch,2026-02-01,closed,CONTRIBUTOR,a35f27e48,130,4,1,930,
pytorch,pytorch,2026-02-01,closed,COLLABORATOR,acf4dda97,2,1,0,,
pytorch,pytorch,2026-02-01,closed,CONTRIBUTOR,ac5fc38b4,165,3,4,626,
pytorch,pytorch,2026-02-01,closed,CONTRIBUTOR,a35f27e48,136,6,1,2,
pytorch,pytorch,2026-02-01,closed,COLLABORATOR,ae5a18ed1,56,2,3,94,
pytorch,pytorch,2026-02-01,closed,CONTRIBUTOR,a740472d6,95,2,0,,
pytorch,pytorch,2026-02-01,closed,CONTRIBUTOR,ab0fe1c91,57,4,1,0,
pytorch,pytorch,2026-02-01,closed,CONTRIBUTOR,a82c04036,28,2,2,121,
pytorch,pytorch,2026-02-01,closed,CONTRIBUTOR,a9a4e061c,4,1,1,1,
pytorch,pytorch,2026-02-01,closed,CONTRIBUTOR,a9dd2e3c0,332,4,3,5,
pytorch,pytorch,2026-02-01,closed,CONTRIBUTOR,a642039ad,304,9,5,4,
pytorch,pytorch,2026-02-01,closed,CONTRIBUTOR,ab29a4388,2,1,1,1,
pytorch,pytorch,2026-02-01,closed,CONTRIBUTOR,a1eb0cd02,118,1,1,0,
pytorch,pytorch,2026-02-01,closed,COLLABORATOR,ad655184d,2,1,1,0,
pytorch,pytorch,2026-02-01,closed,MEMBER,a9c1e4615,6,3,0,,
pytorch,pytorch,2026-02-01,closed,CONTRIBUTOR,a6c990658,10,2,0,,
pytorch,pytorch,2026-02-01,closed,CONTRIBUTOR,a05331277,1272,4,1,23,
pytorch,pytorch,2026-02-01,closed,CONTRIBUTOR,a76060dbc,0,1,0,,
pytorch,pytorch,2026-02-01,closed,CONTRIBUTOR,a398e7d3a,2,1,1,597,
pytorch,pytorch,2026-02-01,closed,CONTRIBUTOR,a457e8aa7,11,3,4,7,
pytorch,pytorch,2026-02-01,closed,CONTRIBUTOR,a8dd56e6a,78,2,1,1,
pytorch,pytorch,2026-02-01,closed,COLLABORATOR,aa0db6274,127,7,0,,
pytorch,pytorch,2026-02-01,closed,CONTRIBUTOR,a35f27e48,13,3,1,1,
pytorch,pytorch,2026-02-01,closed,CONTRIBUTOR,a740472d6,69,1,1,1,
pytorch,pytorch,2026-02-01,closed,CONTRIBUTOR,a4025b226,22,1,0,,
pytorch,pytorch,2026-02-01,closed,CONTRIBUTOR,a1eb0cd02,255,2,3,149,
pytorch,pytorch,2026-02-01,closed,CONTRIBUTOR,add189f6d,286,1,2,0,
pytorch,pytorch,2026-02-01,closed,CONTRIBUTOR,a1c5fc68a,4,1,1,1,
pytorch,pytorch,2026-02-01,closed,NONE,a98747c50,17,1,0,,
pytorch,pytorch,2026-02-01,closed,COLLABORATOR,ad19ffe38,1,1,1,8,
pytorch,pytorch,2026-02-01,closed,CONTRIBUTOR,a642039ad,37,1,3,14,
pytorch,pytorch,2026-02-01,closed,CONTRIBUTOR,ad89c6e6c,378,10,0,,
pytorch,pytorch,2026-02-01,closed,CONTRIBUTOR,afc4b5a75,5,1,1,44,
pytorch,pytorch,2026-02-01,closed,CONTRIBUTOR,a8dd56e6a,277,2,2,485,
pytorch,pytorch,2026-02-01,closed,CONTRIBUTOR,a642039ad,15,2,1,23,
pytorch,pytorch,2026-02-01,closed,MEMBER,a1a5a17e0,87,6,1,8,
pytorch,pytorch,2026-02-01,closed,COLLABORATOR,afa2d0531,165,8,0,,
pytorch,pytorch,2026-02-01,closed,COLLABORATOR,a55d2cdc8,2,1,1,37,
pytorch,pytorch,2026-02-01,closed,CONTRIBUTOR,a35f27e48,3,1,0,,
pytorch,pytorch,2026-02-01,closed,CONTRIBUTOR,aef5d174a,2,1,3,21,
pytorch,pytorch,2026-02-01,closed,CONTRIBUTOR,a15fd419a,2,1,2,0,
pytorch,pytorch,2026-02-01,closed,CONTRIBUTOR,aa24c47f2,22,1,0,,
pytorch,pytorch,2026-02-01,closed,CONTRIBUTOR,a44097ad0,92,2,2,4,
pytorch,pytorch,2026-02-01,closed,CONTRIBUTOR,af34afef3,6,1,6,56,
pytorch,pytorch,2026-02-01,closed,CONTRIBUTOR,a94cbb390,4,1,2,1,
pytorch,pytorch,2026-02-01,closed,CONTRIBUTOR,ab2ece173,58,2,5,0,
pytorch,pytorch,2026-02-01,closed,CONTRIBUTOR,aa24c47f2,6,1,1,49,
pytorch,pytorch,2026-02-01,closed,CONTRIBUTOR,ac1f8f001,17,2,0,,
pytorch,pytorch,2026-02-01,closed,CONTRIBUTOR,ac1f8f001,53,1,0,,
pytorch,pytorch,2026-02-01,closed,CONTRIBUTOR,ac1f8f001,5,1,0,,
pytorch,pytorch,2026-02-01,closed,CONTRIBUTOR,ac5fc38b4,1385,12,0,,
pytorch,pytorch,2026-02-01,closed,COLLABORATOR,aaee1c0cd,14,3,1,17,
pytorch,pytorch,2026-02-01,closed,CONTRIBUTOR,a76060dbc,602,6,5,114,
pytorch,pytorch,2026-02-01,closed,CONTRIBUTOR,a868cfe77,307,41,1,0,
pytorch,pytorch,2026-02-01,closed,CONTRIBUTOR,a740472d6,136,4,5,1,
pytorch,pytorch,2026-02-01,closed,CONTRIBUTOR,add61895c,4,1,1,122,
pytorch,pytorch,2026-02-01,closed,COLLABORATOR,ae5a18ed1,65,3,6,97,
pytorch,pytorch,2026-02-01,closed,CONTRIBUTOR,ad148afe6,129,1,1,126,
pytorch,pytorch,2026-02-01,closed,CONTRIBUTOR,a1c5fc68a,219,3,1,2,
pytorch,pytorch,2026-02-01,closed,CONTRIBUTOR,ac5fc38b4,93,2,0,,
pytorch,pytorch,2026-02-01,closed,CONTRIBUTOR,a14c27137,0,0,0,,
pytorch,pytorch,2026-02-01,closed,COLLABORATOR,a5dc541f5,562,25,6,280,
pytorch,pytorch,2026-02-01,closed,CONTRIBUTOR,a554ec844,156,4,5,15,
pytorch,pytorch,2026-02-01,closed,MEMBER,ab3c582b3,91,3,0,,
pytorch,pytorch,2026-02-01,closed,CONTRIBUTOR,a554ec844,2,1,0,,
pytorch,pytorch,2026-02-01,closed,CONTRIBUTOR,a9da25011,325,6,2,433,
pytorch,pytorch,2026-02-01,closed,CONTRIBUTOR,ab028fbf6,254,32,3,338,
pytorch,pytorch,2026-02-01,closed,CONTRIBUTOR,af7cadb62,500,3,0,,
pytorch,pytorch,2026-02-01,closed,CONTRIBUTOR,a10ecd6de,1,1,1,33,
pytorch,pytorch,2026-02-01,closed,COLLABORATOR,a5dc541f5,248,7,1,189,
pytorch,pytorch,2026-02-01,closed,COLLABORATOR,a5dc541f5,217,13,6,141,
pytorch,pytorch,2026-02-01,closed,CONTRIBUTOR,ab2ece173,22,1,1,0,
pytorch,pytorch,2026-02-01,closed,NONE,a666dd967,69,2,1,4,
pytorch,pytorch,2026-02-01,closed,NONE,aa571d7c3,4,1,1,65,
pytorch,pytorch,2026-02-01,closed,COLLABORATOR,a5dc541f5,6,1,2,0,
pytorch,pytorch,2026-02-01,closed,CONTRIBUTOR,a3552c582,40,3,8,0,
pytorch,pytorch,2026-02-01,closed,CONTRIBUTOR,a1c5fc68a,37,2,1,3,
pytorch,pytorch,2026-02-01,closed,CONTRIBUTOR,a740472d6,81,5,2,0,
pytorch,pytorch,2026-02-01,closed,CONTRIBUTOR,a3fe55b7a,78,3,0,,
pytorch,pytorch,2026-02-01,closed,CONTRIBUTOR,add189f6d,744,5,2,0,
pytorch,pytorch,2026-02-01,closed,CONTRIBUTOR,add189f6d,29,2,1,1,
pytorch,pytorch,2026-02-01,closed,CONTRIBUTOR,a7cd5697e,201,2,6,476,
pytorch,pytorch,2026-02-01,closed,CONTRIBUTOR,a76060dbc,69,12,1,19,
pytorch,pytorch,2026-02-01,closed,CONTRIBUTOR,a554ec844,15,2,2,22,
pytorch,pytorch,2026-02-01,closed,CONTRIBUTOR,a930bd28c,4,1,1,19,
pytorch,pytorch,2026-02-01,closed,COLLABORATOR,ae5a18ed1,20,1,1,49,
pytorch,pytorch,2026-02-01,closed,CONTRIBUTOR,ab689c736,149,1,1,0,
pytorch,pytorch,2026-02-01,closed,COLLABORATOR,aec11290e,3,2,2,2,
pytorch,pytorch,2026-02-01,closed,NONE,ae682b691,9,2,0,,
pytorch,pytorch,2026-02-01,closed,CONTRIBUTOR,a05331277,94,6,7,221,
pytorch,pytorch,2026-02-01,closed,COLLABORATOR,a7393f470,2,1,1,5,
pytorch,pytorch,2026-02-01,closed,CONTRIBUTOR,a8037721d,220,2,0,,
pytorch,pytorch,2026-02-01,closed,COLLABORATOR,aab0b0a28,739,14,1,321,
pytorch,pytorch,2026-02-01,closed,COLLABORATOR,aab0b0a28,574,28,1,319,
pytorch,pytorch,2026-02-01,closed,COLLABORATOR,a84bef2d8,7,1,2,171,
pytorch,pytorch,2026-02-01,closed,CONTRIBUTOR,add189f6d,16,3,1,3,
pytorch,pytorch,2026-02-01,closed,CONTRIBUTOR,a79eef296,13,1,0,,
pytorch,pytorch,2026-02-01,closed,CONTRIBUTOR,a868cfe77,240,1,1,11,
pytorch,pytorch,2026-02-01,closed,CONTRIBUTOR,a785abea7,22,7,0,,
pytorch,pytorch,2026-02-01,closed,CONTRIBUTOR,a868cfe77,195,2,1,3,
pytorch,pytorch,2026-02-01,closed,MEMBER,a82fe44ad,147,3,2,22,
pytorch,pytorch,2026-02-01,closed,CONTRIBUTOR,add189f6d,54,2,3,0,
pytorch,pytorch,2026-02-01,closed,CONTRIBUTOR,a1eb0cd02,1845,4,1,0,
pytorch,pytorch,2026-02-01,closed,COLLABORATOR,aab0b0a28,517,10,2,339,
pytorch,pytorch,2026-02-01,closed,COLLABORATOR,aab0b0a28,48,2,0,,
pytorch,pytorch,2026-02-01,closed,CONTRIBUTOR,a8306e1b5,2,1,1,38,
pytorch,pytorch,2026-02-01,closed,CONTRIBUTOR,a3b8c9426,77,3,6,171,
pytorch,pytorch,2026-02-01,closed,COLLABORATOR,a5dc541f5,3,1,2,21,
pytorch,pytorch,2026-02-01,closed,NONE,aba4901ef,65,2,1,23,
pytorch,pytorch,2026-02-01,closed,CONTRIBUTOR,a1eb0cd02,41,2,1,43,
pytorch,pytorch,2026-02-01,closed,COLLABORATOR,a7393f470,4,1,3,21,
pytorch,pytorch,2026-02-01,closed,CONTRIBUTOR,a785abea7,6,2,1,73,
pytorch,pytorch,2026-02-01,closed,NONE,a8fab3775,192,1,0,,
pytorch,pytorch,2026-02-01,closed,NONE,a8a2f1fff,12,2,1,61,
pytorch,pytorch,2026-02-01,closed,COLLABORATOR,a608d823d,30,2,2,0,
pytorch,pytorch,2026-02-01,closed,CONTRIBUTOR,a18c03ea5,423,3,10,8,
pytorch,pytorch,2026-02-01,closed,CONTRIBUTOR,ac5fc38b4,230,4,0,,
pytorch,pytorch,2026-02-01,closed,CONTRIBUTOR,aa8d2fcec,470,9,48,136,
pytorch,pytorch,2026-02-01,closed,CONTRIBUTOR,aa9ac2ea5,131,2,1,22,
pytorch,pytorch,2026-02-01,closed,CONTRIBUTOR,af46aca0f,281,2,1,356,
pytorch,pytorch,2026-02-01,closed,CONTRIBUTOR,a05331277,158,6,1,186,
pytorch,pytorch,2026-02-01,closed,COLLABORATOR,ae0a18ec6,2,1,2,0,
pytorch,pytorch,2026-02-01,closed,COLLABORATOR,ae0a18ec6,78,1,0,,
pytorch,pytorch,2026-02-01,closed,CONTRIBUTOR,aa22d9d8a,15,2,3,0,
pytorch,pytorch,2026-02-01,closed,CONTRIBUTOR,a7cd5697e,10,2,3,1,
pytorch,pytorch,2026-02-01,closed,CONTRIBUTOR,a09f86cc4,17,1,5,357,
pytorch,pytorch,2026-02-01,closed,CONTRIBUTOR,a1c5fc68a,2,1,1,11,
pytorch,pytorch,2026-02-01,closed,CONTRIBUTOR,a7f595a97,18,1,2,24,
pytorch,pytorch,2026-02-01,closed,COLLABORATOR,a894ad41b,69,3,0,,
pytorch,pytorch,2026-02-01,closed,NONE,a879d494e,264,2,0,,
pytorch,pytorch,2026-02-01,closed,CONTRIBUTOR,a740472d6,112,4,1,3,
pytorch,pytorch,2026-02-01,closed,CONTRIBUTOR,abd4fe483,23,1,0,,
pytorch,pytorch,2026-02-01,closed,CONTRIBUTOR,a69a2a0cd,6,1,0,,
pytorch,pytorch,2026-02-01,closed,COLLABORATOR,ab6cb35e7,5,1,11,0,
pytorch,pytorch,2026-02-01,closed,COLLABORATOR,aacca3d11,103,1,1,0,
pytorch,pytorch,2026-02-01,closed,COLLABORATOR,aab0b0a28,555,31,2,292,
pytorch,pytorch,2026-02-01,closed,CONTRIBUTOR,a69a2a0cd,1201,12,7,343,
pytorch,pytorch,2026-02-01,closed,CONTRIBUTOR,a51ede909,12,1,1,11,
pytorch,pytorch,2026-02-01,closed,COLLABORATOR,a438dfc5e,10,1,1,0,
pytorch,pytorch,2026-02-01,closed,CONTRIBUTOR,a6e3e1227,600,2,3,23,
pytorch,pytorch,2026-02-01,closed,CONTRIBUTOR,abcabcd01,42,1,1,30,
pytorch,pytorch,2026-02-01,closed,CONTRIBUTOR,abcabcd01,26,1,1,8,
pytorch,pytorch,2026-02-01,closed,CONTRIBUTOR,a785abea7,28,1,1,118,
pytorch,pytorch,2026-02-01,closed,CONTRIBUTOR,a1eb0cd02,35,2,1,1,
pytorch,pytorch,2026-02-01,closed,CONTRIBUTOR,ab2ece173,33,1,1,1,
pytorch,pytorch,2026-02-01,closed,NONE,a62774c28,71,4,1,1442,
pytorch,pytorch,2026-02-01,closed,CONTRIBUTOR,abb196885,137,5,1,387,
pytorch,pytorch,2026-02-01,closed,CONTRIBUTOR,a9555cd9c,133,2,4,1269,
pytorch,pytorch,2026-02-01,closed,CONTRIBUTOR,a6e3e1227,60,1,2,176,
pytorch,pytorch,2026-02-01,closed,CONTRIBUTOR,abcabcd01,192,2,0,,
pytorch,pytorch,2026-02-01,closed,CONTRIBUTOR,a84582b0b,4,1,0,,
pytorch,pytorch,2026-02-01,closed,COLLABORATOR,a61b2ad55,114,12,13,90,
pytorch,pytorch,2026-02-01,closed,CONTRIBUTOR,ad7831d57,4,1,1,8,
pytorch,pytorch,2026-02-01,closed,CONTRIBUTOR,abcabcd01,42,2,0,,
pytorch,pytorch,2026-02-01,closed,CONTRIBUTOR,ab2ece173,4,1,1,15,
pytorch,pytorch,2026-02-01,closed,CONTRIBUTOR,aa24c47f2,2,1,1,48,
pytorch,pytorch,2026-03-01,closed,CONTRIBUTOR,a76060dbc,653,2,0,,
pytorch,pytorch,2026-03-01,closed,CONTRIBUTOR,a740472d6,1505,6,4,0,
pytorch,pytorch,2026-03-01,closed,CONTRIBUTOR,a09462f15,1,1,1,0,
pytorch,pytorch,2026-03-01,merged,CONTRIBUTOR,af46d2248,134,4,1,119,119
pytorch,pytorch,2026-03-01,closed,NONE,a01608afa,78,3,0,,
pytorch,pytorch,2026-03-01,closed,CONTRIBUTOR,a3eb9b9cd,170,4,16,18,
pytorch,pytorch,2026-03-01,closed,CONTRIBUTOR,af7cadb62,3,1,0,,
pytorch,pytorch,2026-03-01,closed,CONTRIBUTOR,a3fe55b7a,19,8,0,,
pytorch,pytorch,2026-03-01,closed,CONTRIBUTOR,a3fe55b7a,49,2,0,,
pytorch,pytorch,2026-03-01,closed,CONTRIBUTOR,a4300549c,170,3,0,,
pytorch,pytorch,2026-03-01,closed,CONTRIBUTOR,a3fe55b7a,71,3,0,,
pytorch,pytorch,2026-03-01,closed,CONTRIBUTOR,a3fe55b7a,49,2,0,,
pytorch,pytorch,2026-03-01,closed,CONTRIBUTOR,a3fe55b7a,1921,3,0,,
pytorch,pytorch,2026-03-01,closed,MEMBER,ab6c48616,54,1,1,7,
pytorch,pytorch,2026-03-01,closed,CONTRIBUTOR,a4b42add1,0,0,0,,
pytorch,pytorch,2026-03-01,closed,CONTRIBUTOR,ad5417e63,234,2,0,,
pytorch,pytorch,2026-03-01,closed,CONTRIBUTOR,ab571defb,2,1,1,18,
pytorch,pytorch,2026-03-01,closed,CONTRIBUTOR,a740472d6,94,5,6,0,
pytorch,pytorch,2026-03-01,closed,CONTRIBUTOR,a740472d6,1978,7,31,312,
pytorch,pytorch,2026-03-01,closed,CONTRIBUTOR,ab14f2c80,70,2,2,0,
pytorch,pytorch,2026-03-01,closed,CONTRIBUTOR,ac1113e98,393,4,1,2,
pytorch,pytorch,2026-03-01,closed,COLLABORATOR,aaee1c0cd,122,4,1,9,
pytorch,pytorch,2026-03-01,closed,NONE,a87d70d6f,21,3,3,102,
pytorch,pytorch,2026-03-01,closed,COLLABORATOR,a821316f3,278,5,0,,
pytorch,pytorch,2026-03-01,closed,CONTRIBUTOR,affa1f180,478,3,2,68,
pytorch,pytorch,2026-03-01,closed,COLLABORATOR,aca23f99e,540,6,12,73,
pytorch,pytorch,2026-03-01,closed,CONTRIBUTOR,a785abea7,36,1,1,0,
pytorch,pytorch,2026-03-01,closed,CONTRIBUTOR,a1eb0cd02,16,1,1,65,
pytorch,pytorch,2026-03-01,closed,CONTRIBUTOR,aa22d9d8a,1,1,1,229,
pytorch,pytorch,2026-03-01,closed,CONTRIBUTOR,aeb12c5ab,233,1,3,395,
pytorch,pytorch,2026-03-01,closed,COLLABORATOR,a55d2cdc8,2,1,2,164,
pytorch,pytorch,2026-03-01,closed,NONE,ac3e38c83,33,2,1,1,
pytorch,pytorch,2026-03-01,closed,CONTRIBUTOR,a4025b226,54,1,3,764,
pytorch,pytorch,2026-03-01,closed,CONTRIBUTOR,a05331277,29,3,2,47,
pytorch,pytorch,2026-03-01,closed,CONTRIBUTOR,a512b41d3,31,2,14,92,
pytorch,pytorch,2026-03-01,closed,CONTRIBUTOR,a10ecd6de,118,4,1,24,
pytorch,pytorch,2026-03-01,closed,CONTRIBUTOR,a8e7ac53b,21,2,3,232,
pytorch,pytorch,2026-03-01,closed,CONTRIBUTOR,a3fe55b7a,22,2,2,30,
pytorch,pytorch,2026-03-01,closed,COLLABORATOR,ad655184d,2,1,1,0,
pytorch,pytorch,2026-03-01,closed,NONE,a8cd5efa9,5,2,2,25,
pytorch,pytorch,2026-03-01,closed,CONTRIBUTOR,a8dd56e6a,80,3,0,,
pytorch,pytorch,2026-03-01,closed,COLLABORATOR,a4a94000b,149,7,13,97,
pytorch,pytorch,2026-03-01,closed,CONTRIBUTOR,acde10e71,2,1,1,70,
pytorch,pytorch,2026-03-01,closed,CONTRIBUTOR,ac5fc38b4,832,8,0,,
pytorch,pytorch,2026-03-01,closed,CONTRIBUTOR,a9da25011,506,2,0,,
pytorch,pytorch,2026-03-01,closed,CONTRIBUTOR,a60c85519,2,1,0,,
pytorch,pytorch,2026-03-01,closed,CONTRIBUTOR,ac10a09d2,15,2,3,2,
pytorch,pytorch,2026-03-01,closed,NONE,a472d0611,126,2,2,2,
pytorch,pytorch,2026-03-01,closed,CONTRIBUTOR,a642039ad,285,11,5,0,
pytorch,pytorch,2026-03-01,closed,CONTRIBUTOR,a9da25011,133,3,1,9,
pytorch,pytorch,2026-03-01,closed,CONTRIBUTOR,aeec7c9e9,80,3,1,338,
pytorch,pytorch,2026-03-01,closed,COLLABORATOR,a6b8aa871,84,2,1,249,
pytorch,pytorch,2026-03-01,closed,COLLABORATOR,a55d2cdc8,30,2,1,68,
pytorch,pytorch,2026-03-01,closed,CONTRIBUTOR,a9da25011,205,3,0,,
pytorch,pytorch,2026-03-01,closed,CONTRIBUTOR,ab14f2c80,167,1,1,129,
pytorch,pytorch,2026-03-01,closed,CONTRIBUTOR,a4300549c,167,6,0,,
pytorch,pytorch,2026-03-01,closed,CONTRIBUTOR,ad148afe6,2,1,1,482,
pytorch,pytorch,2026-03-01,closed,COLLABORATOR,ab6cb35e7,30,3,1,1,
pytorch,pytorch,2026-03-01,closed,CONTRIBUTOR,a554ec844,90,3,2,0,
pytorch,pytorch,2026-03-01,closed,CONTRIBUTOR,adbb98a6d,52,3,2,19,
pytorch,pytorch,2026-03-01,closed,COLLABORATOR,a438dfc5e,288,4,5,16,
pytorch,pytorch,2026-03-01,closed,CONTRIBUTOR,a1ee6f561,66,1,1,25,
pytorch,pytorch,2026-03-01,closed,NONE,a3487b83a,3,1,2,101,
pytorch,pytorch,2026-03-01,closed,MEMBER,a846e2bc0,61,2,2,10,
pytorch,pytorch,2026-03-01,merged,COLLABORATOR,abb677e08,120,3,1,0,0
pytorch,pytorch,2026-03-01,closed,CONTRIBUTOR,acf8e81ec,66,2,0,,
pytorch,pytorch,2026-03-01,closed,CONTRIBUTOR,a4300549c,150,4,4,1,
pytorch,pytorch,2026-03-01,closed,CONTRIBUTOR,a0a52b182,152,3,9,1,
pytorch,pytorch,2026-03-01,closed,CONTRIBUTOR,a60c85519,8,1,1,0,
pytorch,pytorch,2026-03-01,closed,COLLABORATOR,a5dc541f5,326,4,0,,
pytorch,pytorch,2026-03-01,closed,MEMBER,a82fe44ad,75,3,3,1177,
pytorch,pytorch,2026-03-01,closed,CONTRIBUTOR,affa1f180,90,2,4,1,
pytorch,pytorch,2026-03-01,closed,CONTRIBUTOR,a19270314,45,2,2,4,
pytorch,pytorch,2026-03-01,closed,NONE,a019a79c9,50,1,0,,
pytorch,pytorch,2026-03-01,closed,NONE,a019a79c9,34,2,0,,
pytorch,pytorch,2026-03-01,closed,CONTRIBUTOR,a8306e1b5,2,1,1,114,
pytorch,pytorch,2026-03-01,closed,NONE,a3cde32c8,46,2,0,,
pytorch,pytorch,2026-03-01,closed,CONTRIBUTOR,a84582b0b,18,1,1,104,
pytorch,pytorch,2026-03-01,closed,CONTRIBUTOR,a613abc93,33,2,4,7,
pytorch,pytorch,2026-03-01,closed,CONTRIBUTOR,aefbfb7dc,11,1,4,173,
pytorch,pytorch,2026-03-01,closed,CONTRIBUTOR,aefbfb7dc,10,3,0,,
pytorch,pytorch,2026-03-01,closed,CONTRIBUTOR,a8dd56e6a,22,2,0,,
pytorch,pytorch,2026-03-01,merged,CONTRIBUTOR,a5498d6cd,14,2,2,169,195
pytorch,pytorch,2026-03-01,merged,CONTRIBUTOR,ab028fbf6,69,3,1,0,1
pytorch,pytorch,2026-03-01,closed,CONTRIBUTOR,a4a414edc,67,7,4,2,
pytorch,pytorch,2026-03-01,closed,CONTRIBUTOR,a0a52b182,479,30,2,0,
pytorch,pytorch,2026-03-01,closed,CONTRIBUTOR,a9da25011,367,3,3,18,
pytorch,pytorch,2026-03-01,closed,COLLABORATOR,a22ea5b25,116,5,6,7,
pytorch,pytorch,2026-03-01,closed,CONTRIBUTOR,ae13b2e40,95,3,0,,
pytorch,pytorch,2026-03-01,closed,CONTRIBUTOR,af7cadb62,237,2,0,,
pytorch,pytorch,2026-03-01,closed,CONTRIBUTOR,a4a414edc,143,5,0,,
pytorch,pytorch,2026-03-01,closed,CONTRIBUTOR,adbb98a6d,294,7,0,,
pytorch,pytorch,2026-03-01,closed,CONTRIBUTOR,a05331277,1507,10,0,,
pytorch,pytorch,2026-03-01,closed,NONE,ab2a263fa,143,2,0,,
pytorch,pytorch,2026-03-01,closed,CONTRIBUTOR,add61895c,52,3,7,1,
pytorch,pytorch,2026-03-01,closed,CONTRIBUTOR,a4300549c,124,3,4,73,
pytorch,pytorch,2026-03-01,closed,CONTRIBUTOR,af7cadb62,76,2,0,,
pytorch,pytorch,2026-03-01,closed,CONTRIBUTOR,a74a523df,1,1,1,71,
pytorch,pytorch,2026-03-01,closed,NONE,ad99e26e9,35,1,0,,
pytorch,pytorch,2026-03-01,closed,MEMBER,ab3c582b3,96,2,1,117,
pytorch,pytorch,2026-03-01,closed,CONTRIBUTOR,a740472d6,188,5,2,16,
pytorch,pytorch,2026-03-01,closed,CONTRIBUTOR,affa1f180,195,3,1,132,
pytorch,pytorch,2026-03-01,closed,NONE,a1b9d4fd8,671,5,0,,
pytorch,pytorch,2026-03-01,closed,CONTRIBUTOR,ac10a09d2,14,1,1,454,
pytorch,pytorch,2026-03-01,closed,COLLABORATOR,aaee1c0cd,6,2,1,9,
pytorch,pytorch,2026-03-01,closed,CONTRIBUTOR,ae13b2e40,220,5,7,0,
pytorch,pytorch,2026-03-01,closed,CONTRIBUTOR,ab14f2c80,262,3,1,9,
pytorch,pytorch,2026-03-01,closed,NONE,a9b7fe768,16,2,0,,
pytorch,pytorch,2026-03-01,closed,COLLABORATOR,aee9ee539,436,2,3,171,
pytorch,pytorch,2026-03-01,closed,COLLABORATOR,afb18a590,124,1,1,420,
pytorch,pytorch,2026-03-01,closed,CONTRIBUTOR,ae13b2e40,210,2,2,54,
pytorch,pytorch,2026-03-01,closed,CONTRIBUTOR,a642039ad,153,5,0,,
pytorch,pytorch,2026-03-01,closed,CONTRIBUTOR,a7200ca83,0,0,4,29,
pytorch,pytorch,2026-03-01,closed,CONTRIBUTOR,a535fb7e0,919,35,5,1,
pytorch,pytorch,2026-03-01,closed,CONTRIBUTOR,a554ec844,89,3,0,,
pytorch,pytorch,2026-03-01,closed,CONTRIBUTOR,a740472d6,190,4,0,,
pytorch,pytorch,2026-03-01,closed,COLLABORATOR,ad655184d,2,1,1,0,
pytorch,pytorch,2026-03-01,closed,CONTRIBUTOR,aa7e8f030,2,1,0,,
pytorch,pytorch,2026-03-01,closed,CONTRIBUTOR,a554ec844,305,2,6,24,
pytorch,pytorch,2026-03-01,closed,MEMBER,ab6c48616,14,1,1,5,
pytorch,pytorch,2026-03-01,closed,COLLABORATOR,a5dc541f5,292,7,4,71,
pytorch,pytorch,2026-03-01,closed,CONTRIBUTOR,a1eb0cd02,3,1,2,0,
pytorch,pytorch,2026-03-01,closed,CONTRIBUTOR,ae13b2e40,476,4,8,9,
pytorch,pytorch,2026-03-01,closed,CONTRIBUTOR,a73b095db,459,4,3,3235,
pytorch,pytorch,2026-03-01,closed,CONTRIBUTOR,a3fe55b7a,48,2,1,46,
pytorch,pytorch,2026-03-01,closed,CONTRIBUTOR,a7013d732,75,8,5,72,
pytorch,pytorch,2026-03-01,closed,CONTRIBUTOR,a73a0d9c6,121,3,0,,
pytorch,pytorch,2026-03-01,closed,CONTRIBUTOR,ae9a62bd5,972,4,40,4,
pytorch,pytorch,2026-03-01,closed,COLLABORATOR,a55d2cdc8,4,1,1,3,
pytorch,pytorch,2026-03-01,closed,CONTRIBUTOR,ae13b2e40,255,5,3,0,
pytorch,pytorch,2026-03-01,closed,CONTRIBUTOR,ae13b2e40,43,2,3,0,
pytorch,pytorch,2026-03-01,closed,CONTRIBUTOR,abd074e43,33,3,4,1,
pytorch,pytorch,2026-03-01,closed,CONTRIBUTOR,a9dd2e3c0,4,1,0,,
pytorch,pytorch,2026-03-01,closed,MEMBER,a9c1e4615,285,2,4,0,
pytorch,pytorch,2026-03-01,closed,CONTRIBUTOR,a9dd2e3c0,40,3,0,,
pytorch,pytorch,2026-03-01,closed,MEMBER,a846e2bc0,347,22,1,572,
pytorch,pytorch,2026-03-01,closed,CONTRIBUTOR,ad8666c3d,14,1,5,1,
pytorch,pytorch,2026-03-01,closed,NONE,a71c0054f,70,2,0,,
pytorch,pytorch,2026-03-01,closed,CONTRIBUTOR,a8dd56e6a,638,10,17,5,
pytorch,pytorch,2026-03-01,closed,CONTRIBUTOR,ac08d21e9,16,3,4,0,
pytorch,pytorch,2026-03-01,closed,CONTRIBUTOR,a4300549c,9,2,2,7,
pytorch,pytorch,2026-03-01,closed,CONTRIBUTOR,a4300549c,3,1,4,7,
pytorch,pytorch,2026-03-01,closed,CONTRIBUTOR,a8dd56e6a,13,2,0,,
pytorch,pytorch,2026-03-01,closed,CONTRIBUTOR,a5bcbcd93,207,9,5,0,
pytorch,pytorch,2026-03-01,closed,MEMBER,ab6c48616,285,2,1,74,
pytorch,pytorch,2026-03-01,closed,CONTRIBUTOR,a7200ca83,114,7,1,0,
pytorch,pytorch,2026-03-01,closed,CONTRIBUTOR,aa59e8a83,9,2,7,99,
pytorch,pytorch,2026-03-01,closed,NONE,a66410fa3,48,3,0,,
pytorch,pytorch,2026-03-01,closed,CONTRIBUTOR,a7cd5697e,488,11,12,0,
pytorch,pytorch,2026-03-01,closed,CONTRIBUTOR,a9dd2e3c0,1069,11,0,,
pytorch,pytorch,2026-03-01,closed,CONTRIBUTOR,a9dd2e3c0,1070,11,0,,
pytorch,pytorch,2026-03-01,closed,COLLABORATOR,ad655184d,2,1,1,0,
pytorch,pytorch,2026-03-01,closed,CONTRIBUTOR,a05331277,90,3,0,,
pytorch,pytorch,2026-03-01,closed,CONTRIBUTOR,ab14f2c80,11,1,0,,
pytorch,pytorch,2026-03-01,closed,CONTRIBUTOR,a740472d6,1963,19,5,10,
pytorch,pytorch,2026-03-01,closed,CONTRIBUTOR,a41334601,189,5,15,170,
pytorch,pytorch,2026-03-01,closed,CONTRIBUTOR,aa238cb0a,84,1,1,67,
pytorch,pytorch,2026-03-01,closed,CONTRIBUTOR,a6c990658,7,1,2,0,
pytorch,pytorch,2026-03-01,closed,NONE,a61783fbd,23,1,3,12,
pytorch,pytorch,2026-03-01,closed,COLLABORATOR,a55d2cdc8,46,6,1,70,
pytorch,pytorch,2026-03-01,closed,NONE,a453ef128,35,1,0,,
pytorch,pytorch,2026-03-01,closed,COLLABORATOR,abb677e08,10,3,0,,
pytorch,pytorch,2026-03-01,closed,CONTRIBUTOR,ab1138eca,149,6,0,,
pytorch,pytorch,2026-03-01,closed,CONTRIBUTOR,affa1f180,67,1,1,13,
pytorch,pytorch,2026-03-01,closed,CONTRIBUTOR,affa1f180,186,4,1,25,
pytorch,pytorch,2026-03-01,closed,CONTRIBUTOR,affa1f180,25,2,1,25,
pytorch,pytorch,2026-03-01,closed,CONTRIBUTOR,ad0ce09b1,73,2,13,28,
pytorch,pytorch,2026-03-01,closed,CONTRIBUTOR,ac10a09d2,61,4,1,1108,
pytorch,pytorch,2026-03-01,closed,COLLABORATOR,a48d2281d,7,2,1,54,
pytorch,pytorch,2026-03-01,closed,CONTRIBUTOR,a4300549c,88,1,0,,
pytorch,pytorch,2026-03-01,closed,CONTRIBUTOR,a4300549c,72,2,1,235,
pytorch,pytorch,2026-03-01,closed,CONTRIBUTOR,accde3d20,14,1,2,0,
pytorch,pytorch,2026-03-01,open,CONTRIBUTOR,a73b095db,242,2,0,,
pytorch,pytorch,2026-03-01,closed,CONTRIBUTOR,a19270314,270,1,7,3,
pytorch,pytorch,2026-03-01,closed,COLLABORATOR,aa0db6274,82,3,6,1,
pytorch,pytorch,2026-03-01,closed,CONTRIBUTOR,a82a494d5,141,4,1,1,
pytorch,pytorch,2026-03-01,closed,CONTRIBUTOR,a19270314,287,8,0,,
pytorch,pytorch,2026-03-01,closed,CONTRIBUTOR,a9f31ddc9,18,1,0,,
pytorch,pytorch,2026-03-01,closed,CONTRIBUTOR,a554ec844,30,2,0,,
pytorch,pytorch,2026-03-01,closed,CONTRIBUTOR,a8da6f3e3,30,2,3,1,
pytorch,pytorch,2026-03-01,closed,COLLABORATOR,a6dca6705,45,4,1,49,
pytorch,pytorch,2026-03-01,closed,COLLABORATOR,a5ac668f6,102,2,2,1236,
pytorch,pytorch,2026-03-01,closed,CONTRIBUTOR,a6e3e1227,60,2,3,5,
pytorch,pytorch,2026-03-01,closed,CONTRIBUTOR,a7200ca83,2,1,2,0,
pytorch,pytorch,2026-03-01,open,COLLABORATOR,af2a53b8f,186,3,14,49,
pytorch,pytorch,2026-03-01,closed,CONTRIBUTOR,a0a52b182,56,2,1,19,
pytorch,pytorch,2026-03-01,closed,NONE,a4931aa59,23,2,1,168,
pytorch,pytorch,2026-03-01,closed,COLLABORATOR,ab6cb35e7,34,3,17,21,
pytorch,pytorch,2026-03-01,closed,CONTRIBUTOR,add189f6d,8,3,3,0,
pytorch,pytorch,2026-03-01,closed,MEMBER,ab3c582b3,96,2,0,,
pytorch,pytorch,2026-03-01,closed,NONE,a47a177ab,115,7,0,,
pytorch,pytorch,2026-03-01,closed,CONTRIBUTOR,add189f6d,35,1,2,2,
pytorch,pytorch,2026-03-01,closed,NONE,a47a177ab,95,2,1,1110,
pytorch,pytorch,2026-03-01,closed,COLLABORATOR,ab06db1d7,28,1,1,20,
pytorch,pytorch,2026-03-01,closed,COLLABORATOR,a55d2cdc8,60,21,1,21,
pytorch,pytorch,2026-03-01,closed,CONTRIBUTOR,a740472d6,124,3,1,0,
pytorch,pytorch,2026-03-01,closed,CONTRIBUTOR,a1c5fc68a,54,2,1,623,
pytorch,pytorch,2026-03-01,closed,CONTRIBUTOR,ab2ece173,22,1,1,0,
pytorch,pytorch,2026-03-01,closed,COLLABORATOR,ad655184d,2,1,1,0,
pytorch,pytorch,2026-03-01,closed,CONTRIBUTOR,af7cadb62,144,3,5,20,
pytorch,pytorch,2026-03-01,closed,CONTRIBUTOR,a6e3e1227,27,1,1,8,
pytorch,pytorch,2026-03-01,closed,NONE,a11be1f74,45,3,4,13,
pytorch,pytorch,2026-03-01,closed,NONE,a166d577a,89,4,4,97,
pytorch,pytorch,2026-03-01,closed,COLLABORATOR,a01eff35b,2,1,2,296,
pytorch,pytorch,2026-03-01,closed,CONTRIBUTOR,a9da25011,210,3,0,,
pytorch,pytorch,2026-03-01,closed,CONTRIBUTOR,a35f27e48,4,1,4,6,
pytorch,pytorch,2026-03-01,closed,CONTRIBUTOR,af756c719,634,6,2,121,
pytorch,pytorch,2026-03-01,closed,CONTRIBUTOR,ab689c736,32,2,5,0,
pytorch,pytorch,2026-03-01,closed,CONTRIBUTOR,a7b9b3f68,7,1,1,24,
pytorch,pytorch,2026-03-01,closed,CONTRIBUTOR,a7013d732,53,2,1,95,
pytorch,pytorch,2026-03-01,closed,CONTRIBUTOR,aa0629a5f,26,2,0,,
pytorch,pytorch,2026-03-01,closed,CONTRIBUTOR,a3b6aa0a0,1,1,0,,
pytorch,pytorch,2026-03-01,closed,CONTRIBUTOR,a1e42567f,110,2,0,,
pytorch,pytorch,2026-03-01,closed,CONTRIBUTOR,ad7ba31c9,53,1,2,14,
pytorch,pytorch,2026-03-01,closed,CONTRIBUTOR,a619ab9b4,2,1,0,,
pytorch,pytorch,2026-03-01,closed,COLLABORATOR,ac8c0369e,29,4,3,117,
pytorch,pytorch,2026-03-01,closed,CONTRIBUTOR,a3b6aa0a0,176,6,0,,
pytorch,pytorch,2026-03-01,closed,CONTRIBUTOR,a3b6aa0a0,89,4,0,,
pytorch,pytorch,2026-03-01,closed,CONTRIBUTOR,a35f27e48,58,3,0,,
pytorch,pytorch,2026-03-01,closed,CONTRIBUTOR,af756c719,62,2,1,1,
pytorch,pytorch,2026-03-01,closed,CONTRIBUTOR,a60c85519,12,1,1,69,
pytorch,pytorch,2026-03-01,closed,CONTRIBUTOR,a3b6aa0a0,117,4,0,,
pytorch,pytorch,2026-03-01,closed,CONTRIBUTOR,ab028fbf6,2937,4,2,1,
pytorch,pytorch,2026-03-01,closed,COLLABORATOR,a438dfc5e,184,2,1,48,
pytorch,pytorch,2026-03-01,closed,CONTRIBUTOR,ae13b2e40,42,2,1,39,
pytorch,pytorch,2026-03-01,closed,COLLABORATOR,aaee1c0cd,399,6,9,16,
pytorch,pytorch,2026-03-01,closed,NONE,a3cde32c8,13867,1,0,,
pytorch,pytorch,2026-03-01,closed,CONTRIBUTOR,a740472d6,70,5,2,16,
pytorch,pytorch,2026-03-01,closed,CONTRIBUTOR,a41334601,3,1,2,36,
pytorch,pytorch,2026-03-01,closed,COLLABORATOR,af178df54,51,1,5,32,
pytorch,pytorch,2026-03-01,closed,NONE,a56ed4780,31,1,6,24,
pytorch,pytorch,2026-03-01,closed,CONTRIBUTOR,aeff80a06,4,1,1,12,
pytorch,pytorch,2026-03-01,closed,CONTRIBUTOR,a740472d6,23,1,3,0,
pytorch,pytorch,2026-03-01,closed,CONTRIBUTOR,a9dd2e3c0,1,1,1,0,
pytorch,pytorch,2026-03-01,closed,CONTRIBUTOR,a2acce05e,1714,6,0,,
pytorch,pytorch,2026-03-01,closed,CONTRIBUTOR,ad8666c3d,25,2,1,61,
pytorch,pytorch,2026-03-01,closed,CONTRIBUTOR,a9da25011,97,2,0,,
pytorch,pytorch,2026-03-01,closed,CONTRIBUTOR,a6e3e1227,73,3,1,1,
pytorch,pytorch,2026-03-01,closed,CONTRIBUTOR,a4300549c,136,2,5,47,
pytorch,pytorch,2026-03-01,closed,CONTRIBUTOR,aff2c950a,5,1,2,0,
pytorch,pytorch,2026-03-01,closed,CONTRIBUTOR,ae13b2e40,306,4,5,27,
pytorch,pytorch,2026-03-01,closed,CONTRIBUTOR,adbb98a6d,301,3,0,,
pytorch,pytorch,2026-03-01,closed,COLLABORATOR,a8fb04369,4,2,0,,
pytorch,pytorch,2026-03-01,closed,CONTRIBUTOR,a10ecd6de,13,1,0,,
pytorch,pytorch,2026-03-01,closed,CONTRIBUTOR,a740472d6,146,3,0,,
pytorch,pytorch,2026-03-01,closed,CONTRIBUTOR,a4025b226,8,1,1,92,
pytorch,pytorch,2026-03-01,closed,CONTRIBUTOR,affa1f180,1,1,1,11,
pytorch,pytorch,2026-03-01,closed,COLLABORATOR,a84bef2d8,25,3,0,,
pytorch,pytorch,2026-03-01,closed,COLLABORATOR,a84bef2d8,18,1,1,82,
pytorch,pytorch,2026-03-01,closed,CONTRIBUTOR,acc80de83,4,2,0,,
pytorch,pytorch,2026-03-01,closed,CONTRIBUTOR,add189f6d,1,1,1,0,
pytorch,pytorch,2026-03-01,closed,CONTRIBUTOR,a0a52b182,385,19,1,0,
pytorch,pytorch,2026-03-01,closed,CONTRIBUTOR,a0f853bee,627,6,0,,
pytorch,pytorch,2026-03-01,closed,CONTRIBUTOR,af46d2248,133,4,7,0,
pytorch,pytorch,2026-03-01,closed,COLLABORATOR,ad655184d,2,1,1,0,
pytorch,pytorch,2026-03-01,closed,CONTRIBUTOR,a05331277,448,2,5,91,
pytorch,pytorch,2026-03-01,closed,CONTRIBUTOR,a1eb0cd02,19,1,2,59,
pytorch,pytorch,2026-03-01,closed,CONTRIBUTOR,a79c4ec2c,8,1,1,10,
pytorch,pytorch,2026-03-01,closed,COLLABORATOR,a01eff35b,100,4,1,74,
pytorch,pytorch,2026-03-01,closed,CONTRIBUTOR,a8dd56e6a,52,3,2,153,
pytorch,pytorch,2026-03-01,closed,COLLABORATOR,ae617e84f,760,8,23,5,
pytorch,pytorch,2026-03-01,closed,NONE,abfb5512e,83,2,1,27,
pytorch,pytorch,2026-03-01,closed,CONTRIBUTOR,aa0629a5f,26,2,6,0,
pytorch,pytorch,2026-03-01,closed,CONTRIBUTOR,aacdfa15d,85,4,1,18,
pytorch,pytorch,2026-03-01,closed,CONTRIBUTOR,a642039ad,182,2,3,14,
pytorch,pytorch,2026-03-01,closed,CONTRIBUTOR,a3fe55b7a,1993,2,0,,
pytorch,pytorch,2026-03-01,closed,CONTRIBUTOR,a3fe55b7a,1921,3,0,,
pytorch,pytorch,2026-03-01,open,NONE,a3487b83a,81,2,6,7,
pytorch,pytorch,2026-03-01,closed,COLLABORATOR,a0a5ccaf7,181,5,4,450,
pytorch,pytorch,2026-03-01,merged,CONTRIBUTOR,ad1b2f518,318,6,3,125,170
pytorch,pytorch,2026-03-01,closed,CONTRIBUTOR,a6c990658,76,13,2,114,
pytorch,pytorch,2026-03-01,closed,CONTRIBUTOR,a740472d6,1074,3,0,,
pytorch,pytorch,2026-04-01,closed,CONTRIBUTOR,affa1f180,84,5,0,,
pytorch,pytorch,2026-04-01,closed,MEMBER,a846e2bc0,2561,18,3,1679,
pytorch,pytorch,2026-04-01,closed,NONE,a4974f8b1,408,16,0,,
pytorch,pytorch,2026-04-01,closed,CONTRIBUTOR,af46aca0f,391,7,0,,
pytorch,pytorch,2026-04-01,closed,NONE,a62399ff9,23,1,0,,
pytorch,pytorch,2026-04-01,closed,COLLABORATOR,a8b0d2ff6,17,1,2,42,
pytorch,pytorch,2026-04-01,closed,CONTRIBUTOR,a3d310431,170,1,0,,
pytorch,pytorch,2026-04-01,merged,COLLABORATOR,abb677e08,179,3,1,123,124
pytorch,pytorch,2026-04-01,closed,COLLABORATOR,a2891e340,11,1,2,14,
pytorch,pytorch,2026-04-01,open,COLLABORATOR,a16fd3e30,128,4,3,2,
pytorch,pytorch,2026-04-01,closed,CONTRIBUTOR,a740472d6,314,2,0,,
pytorch,pytorch,2026-04-01,merged,CONTRIBUTOR,a740472d6,2,1,1,4,4
pytorch,pytorch,2026-04-01,closed,CONTRIBUTOR,a740472d6,37,6,1,26,
pytorch,pytorch,2026-04-01,closed,NONE,a6022df20,85,6,24,1,
pytorch,pytorch,2026-04-01,closed,CONTRIBUTOR,a4300549c,14,6,1,10,
pytorch,pytorch,2026-04-01,closed,CONTRIBUTOR,a4300549c,22,8,1,37,
pytorch,pytorch,2026-04-01,closed,CONTRIBUTOR,a4300549c,18,8,2,36,
pytorch,pytorch,2026-04-01,closed,CONTRIBUTOR,aa5f56ee5,73,3,1,110,
pytorch,pytorch,2026-04-01,closed,CONTRIBUTOR,a36c23880,40,4,8,3,
pytorch,pytorch,2026-04-01,closed,CONTRIBUTOR,a642039ad,253,3,15,6,
pytorch,pytorch,2026-04-01,closed,NONE,a3a4951a5,13,1,1,2,
pytorch,pytorch,2026-04-01,closed,CONTRIBUTOR,a265c63bf,3,1,1,1,
pytorch,pytorch,2026-04-01,closed,NONE,a3a4951a5,14,2,0,,
pytorch,pytorch,2026-04-01,closed,NONE,abd037642,5,1,2,0,
pytorch,pytorch,2026-04-01,closed,COLLABORATOR,af82578ec,122,2,0,,
pytorch,pytorch,2026-04-01,closed,CONTRIBUTOR,a3fe55b7a,9,1,1,360,
pytorch,pytorch,2026-04-01,closed,CONTRIBUTOR,a5780502f,42,2,1,20,
pytorch,pytorch,2026-04-01,closed,NONE,a87f92262,11,1,0,,
pytorch,pytorch,2026-04-01,closed,CONTRIBUTOR,adbb98a6d,121,1,1,1271,
pytorch,pytorch,2026-04-01,closed,COLLABORATOR,afb18a590,1189,17,1,466,
pytorch,pytorch,2026-04-01,closed,CONTRIBUTOR,ae13b2e40,141,2,1,12,
pytorch,pytorch,2026-04-01,closed,CONTRIBUTOR,a41334601,68,1,1,9,
pytorch,pytorch,2026-04-01,closed,CONTRIBUTOR,a41334601,3,1,1,5,
pytorch,pytorch,2026-04-01,closed,NONE,a65e3c899,62,3,1,70,
pytorch,pytorch,2026-04-01,closed,CONTRIBUTOR,ae13b2e40,124,4,0,,
pytorch,pytorch,2026-04-01,closed,CONTRIBUTOR,ae13b2e40,247,13,2,28,
pytorch,pytorch,2026-04-01,closed,CONTRIBUTOR,a4a414edc,69,6,0,,
pytorch,pytorch,2026-04-01,closed,CONTRIBUTOR,ab689c736,61,3,0,,
pytorch,pytorch,2026-04-01,closed,COLLABORATOR,afa2d0531,11,2,1,117,
pytorch,pytorch,2026-04-01,closed,COLLABORATOR,a438dfc5e,180,4,3,0,
pytorch,pytorch,2026-04-01,closed,CONTRIBUTOR,ab2ece173,283,10,6,15,
pytorch,pytorch,2026-04-01,closed,CONTRIBUTOR,a3fe55b7a,510,12,0,,
pytorch,pytorch,2026-04-01,closed,NONE,ad8adfef4,104,6,0,,
pytorch,pytorch,2026-04-01,closed,COLLABORATOR,afb18a590,2,1,1,8,
pytorch,pytorch,2026-04-01,closed,COLLABORATOR,a8287d26a,15,1,3,131,
pytorch,pytorch,2026-04-01,open,COLLABORATOR,ad19ffe38,7,1,0,,
pytorch,pytorch,2026-04-01,open,CONTRIBUTOR,a3a310340,461,7,1,127,
pytorch,pytorch,2026-04-01,closed,CONTRIBUTOR,add189f6d,34,3,1,0,
pytorch,pytorch,2026-04-01,closed,CONTRIBUTOR,a0a52b182,208,1,6,4,
pytorch,pytorch,2026-04-01,closed,COLLABORATOR,a72e5ee0e,6,1,1,6,
pytorch,pytorch,2026-04-01,closed,CONTRIBUTOR,a554ec844,74,3,1,1,
pytorch,pytorch,2026-04-01,closed,CONTRIBUTOR,add189f6d,18,4,1,19,
pytorch,pytorch,2026-04-01,closed,CONTRIBUTOR,ae978efa8,15,2,6,27,
pytorch,pytorch,2026-04-01,closed,CONTRIBUTOR,ae13b2e40,55,2,0,,
pytorch,pytorch,2026-04-01,closed,CONTRIBUTOR,a740472d6,396,8,6,0,
pytorch,pytorch,2026-04-01,closed,CONTRIBUTOR,a740472d6,85,5,0,,
pytorch,pytorch,2026-04-01,closed,CONTRIBUTOR,ab2ece173,1,1,1,19,
pytorch,pytorch,2026-04-01,closed,MEMBER,ab3c582b3,224,6,12,8,
pytorch,pytorch,2026-04-01,closed,CONTRIBUTOR,aa8d2fcec,128,2,1,0,
pytorch,pytorch,2026-04-01,closed,CONTRIBUTOR,a740472d6,16,1,0,,
pytorch,pytorch,2026-04-01,closed,CONTRIBUTOR,a917f63cc,78,5,0,,
pytorch,pytorch,2026-04-01,closed,CONTRIBUTOR,a9da25011,24,2,0,,
pytorch,pytorch,2026-04-01,closed,CONTRIBUTOR,af2c644b8,105,2,5,98,
pytorch,pytorch,2026-04-01,closed,NONE,a65e3c899,71,8,0,,
pytorch,pytorch,2026-04-01,closed,CONTRIBUTOR,adbb98a6d,142,6,6,657,
pytorch,pytorch,2026-04-01,closed,CONTRIBUTOR,a6c990658,1,1,0,,
pytorch,pytorch,2026-04-01,closed,CONTRIBUTOR,aa24c47f2,2,1,1,2,
pytorch,pytorch,2026-04-01,closed,CONTRIBUTOR,aa24c47f2,2,1,2,7,
pytorch,pytorch,2026-04-01,closed,CONTRIBUTOR,a6002df3d,6,1,0,,
pytorch,pytorch,2026-04-01,closed,CONTRIBUTOR,a3254803a,72,2,2,4,
pytorch,pytorch,2026-04-01,closed,NONE,aaa6103c3,75,3,2,78,
pytorch,pytorch,2026-04-01,closed,MEMBER,a11c89795,37,1,1,22,
pytorch,pytorch,2026-04-01,closed,CONTRIBUTOR,ae13b2e40,48,2,0,,
pytorch,pytorch,2026-04-01,closed,CONTRIBUTOR,ae13b2e40,90,2,0,,
pytorch,pytorch,2026-04-01,closed,COLLABORATOR,ac8c0369e,85,4,1,121,
pytorch,pytorch,2026-04-01,closed,CONTRIBUTOR,abe84f9fb,89,4,1,20,
pytorch,pytorch,2026-04-01,closed,CONTRIBUTOR,ae13b2e40,96,4,0,,
pytorch,pytorch,2026-04-01,closed,CONTRIBUTOR,a3eb9b9cd,38,2,0,,
pytorch,pytorch,2026-04-01,closed,CONTRIBUTOR,a6e3e1227,82,3,6,1,
pytorch,pytorch,2026-04-01,closed,COLLABORATOR,a5dc541f5,3478,95,1,71,
pytorch,pytorch,2026-04-01,closed,CONTRIBUTOR,a41334601,23,2,1,88,
pytorch,pytorch,2026-04-01,closed,CONTRIBUTOR,ae13b2e40,500,6,3,261,
pytorch,pytorch,2026-04-01,closed,NONE,a535de484,36,2,1,0,
pytorch,pytorch,2026-04-01,closed,NONE,a177b63ce,43,3,1,47,
pytorch,pytorch,2026-04-01,closed,NONE,afa49d59e,78,2,0,,
pytorch,pytorch,2026-04-01,closed,CONTRIBUTOR,ad87dc276,916,7,19,0,
pytorch,pytorch,2026-04-01,closed,CONTRIBUTOR,ad6fd7fed,47,2,3,72,
pytorch,pytorch,2026-04-01,closed,CONTRIBUTOR,ae13b2e40,115,2,0,,
pytorch,pytorch,2026-04-01,closed,NONE,a6a293bc4,8,1,0,,
pytorch,pytorch,2026-04-01,closed,CONTRIBUTOR,a9da25011,99,3,4,7,
pytorch,pytorch,2026-04-01,closed,CONTRIBUTOR,ae13b2e40,2000,6,1,24,
pytorch,pytorch,2026-04-01,open,CONTRIBUTOR,a7816b3c0,121,2,2,237,
pytorch,pytorch,2026-04-01,closed,CONTRIBUTOR,a56222d4e,91,1,4,239,
pytorch,pytorch,2026-04-01,closed,COLLABORATOR,ae5a18ed1,1116,167,1,329,
pytorch,pytorch,2026-04-01,closed,CONTRIBUTOR,ae13b2e40,74,3,1,585,
pytorch,pytorch,2026-04-01,closed,CONTRIBUTOR,ae13b2e40,6058,6,0,,
pytorch,pytorch,2026-04-01,closed,CONTRIBUTOR,add189f6d,17,1,3,0,
pytorch,pytorch,2026-04-01,closed,CONTRIBUTOR,a1c5fc68a,225,2,1,3,
pytorch,pytorch,2026-04-01,closed,CONTRIBUTOR,af46aca0f,614,2,2,3,
pytorch,pytorch,2026-04-01,closed,CONTRIBUTOR,af46aca0f,96,1,1,22,
pytorch,pytorch,2026-04-01,closed,CONTRIBUTOR,ae978efa8,2,1,1,0,
pytorch,pytorch,2026-04-01,closed,CONTRIBUTOR,a3eb9b9cd,56,2,0,,
pytorch,pytorch,2026-04-01,open,NONE,ace84bb13,110,4,1,1577,
pytorch,pytorch,2026-04-01,closed,CONTRIBUTOR,a9da25011,58,2,0,,
pytorch,pytorch,2026-04-01,closed,CONTRIBUTOR,ae13b2e40,1417,8,0,,
pytorch,pytorch,2026-04-01,closed,CONTRIBUTOR,ae13b2e40,673,2,0,,
pytorch,pytorch,2026-04-01,closed,CONTRIBUTOR,a3cb3376b,63,4,0,,
pytorch,pytorch,2026-04-01,closed,CONTRIBUTOR,add189f6d,6,1,1,0,
pytorch,pytorch,2026-04-01,closed,CONTRIBUTOR,add189f6d,83,7,2,0,
pytorch,pytorch,2026-04-01,closed,CONTRIBUTOR,aa24c47f2,27,1,0,,
pytorch,pytorch,2026-04-01,closed,CONTRIBUTOR,adbb98a6d,435,6,7,1,
pytorch,pytorch,2026-04-01,closed,CONTRIBUTOR,acde10e71,2,1,2,0,
pytorch,pytorch,2026-04-01,closed,CONTRIBUTOR,a785abea7,38,3,5,1,
pytorch,pytorch,2026-04-01,closed,COLLABORATOR,aca23f99e,280,2,4,2,
pytorch,pytorch,2026-04-01,closed,CONTRIBUTOR,aabc397c9,178,56,0,,
pytorch,pytorch,2026-04-01,closed,CONTRIBUTOR,a7013d732,37,2,0,,
pytorch,pytorch,2026-04-01,closed,CONTRIBUTOR,a9da25011,85,2,6,0,
pytorch,pytorch,2026-04-01,closed,CONTRIBUTOR,a75c874f8,650,2,2,0,
pytorch,pytorch,2026-04-01,closed,COLLABORATOR,ad655184d,2,1,1,0,
pytorch,pytorch,2026-04-01,closed,CONTRIBUTOR,a3fd57283,8,1,1,16,
pytorch,pytorch,2026-04-01,closed,CONTRIBUTOR,adbb98a6d,2,1,1,11,
pytorch,pytorch,2026-04-01,closed,CONTRIBUTOR,adbb98a6d,5,1,0,,
pytorch,pytorch,2026-04-01,closed,COLLABORATOR,a61b2ad55,56,1,0,,
pytorch,pytorch,2026-04-01,closed,CONTRIBUTOR,aa7e8f030,57,4,0,,
pytorch,pytorch,2026-04-01,closed,COLLABORATOR,af2a53b8f,77,2,5,147,
pytorch,pytorch,2026-04-01,closed,CONTRIBUTOR,ae978efa8,4,2,1,1,
pytorch,pytorch,2026-04-01,closed,CONTRIBUTOR,a6a4c126b,33,2,1,167,
pytorch,pytorch,2026-04-01,closed,CONTRIBUTOR,a69a2a0cd,5,1,0,,
pytorch,pytorch,2026-04-01,closed,CONTRIBUTOR,af188d2fd,2,1,1,1,
pytorch,pytorch,2026-04-01,closed,COLLABORATOR,ad655184d,2,1,1,0,
pytorch,pytorch,2026-04-01,closed,CONTRIBUTOR,a41334601,2,1,1,14,
pytorch,pytorch,2026-04-01,closed,CONTRIBUTOR,a15fd419a,12,1,2,39,
pytorch,pytorch,2026-04-01,closed,CONTRIBUTOR,a7200ca83,17,1,1,0,
pytorch,pytorch,2026-04-01,closed,CONTRIBUTOR,a619ab9b4,2,1,0,,
pytorch,pytorch,2026-04-01,closed,COLLABORATOR,af2a53b8f,109,9,4,226,
pytorch,pytorch,2026-04-01,closed,COLLABORATOR,a72e5ee0e,2,1,1,0,
pytorch,pytorch,2026-04-01,closed,CONTRIBUTOR,affa1f180,231,7,2,3,
pytorch,pytorch,2026-04-01,closed,CONTRIBUTOR,af0d7b6a9,2,1,2,84,
pytorch,pytorch,2026-04-01,closed,CONTRIBUTOR,a740472d6,420,13,3,90,
pytorch,pytorch,2026-04-01,closed,CONTRIBUTOR,a415e187b,6,1,0,,
pytorch,pytorch,2026-04-01,closed,NONE,a1b8c7662,50,3,0,,
pytorch,pytorch,2026-04-01,closed,COLLABORATOR,aaee1c0cd,52,3,2,9,
pytorch,pytorch,2026-04-01,closed,CONTRIBUTOR,a60c85519,2,1,1,3,
pytorch,pytorch,2026-04-01,closed,CONTRIBUTOR,aa22d9d8a,15,2,0,,
pytorch,pytorch,2026-04-01,closed,CONTRIBUTOR,a4300549c,231,2,3,3,
pytorch,pytorch,2026-04-01,closed,CONTRIBUTOR,ab028fbf6,5,3,3,0,
pytorch,pytorch,2026-04-01,closed,CONTRIBUTOR,a41334601,4,1,1,82,
pytorch,pytorch,2026-04-01,closed,NONE,a04439a47,158,14,1,535,
pytorch,pytorch,2026-04-01,closed,CONTRIBUTOR,ae13b2e40,34,1,1,63,
pytorch,pytorch,2026-04-01,closed,CONTRIBUTOR,ae13b2e40,162,5,1,593,
pytorch,pytorch,2026-04-01,closed,NONE,a65e3c899,26,6,5,60,
pytorch,pytorch,2026-04-01,closed,CONTRIBUTOR,add189f6d,28,2,1,3,
pytorch,pytorch,2026-04-01,closed,CONTRIBUTOR,affa1f180,198,50,1,44,
pytorch,pytorch,2026-04-01,closed,CONTRIBUTOR,affa1f180,293,50,1,44,
pytorch,pytorch,2026-04-01,closed,CONTRIBUTOR,a785abea7,335,2,2,0,
pytorch,pytorch,2026-04-01,closed,CONTRIBUTOR,a740472d6,440,8,8,27,
pytorch,pytorch,2026-04-01,closed,NONE,a1b8c7662,36,3,0,,
pytorch,pytorch,2026-04-01,closed,COLLABORATOR,a55d2cdc8,2,1,1,6,
pytorch,pytorch,2026-04-01,closed,CONTRIBUTOR,aa238cb0a,409,17,3,44,
pytorch,pytorch,2026-04-01,closed,CONTRIBUTOR,a6e3e1227,37,3,1,10,
pytorch,pytorch,2026-04-01,closed,COLLABORATOR,afa2d0531,31,4,1,382,
pytorch,pytorch,2026-04-01,closed,COLLABORATOR,afa2d0531,15,1,1,862,
pytorch,pytorch,2026-04-01,closed,CONTRIBUTOR,a0a52b182,3,1,0,,
pytorch,pytorch,2026-04-01,closed,CONTRIBUTOR,a5407fbe6,44,2,1,0,
pytorch,pytorch,2026-04-01,closed,CONTRIBUTOR,ad5f3a79d,115,5,1,16,
pytorch,pytorch,2026-04-01,closed,CONTRIBUTOR,a3eb9b9cd,162,7,0,,
pytorch,pytorch,2026-04-01,closed,CONTRIBUTOR,a949320c3,39,3,3,3,
pytorch,pytorch,2026-04-01,closed,MEMBER,a82fe44ad,10,1,0,,
pytorch,pytorch,2026-04-01,closed,CONTRIBUTOR,aa5e50b47,17,2,10,0,
pytorch,pytorch,2026-04-01,closed,CONTRIBUTOR,a485c6c43,118,3,3,734,
pytorch,pytorch,2026-04-01,closed,CONTRIBUTOR,a715f9ff3,478,2,0,,
pytorch,pytorch,2026-04-01,closed,CONTRIBUTOR,a22d7eedb,38,1,1,1,
pytorch,pytorch,2026-04-01,closed,CONTRIBUTOR,af756c719,90,4,12,52,
pytorch,pytorch,2026-04-01,closed,COLLABORATOR,aa0db6274,16,2,2,135,
pytorch,pytorch,2026-04-01,closed,CONTRIBUTOR,add189f6d,17,3,1,0,
pytorch,pytorch,2026-04-01,closed,COLLABORATOR,acf4dda97,1,1,1,0,
pytorch,pytorch,2026-04-01,open,NONE,abf04f484,105,4,4,14,
pytorch,pytorch,2026-04-01,closed,CONTRIBUTOR,a415e187b,19,2,0,,
pytorch,pytorch,2026-04-01,closed,CONTRIBUTOR,ac12e505b,167,2,3,307,
pytorch,pytorch,2026-04-01,closed,COLLABORATOR,af5bc3743,5,1,2,15,
pytorch,pytorch,2026-04-01,closed,CONTRIBUTOR,a8dc736b2,23,1,1,1,
pytorch,pytorch,2026-04-01,merged,CONTRIBUTOR,ab028fbf6,859,114,1,3,3
pytorch,pytorch,2026-04-01,closed,CONTRIBUTOR,ab7cc3ac7,29,2,2,22,
pytorch,pytorch,2026-04-01,closed,COLLABORATOR,abb677e08,2,1,1,0,
pytorch,pytorch,2026-04-01,closed,CONTRIBUTOR,a642039ad,10,1,0,,
pytorch,pytorch,2026-04-01,closed,COLLABORATOR,a438dfc5e,144,2,1,10,
pytorch,pytorch,2026-04-01,closed,NONE,a0d9637d1,96,2,5,308,
pytorch,pytorch,2026-04-01,closed,CONTRIBUTOR,ab028fbf6,2,1,3,0,
pytorch,pytorch,2026-04-01,closed,COLLABORATOR,a42a7c235,25,2,20,9,
pytorch,pytorch,2026-04-01,closed,CONTRIBUTOR,a260ba1f6,125,3,1,14,
pytorch,pytorch,2026-04-01,closed,CONTRIBUTOR,ab689c736,318,2,4,17,
pytorch,pytorch,2026-04-01,closed,CONTRIBUTOR,a82a494d5,68,2,1,41,
pytorch,pytorch,2026-04-01,closed,CONTRIBUTOR,af2c644b8,70,3,2,542,
pytorch,pytorch,2026-04-01,closed,NONE,a09d28777,2,1,1,77,
pytorch,pytorch,2026-04-01,closed,CONTRIBUTOR,a3fe55b7a,121,5,1,171,
pytorch,pytorch,2026-04-01,closed,CONTRIBUTOR,a35f27e48,22,1,0,,
pytorch,pytorch,2026-04-01,closed,NONE,a4ff807f8,350,2,4,0,
pytorch,pytorch,2026-04-01,closed,CONTRIBUTOR,a9dd2e3c0,48,5,1,1,
pytorch,pytorch,2026-04-01,closed,CONTRIBUTOR,a76060dbc,146,2,0,,
pytorch,pytorch,2026-04-01,closed,CONTRIBUTOR,a4300549c,20,10,0,,
pytorch,pytorch,2026-04-01,closed,CONTRIBUTOR,a740472d6,16,2,1,16,
pytorch,pytorch,2026-04-01,closed,CONTRIBUTOR,ab2ece173,68,2,2,12,
pytorch,pytorch,2026-04-01,closed,CONTRIBUTOR,affa1f180,12,1,3,13,
pytorch,pytorch,2026-04-01,closed,CONTRIBUTOR,a9da25011,49,2,3,29,
pytorch,pytorch,2026-04-01,closed,CONTRIBUTOR,add189f6d,796,7,1,0,
pytorch,pytorch,2026-04-01,closed,CONTRIBUTOR,a7013d732,27,2,0,,
pytorch,pytorch,2026-04-01,closed,COLLABORATOR,a22ea5b25,2,1,2,18,
pytorch,pytorch,2026-04-01,closed,CONTRIBUTOR,ad7ba31c9,3,1,1,1,
pytorch,pytorch,2026-04-01,closed,CONTRIBUTOR,a3fe55b7a,10,1,1,76,
pytorch,pytorch,2026-04-01,closed,CONTRIBUTOR,a8665baf0,60,4,0,,
pytorch,pytorch,2026-04-01,closed,COLLABORATOR,aeac7bc7f,325,38,1,0,
pytorch,pytorch,2026-04-01,closed,CONTRIBUTOR,a740472d6,12,1,1,10,
pytorch,pytorch,2026-04-01,closed,CONTRIBUTOR,a3639c3a4,242,8,10,404,
pytorch,pytorch,2026-04-01,closed,COLLABORATOR,aeac7bc7f,24,1,3,15,
pytorch,pytorch,2026-04-01,closed,COLLABORATOR,aeac7bc7f,58,11,2,6,
pytorch,pytorch,2026-04-01,closed,CONTRIBUTOR,ae13b2e40,404,1,0,,
pytorch,pytorch,2026-04-01,closed,CONTRIBUTOR,a3b73df26,67,2,20,77,
pytorch,pytorch,2026-04-01,closed,COLLABORATOR,a0a5ccaf7,1,1,1,5,
pytorch,pytorch,2026-04-01,closed,CONTRIBUTOR,a8dd56e6a,1076,10,1,0,
pytorch,pytorch,2026-04-01,closed,CONTRIBUTOR,a4300549c,20,10,0,,
pytorch,pytorch,2026-04-01,closed,CONTRIBUTOR,a8dd56e6a,894,6,1,188,
pytorch,pytorch,2026-04-01,closed,MEMBER,a82fe44ad,94,2,1,409,
pytorch,pytorch,2026-04-01,closed,CONTRIBUTOR,adbb98a6d,3,1,2,0,
pytorch,pytorch,2026-04-01,closed,CONTRIBUTOR,a94cbb390,45,2,3,25,
pytorch,pytorch,2026-04-01,closed,CONTRIBUTOR,a4300549c,12,6,1,24,
pytorch,pytorch,2026-04-01,closed,CONTRIBUTOR,a740472d6,60,3,1,0,
pytorch,pytorch,2026-04-01,closed,COLLABORATOR,aeac7bc7f,110,29,2,7,
pytorch,pytorch,2026-04-01,closed,CONTRIBUTOR,abcabcd01,5,1,1,2,
pytorch,pytorch,2026-04-01,closed,CONTRIBUTOR,a8dd56e6a,75,3,0,,
pytorch,pytorch,2026-04-01,closed,CONTRIBUTOR,ab689c736,88,2,2,1,
pytorch,pytorch,2026-04-01,closed,CONTRIBUTOR,a48c2ab3d,1,1,1,0,
pytorch,pytorch,2026-04-01,closed,COLLABORATOR,a438dfc5e,66,3,3,20,
pytorch,pytorch,2026-04-01,closed,COLLABORATOR,a5dc541f5,162,1,0,,
pytorch,pytorch,2026-04-01,closed,NONE,a09d28777,33,4,0,,
pytorch,pytorch,2026-04-01,closed,CONTRIBUTOR,ac1113e98,101,1,2,38,
pytorch,pytorch,2026-04-01,closed,COLLABORATOR,ad655184d,8,2,1,0,
pytorch,pytorch,2026-04-01,closed,NONE,a09d28777,70,1,0,,
pytorch,pytorch,2026-04-01,closed,CONTRIBUTOR,a9da25011,79,3,0,,
pytorch,pytorch,2026-04-01,closed,COLLABORATOR,a0a5ccaf7,9,1,1,143,
pytorch,pytorch,2026-04-01,closed,CONTRIBUTOR,a9da25011,369,5,0,,
pytorch,pytorch,2026-04-01,closed,COLLABORATOR,a6dca6705,99,2,3,32,
pytorch,pytorch,2026-04-01,closed,CONTRIBUTOR,afb62a5b9,197,3,3,10,
pytorch,pytorch,2026-04-01,open,COLLABORATOR,ad19ffe38,37,2,1,6,
pytorch,pytorch,2026-04-01,closed,CONTRIBUTOR,ab9fc4641,92,2,0,,
pytorch,pytorch,2026-04-01,closed,CONTRIBUTOR,a6002df3d,1,1,1,1,
pytorch,pytorch,2026-04-01,closed,CONTRIBUTOR,af46aca0f,65,3,1,3,
pytorch,pytorch,2026-04-01,closed,CONTRIBUTOR,ab9fc4641,2,1,0,,
pytorch,pytorch,2026-04-01,closed,COLLABORATOR,a9e5e9c6e,2,1,0,,
pytorch,pytorch,2026-04-01,open,CONTRIBUTOR,a785abea7,270,13,0,,
pytorch,pytorch,2026-04-01,closed,CONTRIBUTOR,a18c03ea5,47,2,1,16,
pytorch,pytorch,2026-04-01,closed,CONTRIBUTOR,ae13b2e40,324,1,0,,
pytorch,pytorch,2026-04-01,closed,CONTRIBUTOR,ae13b2e40,3429,6,0,,
pytorch,pytorch,2026-04-01,closed,CONTRIBUTOR,a9da25011,619,15,0,,
pytorch,pytorch,2026-04-01,closed,CONTRIBUTOR,ab2ece173,55,1,1,0,
pytorch,pytorch,2026-04-01,closed,COLLABORATOR,af82578ec,224,3,7,37,
pytorch,pytorch,2026-04-01,closed,CONTRIBUTOR,a70909928,466,5,2,2,
pytorch,pytorch,2026-04-01,closed,CONTRIBUTOR,a8dd56e6a,11,1,0,,
pytorch,pytorch,2026-04-01,closed,NONE,a8cd5efa9,774,9,9,100,
pytorch,pytorch,2026-04-01,closed,CONTRIBUTOR,a740472d6,43,1,1,2,
pytorch,pytorch,2026-04-01,closed,CONTRIBUTOR,a4300549c,16,8,1,2,
pytorch,pytorch,2026-04-01,closed,CONTRIBUTOR,ae13b2e40,784,5,2,92,
pytorch,pytorch,2026-04-01,closed,CONTRIBUTOR,a6e3e1227,144,2,1,3,
pytorch,pytorch,2026-04-01,merged,COLLABORATOR,abb677e08,391,7,1,1,1
pytorch,pytorch,2026-04-01,closed,CONTRIBUTOR,affa1f180,7,1,1,0,
pytorch,pytorch,2026-04-01,closed,COLLABORATOR,a22ea5b25,9,1,1,16,
pytorch,pytorch,2026-04-01,open,CONTRIBUTOR,af6b92c86,4,2,5,1280,
pytorch,pytorch,2026-04-01,closed,CONTRIBUTOR,a4300549c,18,7,1,7,
pytorch,pytorch,2026-04-01,closed,CONTRIBUTOR,a9cbfda2e,51,3,1,11,
pytorch,pytorch,2026-04-01,closed,COLLABORATOR,ab80641ee,146,5,2,302,
pytorch,pytorch,2026-04-01,closed,CONTRIBUTOR,a8dd56e6a,30,15,1,4,
pytorch,pytorch,2026-04-01,closed,NONE,aea2cfd93,15,2,1,510,
pytorch,pytorch,2026-04-01,closed,COLLABORATOR,a4a94000b,195,2,5,72,
pytorch,pytorch,2026-04-01,closed,CONTRIBUTOR,a8dd56e6a,10,1,0,,
pytorch,pytorch,2026-04-01,closed,NONE,aadfa340e,7,1,0,,
pytorch,pytorch,2026-04-01,closed,CONTRIBUTOR,a8dd56e6a,14,1,1,0,
pytorch,pytorch,2026-04-01,closed,CONTRIBUTOR,aa238cb0a,2,1,2,0,
pytorch,pytorch,2026-04-01,closed,CONTRIBUTOR,ab1d51659,4,1,1,403,
pytorch,pytorch,2026-04-01,closed,CONTRIBUTOR,ab028fbf6,4,1,1,0,
pytorch,pytorch,2026-04-01,closed,CONTRIBUTOR,ae13b2e40,298,2,0,,
pytorch,pytorch,2026-04-01,closed,CONTRIBUTOR,ae13b2e40,300,3,0,,
pytorch,pytorch,2026-04-01,closed,COLLABORATOR,afa2d0531,78,2,1,69,
pytorch,pytorch,2026-04-01,closed,NONE,a924273ea,2,1,0,,
pytorch,pytorch,2026-04-01,closed,NONE,a983b6cd1,2,1,2,6,
pytorch,pytorch,2026-04-01,closed,NONE,ab4ae335d,7,1,0,,
pytorch,pytorch,2026-04-01,closed,CONTRIBUTOR,ad15da9c3,102,2,8,42,
pytorch,pytorch,2026-04-01,closed,CONTRIBUTOR,add189f6d,42,2,0,,
pytorch,pytorch,2026-04-01,closed,CONTRIBUTOR,add189f6d,125,6,1,5,
pytorch,pytorch,2026-04-01,closed,CONTRIBUTOR,ab028fbf6,10,2,3,2,
pytorch,pytorch,2026-04-01,closed,COLLABORATOR,a438dfc5e,1428,4,2,0,
pytorch,pytorch,2026-04-01,open,CONTRIBUTOR,af0d7b6a9,174,3,3,0,
pytorch,pytorch,2026-04-01,closed,CONTRIBUTOR,a7566e774,12,2,0,,
pytorch,pytorch,2026-04-01,closed,COLLABORATOR,ad655184d,2,1,1,0,
pytorch,pytorch,2026-04-01,merged,COLLABORATOR,abb677e08,10,2,1,6,6
pytorch,pytorch,2026-04-01,closed,CONTRIBUTOR,a8dd56e6a,4,1,0,,
pytorch,pytorch,2026-04-01,closed,CONTRIBUTOR,ab028fbf6,4,1,0,,
pytorch,pytorch,2026-04-01,closed,COLLABORATOR,ab06db1d7,1,1,2,26,
pytorch,pytorch,2026-04-01,closed,CONTRIBUTOR,a15fd419a,3,1,0,,
pytorch,pytorch,2026-04-01,closed,CONTRIBUTOR,a18c03ea5,133,7,1,5,
pytorch,pytorch,2026-04-01,closed,CONTRIBUTOR,ae694845a,74,1,0,,
pytorch,pytorch,2026-04-01,closed,CONTRIBUTOR,ad5f3a79d,25,2,1,1,
pytorch,pytorch,2026-04-01,closed,COLLABORATOR,af5bc3743,107,2,0,,
pytorch,pytorch,2026-04-01,closed,NONE,a87f92262,27,1,4,48,
pytorch,pytorch,2026-05-01,closed,CONTRIBUTOR,add189f6d,408,4,1,0,
pytorch,pytorch,2026-05-01,closed,CONTRIBUTOR,a004d4d9a,27,1,2,5,
pytorch,pytorch,2026-05-01,closed,CONTRIBUTOR,af756c719,670,9,15,180,
pytorch,pytorch,2026-05-01,closed,CONTRIBUTOR,a4300549c,4,2,2,6,
pytorch,pytorch,2026-05-01,closed,CONTRIBUTOR,a1c5fc68a,3524,52,0,,
pytorch,pytorch,2026-05-01,closed,CONTRIBUTOR,a1c5fc68a,56,3,1,0,
pytorch,pytorch,2026-05-01,closed,CONTRIBUTOR,a740472d6,102,48,2,20,
pytorch,pytorch,2026-05-01,closed,CONTRIBUTOR,a9da25011,65,1,2,91,
pytorch,pytorch,2026-05-01,closed,CONTRIBUTOR,a740472d6,19,4,3,70,
pytorch,pytorch,2026-05-01,closed,NONE,adf6264fe,29,2,0,,
pytorch,pytorch,2026-05-01,closed,COLLABORATOR,a8b0d2ff6,3,1,1,779,
pytorch,pytorch,2026-05-01,closed,CONTRIBUTOR,a41334601,8,1,8,0,
pytorch,pytorch,2026-05-01,closed,NONE,a4100ad45,307,7,17,33,
pytorch,pytorch,2026-05-01,closed,CONTRIBUTOR,a4300549c,2,1,1,4,
pytorch,pytorch,2026-05-01,closed,CONTRIBUTOR,ab2ece173,151,4,3,0,
pytorch,pytorch,2026-05-01,closed,CONTRIBUTOR,a9cbfda2e,59,2,0,,
pytorch,pytorch,2026-05-01,closed,COLLABORATOR,afa2d0531,2,1,1,27,
pytorch,pytorch,2026-05-01,closed,CONTRIBUTOR,aa2ce5771,51,4,3,54,
pytorch,pytorch,2026-05-01,closed,CONTRIBUTOR,a642039ad,20,5,7,0,
pytorch,pytorch,2026-05-01,merged,CONTRIBUTOR,add189f6d,22,2,1,0,2
pytorch,pytorch,2026-05-01,closed,CONTRIBUTOR,aa9ac2ea5,245,10,0,,
pytorch,pytorch,2026-05-01,closed,CONTRIBUTOR,a4300549c,11,1,1,44,
pytorch,pytorch,2026-05-01,closed,CONTRIBUTOR,a554ec844,1562,2,4,244,
pytorch,pytorch,2026-05-01,closed,CONTRIBUTOR,a56222d4e,1710,5,0,,
pytorch,pytorch,2026-05-01,closed,CONTRIBUTOR,a41334601,9,1,0,,
pytorch,pytorch,2026-05-01,closed,CONTRIBUTOR,ab9bff0e8,26,3,2,46,
pytorch,pytorch,2026-05-01,closed,COLLABORATOR,a5dc541f5,1617,13,1,44,
pytorch,pytorch,2026-05-01,closed,CONTRIBUTOR,ab028fbf6,8,1,1,0,
pytorch,pytorch,2026-05-01,closed,NONE,af0c2927a,530,11,18,52,
pytorch,pytorch,2026-05-01,closed,CONTRIBUTOR,add189f6d,25,2,3,0,
pytorch,pytorch,2026-05-01,closed,NONE,a0211fc38,104,1,0,,
pytorch,pytorch,2026-05-01,closed,NONE,aab0e5574,35,2,0,,
pytorch,pytorch,2026-05-01,closed,CONTRIBUTOR,af17761a6,103,4,0,,
pytorch,pytorch,2026-05-01,closed,CONTRIBUTOR,a9f31ddc9,17,2,1,37,
pytorch,pytorch,2026-05-01,closed,CONTRIBUTOR,a3639c3a4,51,3,3,23,
pytorch,pytorch,2026-05-01,open,COLLABORATOR,ace78b27b,97,2,6,0,
pytorch,pytorch,2026-05-01,closed,COLLABORATOR,aacca3d11,16,1,4,1,
pytorch,pytorch,2026-05-01,closed,CONTRIBUTOR,ae13b2e40,929,5,1,24,
pytorch,pytorch,2026-05-01,closed,CONTRIBUTOR,a0a9962e9,751,2,6,22,
pytorch,pytorch,2026-05-01,closed,NONE,a33baf777,103,2,1,308,
pytorch,pytorch,2026-05-01,open,NONE,aaeaf8407,14,2,0,,
pytorch,pytorch,2026-05-01,closed,CONTRIBUTOR,a9ae45347,93,1,1,14,
pytorch,pytorch,2026-05-01,closed,CONTRIBUTOR,a3cb3376b,7,2,2,16,
pytorch,pytorch,2026-05-01,closed,COLLABORATOR,a4a94000b,73,2,1,127,
pytorch,pytorch,2026-05-01,closed,CONTRIBUTOR,a642039ad,23,1,2,0,
pytorch,pytorch,2026-05-01,open,CONTRIBUTOR,a027dd057,8,1,5,0,
pytorch,pytorch,2026-05-01,closed,CONTRIBUTOR,acd332531,760,2,1,21,
pytorch,pytorch,2026-05-01,closed,CONTRIBUTOR,a3552c582,9,1,0,,
pytorch,pytorch,2026-05-01,closed,CONTRIBUTOR,a619ab9b4,24,2,0,,
pytorch,pytorch,2026-05-01,closed,CONTRIBUTOR,a740472d6,555,7,2,4,
pytorch,pytorch,2026-05-01,closed,CONTRIBUTOR,a41334601,13,1,1,16,
pytorch,pytorch,2026-05-01,closed,CONTRIBUTOR,a41334601,54,2,2,16,
pytorch,pytorch,2026-05-01,closed,MEMBER,a846e2bc0,3325,46,16,237,
pytorch,pytorch,2026-05-01,closed,NONE,a0e1ba99d,65,2,4,19,
pytorch,pytorch,2026-05-01,closed,CONTRIBUTOR,affa1f180,7,2,2,38,
pytorch,pytorch,2026-05-01,closed,CONTRIBUTOR,ae13b2e40,20,1,0,,
pytorch,pytorch,2026-05-01,open,COLLABORATOR,aeac7bc7f,203,53,3,12,
pytorch,pytorch,2026-05-01,closed,CONTRIBUTOR,a99b14f07,4,1,2,275,
pytorch,pytorch,2026-05-01,closed,CONTRIBUTOR,a996e38e1,60,2,2,12,
pytorch,pytorch,2026-05-01,closed,CONTRIBUTOR,a6e3e1227,135,3,2,5,
pytorch,pytorch,2026-05-01,closed,CONTRIBUTOR,add189f6d,34,3,1,8,
pytorch,pytorch,2026-05-01,closed,CONTRIBUTOR,aefbfb7dc,8,1,0,,
pytorch,pytorch,2026-05-01,closed,NONE,a46a34ac4,0,0,0,,
pytorch,pytorch,2026-05-01,closed,CONTRIBUTOR,af756c719,687,4,6,172,
pytorch,pytorch,2026-05-01,closed,CONTRIBUTOR,add189f6d,2,1,0,,
pytorch,pytorch,2026-05-01,closed,CONTRIBUTOR,a05331277,403,4,0,,
pytorch,pytorch,2026-05-01,closed,CONTRIBUTOR,ae7439664,21,2,1,98,
pytorch,pytorch,2026-05-01,closed,CONTRIBUTOR,add189f6d,31,2,3,0,
pytorch,pytorch,2026-05-01,closed,MEMBER,a846e2bc0,3,2,1,267,
pytorch,pytorch,2026-05-01,closed,CONTRIBUTOR,a9dd2e3c0,2226,9,4,169,
pytorch,pytorch,2026-05-01,closed,CONTRIBUTOR,a4a7112ad,819,2,1,18,
pytorch,pytorch,2026-05-01,closed,CONTRIBUTOR,a41334601,127,1,2,20,
pytorch,pytorch,2026-05-01,closed,COLLABORATOR,a8fb04369,43,3,0,,
pytorch,pytorch,2026-05-01,closed,COLLABORATOR,a075d3ab3,87,3,1,14,
pytorch,pytorch,2026-05-01,open,CONTRIBUTOR,a5203c7cd,24,5,4,1,
pytorch,pytorch,2026-05-01,closed,CONTRIBUTOR,a790919a1,12,1,1,5,
pytorch,pytorch,2026-05-01,closed,CONTRIBUTOR,a740472d6,22,2,2,8,
pytorch,pytorch,2026-05-01,open,CONTRIBUTOR,a8dd56e6a,83,2,2,105,
pytorch,pytorch,2026-05-01,closed,CONTRIBUTOR,a0db1f58a,9,1,3,0,
pytorch,pytorch,2026-05-01,closed,COLLABORATOR,a6b8aa871,112,43,40,652,
pytorch,pytorch,2026-05-01,closed,CONTRIBUTOR,a76060dbc,61,2,3,1,
pytorch,pytorch,2026-05-01,closed,CONTRIBUTOR,ae13b2e40,427,4,0,,
pytorch,pytorch,2026-05-01,closed,CONTRIBUTOR,affa1f180,71,4,1,1,
pytorch,pytorch,2026-05-01,closed,CONTRIBUTOR,affa1f180,324,17,1,20,
pytorch,pytorch,2026-05-01,closed,CONTRIBUTOR,affa1f180,57,4,1,17,
pytorch,pytorch,2026-05-01,closed,COLLABORATOR,a72e5ee0e,41,3,0,,
pytorch,pytorch,2026-05-01,closed,CONTRIBUTOR,add189f6d,208,6,1,18,
pytorch,pytorch,2026-05-01,closed,COLLABORATOR,a1674399b,13,1,3,52,
pytorch,pytorch,2026-05-01,closed,CONTRIBUTOR,a8dc736b2,168,3,1,467,
pytorch,pytorch,2026-05-01,closed,CONTRIBUTOR,ae13b2e40,172,3,0,,
pytorch,pytorch,2026-05-01,closed,CONTRIBUTOR,ae13b2e40,59,2,0,,
pytorch,pytorch,2026-05-01,closed,CONTRIBUTOR,a9176e614,397,5,0,,
pytorch,pytorch,2026-05-01,closed,CONTRIBUTOR,ae13b2e40,71,6,4,72,
pytorch,pytorch,2026-05-01,closed,NONE,a3ec6974d,4,2,2,37,
pytorch,pytorch,2026-05-01,closed,NONE,ac6d0a80f,0,1,0,,
pytorch,pytorch,2026-05-01,closed,CONTRIBUTOR,a642039ad,1,1,0,,
pytorch,pytorch,2026-05-01,closed,CONTRIBUTOR,a642039ad,2,1,0,,
pytorch,pytorch,2026-05-01,closed,CONTRIBUTOR,a642039ad,4,4,0,,
pytorch,pytorch,2026-05-01,closed,CONTRIBUTOR,a642039ad,2,2,0,,
pytorch,pytorch,2026-05-01,closed,CONTRIBUTOR,a642039ad,2,2,0,,
pytorch,pytorch,2026-05-01,closed,CONTRIBUTOR,a642039ad,2,2,0,,
pytorch,pytorch,2026-05-01,closed,CONTRIBUTOR,a642039ad,1,1,0,,
pytorch,pytorch,2026-05-01,closed,CONTRIBUTOR,a642039ad,1,1,0,,
pytorch,pytorch,2026-05-01,closed,CONTRIBUTOR,a642039ad,2,1,0,,
pytorch,pytorch,2026-05-01,closed,CONTRIBUTOR,a642039ad,1,1,0,,
pytorch,pytorch,2026-05-01,closed,CONTRIBUTOR,a642039ad,2,2,0,,
pytorch,pytorch,2026-05-01,closed,CONTRIBUTOR,a642039ad,1398,2,0,,
pytorch,pytorch,2026-05-01,closed,CONTRIBUTOR,a642039ad,1398,2,0,,
pytorch,pytorch,2026-05-01,closed,CONTRIBUTOR,a642039ad,1398,2,0,,
pytorch,pytorch,2026-05-01,closed,COLLABORATOR,abfbbfb4a,6,2,0,,
pytorch,pytorch,2026-05-01,closed,CONTRIBUTOR,a42b39f4e,105,2,10,0,
pytorch,pytorch,2026-05-01,closed,NONE,ad86a78f1,7,2,1,266,
pytorch,pytorch,2026-05-01,closed,COLLABORATOR,af5bc3743,1375,4,2,31,
pytorch,pytorch,2026-05-01,closed,CONTRIBUTOR,ab028fbf6,387,7,0,,
pytorch,pytorch,2026-05-01,closed,CONTRIBUTOR,a642039ad,1,1,0,,
pytorch,pytorch,2026-05-01,closed,CONTRIBUTOR,a642039ad,1,1,0,,
pytorch,pytorch,2026-05-01,open,NONE,a5a78b0cd,4,2,2,2,
pytorch,pytorch,2026-05-01,closed,CONTRIBUTOR,a642039ad,2,1,0,,
pytorch,pytorch,2026-05-01,closed,CONTRIBUTOR,a35f27e48,138,2,5,2,
pytorch,pytorch,2026-05-01,open,CONTRIBUTOR,a51589af0,131,3,1,41,
pytorch,pytorch,2026-05-01,closed,COLLABORATOR,a22ea5b25,1,1,2,0,
pytorch,pytorch,2026-05-01,closed,NONE,a310a93fb,44,2,2,18,
pytorch,pytorch,2026-05-01,closed,CONTRIBUTOR,aa0629a5f,6,2,0,,
pytorch,pytorch,2026-05-01,closed,COLLABORATOR,aec11290e,31,1,1,1,
pytorch,pytorch,2026-05-01,closed,CONTRIBUTOR,a6002df3d,40,1,2,18,
pytorch,pytorch,2026-05-01,closed,CONTRIBUTOR,add189f6d,55,1,2,20,
pytorch,pytorch,2026-05-01,closed,CONTRIBUTOR,a60c85519,59,3,2,10,
pytorch,pytorch,2026-05-01,closed,CONTRIBUTOR,ae9a62bd5,197,4,7,14,
pytorch,pytorch,2026-05-01,closed,CONTRIBUTOR,a740472d6,1380,5,1,11,
pytorch,pytorch,2026-05-01,closed,COLLABORATOR,af5bc3743,1,1,1,39,
pytorch,pytorch,2026-05-01,closed,CONTRIBUTOR,add189f6d,233,3,1,0,
pytorch,pytorch,2026-05-01,closed,CONTRIBUTOR,a15fd419a,50,1,0,,
pytorch,pytorch,2026-05-01,closed,CONTRIBUTOR,a3a310340,67,2,6,33,
pytorch,pytorch,2026-05-01,closed,CONTRIBUTOR,a35f27e48,7,1,1,1,
pytorch,pytorch,2026-05-01,closed,COLLABORATOR,af2a53b8f,243,2,2,76,
pytorch,pytorch,2026-05-01,closed,COLLABORATOR,a5dc541f5,57,2,3,333,
pytorch,pytorch,2026-05-01,closed,COLLABORATOR,af5bc3743,25,2,3,225,
pytorch,pytorch,2026-05-01,closed,CONTRIBUTOR,aa4531601,29,3,1,33,
pytorch,pytorch,2026-05-01,closed,CONTRIBUTOR,ae9a62bd5,179,4,2,1,
pytorch,pytorch,2026-05-01,closed,CONTRIBUTOR,ae9a62bd5,961,12,4,4,
pytorch,pytorch,2026-05-01,closed,COLLABORATOR,a2891e340,76,1,0,,
pytorch,pytorch,2026-05-01,closed,NONE,a983b6cd1,5,1,1,4,
pytorch,pytorch,2026-05-01,open,CONTRIBUTOR,a8dd56e6a,71,2,1,699,
pytorch,pytorch,2026-05-01,closed,CONTRIBUTOR,a8dd56e6a,3,1,0,,
pytorch,pytorch,2026-05-01,closed,CONTRIBUTOR,a619ab9b4,2,1,0,,
pytorch,pytorch,2026-05-01,closed,CONTRIBUTOR,a6e3e1227,11,2,3,170,
pytorch,pytorch,2026-05-01,closed,MEMBER,a846e2bc0,2425,28,2,173,
pytorch,pytorch,2026-05-01,closed,NONE,adb7ac2e7,104,4,2,204,
pytorch,pytorch,2026-05-01,closed,COLLABORATOR,a22ea5b25,1,1,3,0,
pytorch,pytorch,2026-05-01,closed,COLLABORATOR,a1674399b,60,2,2,1,
pytorch,pytorch,2026-05-01,closed,CONTRIBUTOR,ae7a7efe1,21,2,3,0,
pytorch,pytorch,2026-05-01,closed,COLLABORATOR,a6dca6705,1331,19,0,,
pytorch,pytorch,2026-05-01,closed,CONTRIBUTOR,a3552c582,67,1,2,5,
pytorch,pytorch,2026-05-01,closed,CONTRIBUTOR,a94cbb390,70,5,1,1,
pytorch,pytorch,2026-05-01,closed,CONTRIBUTOR,a94cbb390,182,4,7,159,
pytorch,pytorch,2026-05-01,closed,COLLABORATOR,a6cfb0643,2,1,1,0,
pytorch,pytorch,2026-05-01,closed,NONE,a6c95d967,8,1,1,15,
pytorch,pytorch,2026-05-01,closed,CONTRIBUTOR,a94cbb390,124,5,1,154,
pytorch,pytorch,2026-05-01,closed,NONE,a85f33a1e,6,1,1,4,
pytorch,pytorch,2026-05-01,closed,COLLABORATOR,a821316f3,8,1,1,0,
pytorch,pytorch,2026-05-01,closed,COLLABORATOR,a2891e340,64,1,4,117,
pytorch,pytorch,2026-05-01,closed,CONTRIBUTOR,a94cbb390,369,16,4,102,
pytorch,pytorch,2026-05-01,closed,NONE,a8ff203a0,1041,10,0,,
pytorch,pytorch,2026-05-01,closed,COLLABORATOR,a72e5ee0e,72,1,7,8,
pytorch,pytorch,2026-05-01,closed,COLLABORATOR,a72e5ee0e,55,4,7,7,
pytorch,pytorch,2026-05-01,closed,COLLABORATOR,a72e5ee0e,14,1,1,7,
pytorch,pytorch,2026-05-01,closed,CONTRIBUTOR,a8d08e6f1,176,1,1,7,
pytorch,pytorch,2026-05-01,closed,CONTRIBUTOR,a85f33a1e,30,1,0,,
pytorch,pytorch,2026-05-01,closed,CONTRIBUTOR,a5780502f,49,2,1,5,
pytorch,pytorch,2026-05-01,closed,CONTRIBUTOR,af991746b,1,1,2,16,
pytorch,pytorch,2026-05-01,closed,CONTRIBUTOR,a2a1fdf41,440,9,8,0,
pytorch,pytorch,2026-05-01,closed,CONTRIBUTOR,a53ec7ccb,2,1,1,13,
pytorch,pytorch,2026-05-01,closed,COLLABORATOR,ac8c0369e,340,8,8,13,
pytorch,pytorch,2026-05-01,closed,CONTRIBUTOR,a129b25d4,809577,3000,1,1,
pytorch,pytorch,2026-05-01,closed,CONTRIBUTOR,ae9a62bd5,93,4,5,193,
pytorch,pytorch,2026-05-01,closed,CONTRIBUTOR,ae9a62bd5,927,15,50,0,
pytorch,pytorch,2026-05-01,closed,CONTRIBUTOR,a94cbb390,38,2,0,,
pytorch,pytorch,2026-05-01,closed,CONTRIBUTOR,a94cbb390,109,5,3,155,
pytorch,pytorch,2026-05-01,closed,CONTRIBUTOR,a3b8c9426,9,2,6,32,
pytorch,pytorch,2026-05-01,closed,COLLABORATOR,af3baceb6,391,1,1,112,
pytorch,pytorch,2026-05-01,closed,COLLABORATOR,a438dfc5e,17,2,1,3,
pytorch,pytorch,2026-05-01,closed,NONE,a8cd5efa9,10,1,1,61,
pytorch,pytorch,2026-05-01,closed,CONTRIBUTOR,a94cbb390,163,2,0,,
pytorch,pytorch,2026-05-01,open,COLLABORATOR,a2891e340,88,1,7,93,
pytorch,pytorch,2026-05-01,closed,CONTRIBUTOR,a94cbb390,62,2,1,340,
pytorch,pytorch,2026-05-01,closed,CONTRIBUTOR,add189f6d,68,18,2,23,
pytorch,pytorch,2026-05-01,closed,COLLABORATOR,afb18a590,3,1,1,22,
pytorch,pytorch,2026-05-01,closed,CONTRIBUTOR,a44c0ded0,448,2,2,0,
pytorch,pytorch,2026-05-01,closed,CONTRIBUTOR,a2acce05e,269,5,0,,
pytorch,pytorch,2026-05-01,closed,CONTRIBUTOR,a5d99be21,348,2,7,79,
pytorch,pytorch,2026-05-01,closed,CONTRIBUTOR,aa24c47f2,2,1,1,19,
pytorch,pytorch,2026-05-01,closed,CONTRIBUTOR,a94cbb390,31,2,1,38,
pytorch,pytorch,2026-05-01,closed,CONTRIBUTOR,a94cbb390,131,3,3,87,
pytorch,pytorch,2026-05-01,closed,CONTRIBUTOR,a3eb9b9cd,50,2,1,12,
pytorch,pytorch,2026-05-01,closed,CONTRIBUTOR,a94cbb390,111,2,1,131,
pytorch,pytorch,2026-05-01,closed,CONTRIBUTOR,a94cbb390,71,1,1,159,
pytorch,pytorch,2026-05-01,closed,CONTRIBUTOR,a94cbb390,86,4,2,24,
pytorch,pytorch,2026-05-01,closed,NONE,ad53c42a1,1,1,2,0,
pytorch,pytorch,2026-05-01,closed,CONTRIBUTOR,add189f6d,862,3,1,20,
pytorch,pytorch,2026-05-01,closed,CONTRIBUTOR,a94cbb390,258,3,1,238,
pytorch,pytorch,2026-05-01,closed,CONTRIBUTOR,a94cbb390,296,2,6,30,
pytorch,pytorch,2026-05-01,open,NONE,a7d3a6f16,20,2,1,61,
pytorch,pytorch,2026-05-01,closed,CONTRIBUTOR,ae13b2e40,72,1,1,907,
pytorch,pytorch,2026-05-01,closed,CONTRIBUTOR,a94cbb390,79,4,1,116,
pytorch,pytorch,2026-05-01,closed,NONE,a157fb011,101872,1186,2,204,
pytorch,pytorch,2026-05-01,closed,CONTRIBUTOR,a94cbb390,88,3,4,106,
pytorch,pytorch,2026-05-01,closed,CONTRIBUTOR,a94cbb390,998,4,14,295,
pytorch,pytorch,2026-05-01,closed,CONTRIBUTOR,a94cbb390,110,3,4,26,
pytorch,pytorch,2026-05-01,closed,CONTRIBUTOR,a94cbb390,485,2,1,596,
pytorch,pytorch,2026-05-01,closed,CONTRIBUTOR,a94cbb390,807,2,1,26,
pytorch,pytorch,2026-05-01,closed,COLLABORATOR,aeac7bc7f,9,2,3,4,
pytorch,pytorch,2026-05-01,closed,CONTRIBUTOR,a94cbb390,465,13,2,367,
pytorch,pytorch,2026-05-01,closed,CONTRIBUTOR,a3b73df26,21,2,4,16,
pytorch,pytorch,2026-05-01,closed,CONTRIBUTOR,a8dd56e6a,241,4,4,27,
pytorch,pytorch,2026-05-01,closed,CONTRIBUTOR,a94cbb390,52,2,2,558,
pytorch,pytorch,2026-05-01,closed,CONTRIBUTOR,afb62a5b9,70,2,1,13,
pytorch,pytorch,2026-05-01,closed,CONTRIBUTOR,a94cbb390,128,4,4,11,
pytorch,pytorch,2026-05-01,closed,COLLABORATOR,a2891e340,470,1,17,22,
pytorch,pytorch,2026-05-01,closed,COLLABORATOR,a2891e340,685,1,6,22,
pytorch,pytorch,2026-05-01,closed,CONTRIBUTOR,a4300549c,10,3,1,22,
pytorch,pytorch,2026-05-01,closed,CONTRIBUTOR,af756c719,1744,8,13,0,
pytorch,pytorch,2026-05-01,closed,CONTRIBUTOR,a182e8abd,384,8,11,1,
pytorch,pytorch,2026-05-01,closed,CONTRIBUTOR,a785abea7,106,3,4,8,
pytorch,pytorch,2026-05-01,closed,COLLABORATOR,a438dfc5e,30,2,1,5,
pytorch,pytorch,2026-05-01,closed,CONTRIBUTOR,a94cbb390,43,1,3,16,
pytorch,pytorch,2026-05-01,closed,CONTRIBUTOR,a94cbb390,197,8,1,18,
pytorch,pytorch,2026-05-01,closed,CONTRIBUTOR,af46aca0f,367,11,0,,
pytorch,pytorch,2026-05-01,closed,NONE,a6f738407,33,2,0,,
pytorch,pytorch,2026-05-01,closed,CONTRIBUTOR,a94cbb390,129,2,1,8,
pytorch,pytorch,2026-05-01,open,COLLABORATOR,a4a94000b,729,6,21,74,
pytorch,pytorch,2026-05-01,closed,CONTRIBUTOR,a8dd56e6a,1103,4,11,60,
pytorch,pytorch,2026-05-01,closed,COLLABORATOR,acf4dda97,42,1,1,0,
pytorch,pytorch,2026-05-01,closed,CONTRIBUTOR,a642039ad,36,2,1,0,
pytorch,pytorch,2026-05-01,closed,NONE,ad8a0d2b6,179,7,4,222,
pytorch,pytorch,2026-05-01,closed,CONTRIBUTOR,add189f6d,86,5,2,2,
pytorch,pytorch,2026-05-01,closed,CONTRIBUTOR,a7cd5697e,48,5,0,,
pytorch,pytorch,2026-05-01,closed,CONTRIBUTOR,a41334601,4,1,3,1,
pytorch,pytorch,2026-05-01,closed,COLLABORATOR,a894ad41b,387,5,4,18,
pytorch,pytorch,2026-05-01,closed,COLLABORATOR,aeac7bc7f,15,2,3,13,
pytorch,pytorch,2026-05-01,closed,CONTRIBUTOR,a32ae4a6b,10,1,1,2,
pytorch,pytorch,2026-05-01,closed,NONE,a12fe5ed7,40,3,0,,
pytorch,pytorch,2026-05-01,closed,CONTRIBUTOR,a785abea7,1049,9,1,8,
pytorch,pytorch,2026-05-01,closed,COLLABORATOR,a438dfc5e,83,5,3,373,
pytorch,pytorch,2026-05-01,closed,CONTRIBUTOR,a0aaadb1e,26235,467,2,8,
pytorch,pytorch,2026-05-01,closed,CONTRIBUTOR,a94cbb390,47,2,1,9,
pytorch,pytorch,2026-05-01,closed,CONTRIBUTOR,a94cbb390,233,4,1,27,
pytorch,pytorch,2026-05-01,closed,CONTRIBUTOR,a94cbb390,75,4,3,460,
pytorch,pytorch,2026-05-01,closed,CONTRIBUTOR,a94cbb390,66,3,4,31,
pytorch,pytorch,2026-05-01,open,COLLABORATOR,a1365976f,1363,7,22,22,
pytorch,pytorch,2026-05-01,closed,CONTRIBUTOR,a94cbb390,189,4,1,174,
pytorch,pytorch,2026-05-01,closed,CONTRIBUTOR,a740472d6,5966,8,0,,
pytorch,pytorch,2026-05-01,closed,CONTRIBUTOR,a94cbb390,264,6,1,117,
pytorch,pytorch,2026-05-01,closed,CONTRIBUTOR,a740472d6,48,7,2,18,
pytorch,pytorch,2026-05-01,closed,COLLABORATOR,ace78b27b,63,3,1,17,
pytorch,pytorch,2026-05-01,open,CONTRIBUTOR,a94cbb390,97,3,2,453,
pytorch,pytorch,2026-05-01,closed,COLLABORATOR,aeac7bc7f,107,10,1,0,
pytorch,pytorch,2026-05-01,closed,COLLABORATOR,aeac7bc7f,5,1,1,200,
pytorch,pytorch,2026-05-01,open,CONTRIBUTOR,a36c23880,41,2,6,11,
pytorch,pytorch,2026-05-01,closed,CONTRIBUTOR,a94cbb390,76,5,0,,
pytorch,pytorch,2026-05-01,closed,CONTRIBUTOR,a94cbb390,617,8,1,147,
pytorch,pytorch,2026-05-01,closed,CONTRIBUTOR,a8c638ecf,7,1,1,290,
pytorch,pytorch,2026-05-01,closed,CONTRIBUTOR,afb62a5b9,6,1,2,0,
pytorch,pytorch,2026-05-01,closed,CONTRIBUTOR,a6e3e1227,40,2,0,,
pytorch,pytorch,2026-05-01,closed,CONTRIBUTOR,a6e3e1227,249,1,0,,
pytorch,pytorch,2026-05-01,closed,CONTRIBUTOR,a6e3e1227,40,2,1,26,
pytorch,pytorch,2026-05-01,closed,CONTRIBUTOR,a6e3e1227,1228,12,4,168,
pytorch,pytorch,2026-05-01,open,CONTRIBUTOR,a7013d732,53,2,9,1,
pytorch,pytorch,2026-05-01,closed,CONTRIBUTOR,add189f6d,1133,12,1,0,
pytorch,pytorch,2026-05-01,closed,CONTRIBUTOR,a94cbb390,890,4,0,,
pytorch,pytorch,2026-05-01,closed,CONTRIBUTOR,a740472d6,372,4,1,27,
pytorch,pytorch,2026-05-01,closed,NONE,aa44aa340,107,2,9,0,
pytorch,pytorch,2026-05-01,closed,NONE,a972dea71,4,1,1,95,
pytorch,pytorch,2026-05-01,closed,CONTRIBUTOR,a3eb9b9cd,226,3,12,5,
pytorch,pytorch,2026-05-01,closed,CONTRIBUTOR,a60c85519,2,1,2,13,
pytorch,pytorch,2026-05-01,closed,COLLABORATOR,a9e5e9c6e,739,16,0,,
pytorch,pytorch,2026-05-01,closed,CONTRIBUTOR,a94cbb390,63,2,1,33,
pytorch,pytorch,2026-05-01,closed,CONTRIBUTOR,a94cbb390,79,2,0,,
pytorch,pytorch,2026-05-01,closed,CONTRIBUTOR,a9dd2e3c0,421,5,0,,
pytorch,pytorch,2026-05-01,closed,CONTRIBUTOR,a9dd2e3c0,113,2,0,,
pytorch,pytorch,2026-05-01,closed,CONTRIBUTOR,a4fc68bbd,18,1,1,18,
pytorch,pytorch,2026-05-01,closed,COLLABORATOR,ace78b27b,12,2,1,161,
pytorch,pytorch,2026-05-01,closed,CONTRIBUTOR,a94cbb390,2101,89,0,,
pytorch,pytorch,2026-05-01,closed,CONTRIBUTOR,a41334601,9,1,1,0,
pytorch,pytorch,2026-05-01,closed,COLLABORATOR,aeac7bc7f,148,10,6,13,
pytorch,pytorch,2026-05-01,closed,CONTRIBUTOR,a94cbb390,330,6,1,1817,
pytorch,pytorch,2026-05-01,closed,CONTRIBUTOR,ab5b6c7ab,4,2,2,14,
pytorch,pytorch,2026-05-01,closed,CONTRIBUTOR,ab5b6c7ab,75,2,8,107,
pytorch,pytorch,2026-05-01,closed,CONTRIBUTOR,ad86a78f1,42,2,0,,
pytorch,pytorch,2026-05-01,closed,COLLABORATOR,a5dc541f5,4,2,1,1,
pytorch,pytorch,2026-05-01,closed,CONTRIBUTOR,a9dd2e3c0,203,3,1,270,
pytorch,pytorch,2026-05-01,closed,NONE,afd53a9e5,57,2,0,,
pytorch,pytorch,2026-05-01,open,CONTRIBUTOR,a94cbb390,825,8,3,2096,
pytorch,pytorch,2026-05-01,closed,CONTRIBUTOR,ac1113e98,350,3,1,166,
pytorch,pytorch,2026-05-01,closed,COLLABORATOR,a55d2cdc8,15,1,2,21,
pytorch,pytorch,2026-05-01,closed,CONTRIBUTOR,a94cbb390,31,2,1,94,
pytorch,pytorch,2026-05-01,closed,CONTRIBUTOR,af756c719,1235,9,3,172,
pytorch,pytorch,2026-05-01,closed,CONTRIBUTOR,a94cbb390,353,4,5,101,
pytorch,pytorch,2026-05-01,closed,CONTRIBUTOR,a94cbb390,559,4,0,,
pytorch,pytorch,2026-05-01,closed,CONTRIBUTOR,a94cbb390,209,3,2,65,
pytorch,pytorch,2026-05-01,closed,COLLABORATOR,a6dca6705,82,3,3,92,
pytorch,pytorch,2026-05-01,closed,CONTRIBUTOR,a94cbb390,524,6,3,108,
pytorch,pytorch,2026-05-01,open,CONTRIBUTOR,a62774c28,124,2,3,11,
pytorch,pytorch,2026-05-01,closed,CONTRIBUTOR,a94cbb390,110,2,0,,
pytorch,pytorch,2026-05-01,closed,CONTRIBUTOR,a94cbb390,237,5,4,82,
pytorch,pytorch,2026-05-01,closed,CONTRIBUTOR,a94cbb390,370,8,0,,
pytorch,pytorch,2026-05-01,closed,CONTRIBUTOR,a9dd2e3c0,340,3,0,,
pytorch,pytorch,2026-05-01,closed,CONTRIBUTOR,a9dd2e3c0,119,2,0,,
pytorch,pytorch,2026-05-01,closed,COLLABORATOR,a438dfc5e,15,2,3,21,
pytorch,pytorch,2026-05-01,closed,CONTRIBUTOR,a9dd2e3c0,90,4,0,,
pytorch,pytorch,2026-05-01,closed,CONTRIBUTOR,a94cbb390,227,3,1,294,
pytorch,pytorch,2026-05-01,closed,CONTRIBUTOR,ab2ece173,220,3,5,1,
pytorch,pytorch,2026-05-01,closed,CONTRIBUTOR,a9dd2e3c0,369,2,0,,
pytorch,pytorch,2026-05-01,closed,CONTRIBUTOR,a94cbb390,137,4,2,255,
pytorch,pytorch,2026-05-01,closed,CONTRIBUTOR,a94cbb390,954,4,0,,
pytorch,pytorch,2026-05-01,closed,COLLABORATOR,aeac7bc7f,14,6,1,13,
pytorch,pytorch,2026-05-01,open,CONTRIBUTOR,a94cbb390,897,2,11,66,
pytorch,pytorch,2026-05-01,closed,CONTRIBUTOR,a94cbb390,75,2,0,,
pytorch,pytorch,2026-05-01,closed,CONTRIBUTOR,a94cbb390,100,2,0,,
pytorch,pytorch,2026-05-01,closed,CONTRIBUTOR,a94cbb390,98,2,1,233,
pytorch,pytorch,2026-05-01,closed,CONTRIBUTOR,a94cbb390,357,8,0,,
pytorch,pytorch,2026-05-01,closed,CONTRIBUTOR,a94cbb390,51,3,1,79,
pytorch,pytorch,2026-05-01,closed,CONTRIBUTOR,a94cbb390,148,4,3,416,
pytorch,pytorch,2026-05-01,closed,CONTRIBUTOR,a94cbb390,94,2,2,264,
pytorch,pytorch,2026-05-01,closed,CONTRIBUTOR,a94cbb390,103,2,5,604,
pytorch,pytorch,2026-05-01,closed,CONTRIBUTOR,a94cbb390,84,2,1,864,
pytorch,pytorch,2026-05-01,open,COLLABORATOR,a61b2ad55,43,2,7,2082,
pytorch,pytorch,2026-05-01,closed,CONTRIBUTOR,a94cbb390,3099,19,0,,
pytorch,pytorch,2026-05-01,open,COLLABORATOR,ac8a62005,29,2,5,1280,
pytorch,pytorch,2026-05-01,closed,CONTRIBUTOR,a94cbb390,21,3,2,1729,
pytorch,pytorch,2026-05-01,closed,CONTRIBUTOR,a94cbb390,395,8,5,169,
pytorch,pytorch,2026-05-01,closed,CONTRIBUTOR,a94cbb390,278,2,0,,
pytorch,pytorch,2026-05-01,closed,CONTRIBUTOR,a785abea7,137,2,1,69,
pytorch,pytorch,2026-05-01,closed,CONTRIBUTOR,aabb46095,359,8,0,,
pytorch,pytorch,2026-05-01,closed,CONTRIBUTOR,a94cbb390,178,2,3,209,
pytorch,pytorch,2026-05-01,closed,COLLABORATOR,a5dc541f5,229,22,2,88,
pytorch,pytorch,2026-05-01,closed,CONTRIBUTOR,a41334601,11,1,2,63,
pytorch,pytorch,2026-05-01,closed,CONTRIBUTOR,a41334601,124,27,1,24,
pytorch,pytorch,2026-05-01,closed,COLLABORATOR,af178df54,89,10,10,1230,
pytorch,pytorch,2026-05-01,closed,COLLABORATOR,af178df54,17,1,2,78,
pytorch,pytorch,2026-05-01,closed,CONTRIBUTOR,a4300549c,6,3,2,4,
pytorch,pytorch,2026-05-01,open,NONE,aee08b495,86,4,5,26,
pytorch,pytorch,2026-05-01,closed,CONTRIBUTOR,a41334601,69,7,1,3,
pytorch,pytorch,2026-05-01,closed,COLLABORATOR,a2891e340,270,5,3,0,
pytorch,pytorch,2026-05-01,closed,CONTRIBUTOR,a1c5fc68a,2,1,2,0,
pytorch,pytorch,2026-05-01,closed,CONTRIBUTOR,abd4fe483,21,2,0,,
pytorch,pytorch,2026-05-01,closed,CONTRIBUTOR,abd4fe483,13,1,0,,
pytorch,pytorch,2026-05-01,closed,CONTRIBUTOR,a94cbb390,849,21,0,,
pytorch,pytorch,2026-05-01,closed,CONTRIBUTOR,a94cbb390,60,5,0,,
pytorch,pytorch,2026-05-01,closed,CONTRIBUTOR,a94cbb390,77,3,1,66,
pytorch,pytorch,2026-05-01,closed,CONTRIBUTOR,a81814959,63,1,1,3,
pytorch,pytorch,2026-05-01,closed,CONTRIBUTOR,a94cbb390,71,6,1,181,
pytorch,pytorch,2026-05-01,closed,COLLABORATOR,a0a5ccaf7,21,2,1,10,
pytorch,pytorch,2026-05-01,closed,COLLABORATOR,a608d823d,104,1,9,4,
pytorch,pytorch,2026-05-01,closed,NONE,a166d577a,74,9,2,51,
pytorch,pytorch,2026-05-01,closed,CONTRIBUTOR,a8dd56e6a,105,5,0,,
pytorch,pytorch,2026-05-01,closed,CONTRIBUTOR,abd4fe483,140,2,0,,
pytorch,pytorch,2026-05-01,closed,CONTRIBUTOR,a2b68cc2b,21,2,4,1,
pytorch,pytorch,2026-05-01,closed,COLLABORATOR,a55d2cdc8,38,1,1,2,
pytorch,pytorch,2026-05-01,closed,CONTRIBUTOR,adab73d64,3509,18,1,364,
pytorch,pytorch,2026-05-01,closed,CONTRIBUTOR,aaeaf8407,9,1,0,,
pytorch,pytorch,2026-05-01,open,CONTRIBUTOR,a94cbb390,179,2,1,173,
pytorch,pytorch,2026-05-01,closed,COLLABORATOR,acf4dda97,395,6,1,0,
pytorch,pytorch,2026-05-01,closed,CONTRIBUTOR,a18c03ea5,126,7,1,1,
pytorch,pytorch,2026-05-01,closed,COLLABORATOR,a5dc541f5,86,5,3,48,
pytorch,pytorch,2026-05-01,closed,COLLABORATOR,a5dc541f5,55,3,2,141,
pytorch,pytorch,2026-05-01,closed,CONTRIBUTOR,a94cbb390,479,7,1,149,
pytorch,pytorch,2026-05-01,closed,CONTRIBUTOR,ab2ece173,68,2,2,0,
pytorch,pytorch,2026-05-01,closed,CONTRIBUTOR,a94cbb390,58,3,0,,
pytorch,pytorch,2026-05-01,closed,CONTRIBUTOR,a94cbb390,412,6,13,2086,
pytorch,pytorch,2026-05-01,closed,CONTRIBUTOR,a94cbb390,643,9,12,139,
pytorch,pytorch,2026-05-01,closed,NONE,a3e195a0f,1328,2,0,,
pytorch,pytorch,2026-05-01,closed,CONTRIBUTOR,a94cbb390,447,3,2,441,
pytorch,pytorch,2026-05-01,closed,NONE,a672e77f1,11,2,1,1,
pytorch,pytorch,2026-05-01,closed,CONTRIBUTOR,a94cbb390,81,7,0,,
pytorch,pytorch,2026-05-01,closed,CONTRIBUTOR,aac267dc1,19,2,0,,
pytorch,pytorch,2026-05-01,closed,CONTRIBUTOR,a94cbb390,82,3,3,656,
pytorch,pytorch,2026-05-01,closed,CONTRIBUTOR,a6e3e1227,317,5,1,22,
pytorch,pytorch,2026-05-01,closed,CONTRIBUTOR,a10a800c0,180,7,12,598,
pytorch,pytorch,2026-05-01,closed,CONTRIBUTOR,a94cbb390,311,7,1,177,
pytorch,pytorch,2026-05-01,closed,CONTRIBUTOR,aa0629a5f,25,2,0,,
pytorch,pytorch,2026-05-01,closed,CONTRIBUTOR,a94cbb390,105,5,0,,
pytorch,pytorch,2026-05-01,closed,COLLABORATOR,af5bc3743,1050,4,2,16,
pytorch,pytorch,2026-05-01,closed,COLLABORATOR,a978a2c3f,137,1,1,937,
pytorch,pytorch,2026-05-01,closed,CONTRIBUTOR,a94cbb390,63,3,0,,
pytorch,pytorch,2026-05-01,closed,CONTRIBUTOR,a32ae4a6b,11,1,1,111,
pytorch,pytorch,2026-05-01,closed,CONTRIBUTOR,a4300549c,24,6,2,8,
pytorch,pytorch,2026-05-01,closed,CONTRIBUTOR,a3cb3376b,5,1,3,23,
pytorch,pytorch,2026-05-01,closed,CONTRIBUTOR,a94cbb390,178,5,1,44,
pytorch,pytorch,2026-05-01,closed,COLLABORATOR,a438dfc5e,18,1,1,2,
pytorch,pytorch,2026-05-01,closed,CONTRIBUTOR,a4b42add1,245,3,3,2,
pytorch,pytorch,2026-05-01,closed,CONTRIBUTOR,a927429f5,3,1,1,70,
pytorch,pytorch,2026-05-01,closed,COLLABORATOR,a5dc541f5,363,8,1,95,
pytorch,pytorch,2026-05-01,closed,COLLABORATOR,a5dc541f5,233,8,2,95,
pytorch,pytorch,2026-05-01,closed,CONTRIBUTOR,ae309f772,4,1,2,0,
pytorch,pytorch,2026-05-01,closed,CONTRIBUTOR,add189f6d,4,1,2,0,
pytorch,pytorch,2026-05-01,closed,CONTRIBUTOR,a69a2a0cd,68,3,0,,
pytorch,pytorch,2026-05-01,merged,CONTRIBUTOR,a619ab9b4,2,1,2,17,407
pytorch,pytorch,2026-05-01,closed,CONTRIBUTOR,a868cfe77,46,3,2,1,
pytorch,pytorch,2026-05-01,closed,COLLABORATOR,aeac7bc7f,2,1,2,4,
pytorch,pytorch,2026-05-01,closed,CONTRIBUTOR,a4300549c,214,63,0,,
pytorch,pytorch,2026-05-01,closed,CONTRIBUTOR,a4300549c,120,35,0,,
pytorch,pytorch,2026-05-01,closed,CONTRIBUTOR,a94cbb390,146,4,0,,
pytorch,pytorch,2026-05-01,closed,CONTRIBUTOR,a94cbb390,120,4,1,427,
pytorch,pytorch,2026-05-01,open,CONTRIBUTOR,aaeaf8407,9,2,0,,
pytorch,pytorch,2026-05-01,open,NONE,a857eafdc,4055,56,1,693,
pytorch,pytorch,2026-05-01,closed,CONTRIBUTOR,a2fd90fb0,29,2,5,15,
pytorch,pytorch,2026-05-01,closed,COLLABORATOR,a0684f932,156,1,0,,
pytorch,pytorch,2026-05-01,closed,CONTRIBUTOR,a0aaadb1e,47,5,0,,
pytorch,pytorch,2026-06-01,closed,CONTRIBUTOR,adab73d64,327,8,1,74,
pytorch,pytorch,2026-06-01,closed,COLLABORATOR,ab028fbf6,23,1,1,0,
pytorch,pytorch,2026-06-01,closed,CONTRIBUTOR,ab2ece173,310,6,1,0,
pytorch,pytorch,2026-06-01,closed,CONTRIBUTOR,ab2ece173,101,2,1,0,
pytorch,pytorch,2026-06-01,closed,CONTRIBUTOR,ab2ece173,151,3,0,,
pytorch,pytorch,2026-06-01,closed,CONTRIBUTOR,ab2ece173,203,4,1,0,
pytorch,pytorch,2026-06-01,closed,CONTRIBUTOR,ab2ece173,213,5,1,0,
pytorch,pytorch,2026-06-01,closed,CONTRIBUTOR,ab2ece173,198,2,0,,
pytorch,pytorch,2026-06-01,closed,CONTRIBUTOR,ab2ece173,124,3,0,,
pytorch,pytorch,2026-06-01,closed,CONTRIBUTOR,ab2ece173,61,3,1,0,
pytorch,pytorch,2026-06-01,closed,CONTRIBUTOR,ab2ece173,128,3,0,,
pytorch,pytorch,2026-06-01,closed,CONTRIBUTOR,ab2ece173,35,2,0,,
pytorch,pytorch,2026-06-01,closed,COLLABORATOR,a5dc541f5,399,21,0,,
pytorch,pytorch,2026-06-01,closed,COLLABORATOR,a5dc541f5,153,9,2,41,
pytorch,pytorch,2026-06-01,open,NONE,a857eafdc,96,3,1,183,
pytorch,pytorch,2026-06-01,closed,CONTRIBUTOR,a85f33a1e,92,2,2,11,
pytorch,pytorch,2026-06-01,closed,COLLABORATOR,a0aaba698,8,1,1,1,
pytorch,pytorch,2026-06-01,closed,CONTRIBUTOR,a422c8d6f,2,1,2,1,
pytorch,pytorch,2026-06-01,closed,COLLABORATOR,ae25f14a4,0,0,0,,
pytorch,pytorch,2026-06-01,closed,COLLABORATOR,ae25f14a4,9,1,0,,
pytorch,pytorch,2026-06-01,closed,CONTRIBUTOR,a6403f37c,1787,1,1,336,
pytorch,pytorch,2026-06-01,merged,COLLABORATOR,ab028fbf6,2,1,1,1,1
pytorch,pytorch,2026-06-01,closed,CONTRIBUTOR,a7200ca83,22,1,1,1,
pytorch,pytorch,2026-06-01,open,CONTRIBUTOR,aa5f56ee5,357,2,0,,
pytorch,pytorch,2026-06-01,closed,COLLABORATOR,add189f6d,8,8,1,3,
pytorch,pytorch,2026-06-01,closed,CONTRIBUTOR,a94cbb390,237,3,0,,
pytorch,pytorch,2026-06-01,open,CONTRIBUTOR,a81586f76,9,2,3,14,
pytorch,pytorch,2026-06-01,closed,CONTRIBUTOR,ab2ece173,8,1,1,0,
pytorch,pytorch,2026-06-01,closed,CONTRIBUTOR,a25baf8a1,93,7,1,12,
pytorch,pytorch,2026-06-01,closed,COLLABORATOR,a61b2ad55,30,10,2,24,
pytorch,pytorch,2026-06-01,closed,CONTRIBUTOR,a4b42add1,8,1,1,7,
pytorch,pytorch,2026-06-01,closed,CONTRIBUTOR,ab1138eca,32,2,2,28,
pytorch,pytorch,2026-06-01,open,NONE,aa44aa340,40,1,4,0,
pytorch,pytorch,2026-06-01,open,COLLABORATOR,abb677e08,127,2,1,7,
pytorch,pytorch,2026-06-01,closed,COLLABORATOR,a15f464b7,650,11,18,22,
pytorch,pytorch,2026-06-01,open,CONTRIBUTOR,aa238cb0a,1201,19,0,,
pytorch,pytorch,2026-06-01,open,CONTRIBUTOR,aa238cb0a,2162,11,0,,
pytorch,pytorch,2026-06-01,closed,CONTRIBUTOR,add61895c,31,2,1,19,
pytorch,pytorch,2026-06-01,merged,COLLABORATOR,ab028fbf6,36,3,1,0,0
pytorch,pytorch,2026-06-01,closed,CONTRIBUTOR,a91b762a3,18,1,0,,
pytorch,pytorch,2026-06-01,closed,COLLABORATOR,ad19ffe38,22,1,1,271,
pytorch,pytorch,2026-06-01,merged,COLLABORATOR,abb677e08,90,3,1,0,0
pytorch,pytorch,2026-06-01,merged,COLLABORATOR,abb677e08,63,3,1,0,0
pytorch,pytorch,2026-06-01,closed,CONTRIBUTOR,aee8acbd1,51,5,4,0,
pytorch,pytorch,2026-06-01,closed,CONTRIBUTOR,a05331277,8,1,2,0,
pytorch,pytorch,2026-06-01,open,CONTRIBUTOR,aabd02a02,37,2,2,18,
pytorch,pytorch,2026-06-01,closed,MEMBER,a846e2bc0,155,5,3,313,
pytorch,pytorch,2026-06-01,closed,CONTRIBUTOR,a41334601,28,3,0,,
pytorch,pytorch,2026-06-01,closed,COLLABORATOR,aeac7bc7f,5,1,1,617,
pytorch,pytorch,2026-06-01,closed,COLLABORATOR,a0a5ccaf7,4,2,3,13,
pytorch,pytorch,2026-06-01,closed,CONTRIBUTOR,a785abea7,6,1,2,88,
pytorch,pytorch,2026-06-01,closed,COLLABORATOR,add189f6d,83,5,1,11,
pytorch,pytorch,2026-06-01,closed,COLLABORATOR,ab028fbf6,272,4,2,62,
pytorch,pytorch,2026-06-01,closed,CONTRIBUTOR,abeb44b91,4,2,0,,
pytorch,pytorch,2026-06-01,closed,CONTRIBUTOR,a60c85519,110,7,1,66,
pytorch,pytorch,2026-06-01,closed,COLLABORATOR,a55d2cdc8,381,108,3,0,
pytorch,pytorch,2026-06-01,closed,COLLABORATOR,add189f6d,54,1,1,0,
pytorch,pytorch,2026-06-01,closed,COLLABORATOR,ae617e84f,39,2,1,0,
pytorch,pytorch,2026-06-01,closed,COLLABORATOR,add189f6d,234,6,2,17,
pytorch,pytorch,2026-06-01,open,NONE,a873033a2,36,3,0,,
pytorch,pytorch,2026-06-01,open,CONTRIBUTOR,a8511be1f,5,1,5,7,
pytorch,pytorch,2026-06-01,closed,CONTRIBUTOR,a8511be1f,4,2,0,,
pytorch,pytorch,2026-06-01,closed,NONE,abbfa024f,1,1,7,4,
pytorch,pytorch,2026-06-01,closed,COLLABORATOR,ac8a62005,37,2,4,28,
pytorch,pytorch,2026-06-01,closed,CONTRIBUTOR,affa1f180,43,1,1,3,
pytorch,pytorch,2026-06-01,closed,CONTRIBUTOR,a87f92262,98,2,3,731,
pytorch,pytorch,2026-06-01,closed,COLLABORATOR,a438dfc5e,23,2,8,8,
pytorch,pytorch,2026-06-01,merged,COLLABORATOR,ab028fbf6,114,4,1,2,28
pytorch,pytorch,2026-06-01,closed,CONTRIBUTOR,a32ae4a6b,38,3,2,24,
pytorch,pytorch,2026-06-01,open,CONTRIBUTOR,ab01a10e4,71,6,5,73,
pytorch,pytorch,2026-06-01,closed,COLLABORATOR,a22ea5b25,13,1,3,5,
pytorch,pytorch,2026-06-01,closed,COLLABORATOR,a6dca6705,64,2,2,1,
pytorch,pytorch,2026-06-01,closed,COLLABORATOR,aab0b0a28,4,1,1,1,
pytorch,pytorch,2026-06-01,closed,MEMBER,af9a90ce4,125,6,1,0,
pytorch,pytorch,2026-06-01,merged,COLLABORATOR,abb677e08,84,2,2,13,13
pytorch,pytorch,2026-06-01,merged,COLLABORATOR,abb677e08,54,3,3,25,152
pytorch,pytorch,2026-06-01,closed,CONTRIBUTOR,a8dd56e6a,65,2,1,8,
pytorch,pytorch,2026-06-01,closed,CONTRIBUTOR,a6403f37c,544,1,1,20,
pytorch,pytorch,2026-06-01,closed,COLLABORATOR,a5dc541f5,63,4,1,160,
pytorch,pytorch,2026-06-01,closed,COLLABORATOR,a6cfb0643,215,8,3,100,
pytorch,pytorch,2026-06-01,closed,CONTRIBUTOR,ab2ece173,13,3,1,12,
pytorch,pytorch,2026-06-01,closed,CONTRIBUTOR,a5203c7cd,4,2,6,1,
pytorch,pytorch,2026-06-01,open,NONE,aaab62daa,92,2,1,917,
pytorch,pytorch,2026-06-01,open,CONTRIBUTOR,a7f595a97,564,6,1,113,
pytorch,pytorch,2026-06-01,closed,CONTRIBUTOR,abb652572,206,6,2,5,
pytorch,pytorch,2026-06-01,closed,NONE,ae9e205be,99,2,12,13,
pytorch,pytorch,2026-06-01,closed,NONE,a60a33dc7,4,1,3,49,
pytorch,pytorch,2026-06-01,open,NONE,a15613dc8,11,2,0,,
pytorch,pytorch,2026-06-01,open,NONE,a15613dc8,11,2,0,,
pytorch,pytorch,2026-06-01,closed,CONTRIBUTOR,a73b095db,1358,165,1,283,
pytorch,pytorch,2026-06-01,closed,CONTRIBUTOR,ae978efa8,4,1,1,1,
pytorch,pytorch,2026-06-01,closed,COLLABORATOR,a22ea5b25,18,1,1,16,
pytorch,pytorch,2026-06-01,closed,COLLABORATOR,a3be39839,45,1,1,65,
pytorch,pytorch,2026-06-01,closed,CONTRIBUTOR,a25495035,35,1,0,,
pytorch,pytorch,2026-06-01,open,CONTRIBUTOR,ae694845a,645,6,0,,
pytorch,pytorch,2026-06-01,closed,NONE,a87f6c33a,252,19,0,,
pytorch,pytorch,2026-06-01,closed,NONE,a87f6c33a,256,19,0,,
pytorch,pytorch,2026-06-01,closed,COLLABORATOR,a438dfc5e,11,2,1,4,
pytorch,pytorch,2026-06-01,closed,CONTRIBUTOR,a14c27137,39,2,2,293,
pytorch,pytorch,2026-06-01,open,NONE,ac87dd7f4,124,4,8,9,
pytorch,pytorch,2026-06-01,closed,COLLABORATOR,ae25f14a4,2,1,2,37,
pytorch,pytorch,2026-06-01,open,CONTRIBUTOR,a18174559,40,2,0,,
pytorch,pytorch,2026-06-01,closed,NONE,a914c8383,305,2,0,,
pytorch,pytorch,2026-06-01,closed,COLLABORATOR,a5dc541f5,148,2,3,73,
pytorch,pytorch,2026-06-01,closed,CONTRIBUTOR,a69a2a0cd,130,2,3,201,
pytorch,pytorch,2026-06-01,closed,CONTRIBUTOR,a18c03ea5,234,41,2,21,
pytorch,pytorch,2026-06-01,closed,CONTRIBUTOR,a18c03ea5,350,2,0,,
pytorch,pytorch,2026-06-01,closed,MEMBER,af9a90ce4,24,1,1,0,
pytorch,pytorch,2026-06-01,open,NONE,a13d63acb,33,2,0,,
pytorch,pytorch,2026-06-01,open,CONTRIBUTOR,aaeaf8407,13,2,1,57,
pytorch,pytorch,2026-06-01,closed,CONTRIBUTOR,adeb3d112,48,2,1,253,
pytorch,pytorch,2026-06-01,closed,NONE,a3137ac40,116,3,3,551,
pytorch,pytorch,2026-06-01,closed,CONTRIBUTOR,a4300549c,11,1,1,27,
pytorch,pytorch,2026-06-01,closed,CONTRIBUTOR,a485c6c43,377,28,0,,
pytorch,pytorch,2026-06-01,closed,MEMBER,af9a90ce4,868,5,6,16,
pytorch,pytorch,2026-06-01,closed,CONTRIBUTOR,a41334601,13,1,1,1,
pytorch,pytorch,2026-06-01,closed,COLLABORATOR,a22ea5b25,38,2,3,14,
pytorch,pytorch,2026-06-01,closed,CONTRIBUTOR,a41334601,58,2,2,1,
pytorch,pytorch,2026-06-01,open,CONTRIBUTOR,a94cbb390,30,2,4,36,
pytorch,pytorch,2026-06-01,closed,CONTRIBUTOR,a60c85519,2,1,0,,
pytorch,pytorch,2026-06-01,closed,MEMBER,a846e2bc0,239,2,1,309,
pytorch,pytorch,2026-06-01,closed,MEMBER,a846e2bc0,109,2,0,,
pytorch,pytorch,2026-06-01,closed,CONTRIBUTOR,a7cd5697e,10,1,1,505,
pytorch,pytorch,2026-06-01,closed,CONTRIBUTOR,a785abea7,312,4,0,,
pytorch,pytorch,2026-06-01,closed,CONTRIBUTOR,a554ec844,159,2,6,4,
pytorch,pytorch,2026-06-01,open,MEMBER,af9a90ce4,411,4,3,204,
pytorch,pytorch,2026-06-01,closed,CONTRIBUTOR,a32ae4a6b,96,2,0,,
pytorch,pytorch,2026-06-01,closed,CONTRIBUTOR,a41334601,61,3,0,,
pytorch,pytorch,2026-06-01,closed,CONTRIBUTOR,a41334601,8,2,1,1,
pytorch,pytorch,2026-06-01,closed,COLLABORATOR,aaee1c0cd,28,6,0,,
pytorch,pytorch,2026-06-01,closed,COLLABORATOR,ab028fbf6,2,1,3,0,
pytorch,pytorch,2026-06-01,closed,CONTRIBUTOR,a3b73df26,9,1,1,9,
pytorch,pytorch,2026-06-01,closed,NONE,a3cde32c8,42,1,0,,
pytorch,pytorch,2026-06-01,closed,NONE,a0145d33c,65,2,1,5,
pytorch,pytorch,2026-06-01,closed,COLLABORATOR,a5dc541f5,53,3,1,128,
pytorch,pytorch,2026-06-01,open,NONE,abda8ea51,38,3,0,,
pytorch,pytorch,2026-06-01,closed,CONTRIBUTOR,a94cbb390,135,2,0,,
pytorch,pytorch,2026-06-01,open,CONTRIBUTOR,ad2978a98,9,3,0,,
pytorch,pytorch,2026-06-01,closed,CONTRIBUTOR,a32ae4a6b,204,7,0,,
pytorch,pytorch,2026-06-01,open,CONTRIBUTOR,a32ae4a6b,229,10,1,168,
pytorch,pytorch,2026-06-01,open,NONE,a1496eafe,3,1,1,162,
pytorch,pytorch,2026-06-01,closed,COLLABORATOR,add189f6d,30,1,1,0,
pytorch,pytorch,2026-06-01,closed,CONTRIBUTOR,a94cbb390,18,2,3,529,
pytorch,pytorch,2026-06-01,closed,CONTRIBUTOR,a4300549c,36,17,1,114,
pytorch,pytorch,2026-06-01,closed,CONTRIBUTOR,a8511be1f,70,2,0,,
pytorch,pytorch,2026-06-01,open,CONTRIBUTOR,a6e3e1227,8,1,0,,
pytorch,pytorch,2026-06-01,closed,NONE,a472d0611,129,3,0,,
pytorch,pytorch,2026-06-01,closed,COLLABORATOR,ab80641ee,1,1,2,6,
pytorch,pytorch,2026-06-01,closed,COLLABORATOR,a8fb04369,2,1,1,2,
pytorch,pytorch,2026-06-01,closed,CONTRIBUTOR,ae13b2e40,197,3,0,,
pytorch,pytorch,2026-06-01,open,NONE,a3d110c59,124,2,0,,
pytorch,pytorch,2026-06-01,closed,CONTRIBUTOR,a554ec844,618,3,18,2,
pytorch,pytorch,2026-06-01,closed,COLLABORATOR,add189f6d,12,2,3,0,
pytorch,pytorch,2026-06-01,closed,CONTRIBUTOR,a10a800c0,13,1,2,142,
pytorch,pytorch,2026-06-01,closed,COLLABORATOR,aaee1c0cd,2,1,2,14,
pytorch,pytorch,2026-06-01,closed,CONTRIBUTOR,affa1f180,495,7,5,13,
pytorch,pytorch,2026-06-01,closed,CONTRIBUTOR,affa1f180,336,6,3,13,
pytorch,pytorch,2026-06-01,closed,COLLABORATOR,a438dfc5e,15,2,1,67,
pytorch,pytorch,2026-06-01,open,CONTRIBUTOR,a00968fb7,50,2,1,97,
pytorch,pytorch,2026-06-01,closed,CONTRIBUTOR,a14c27137,149,3,4,254,
pytorch,pytorch,2026-06-01,closed,NONE,a183122b6,195,1,1,0,
pytorch,pytorch,2026-06-01,open,CONTRIBUTOR,a18174559,77,2,0,,
pytorch,pytorch,2026-06-01,open,NONE,a4faf33ee,15,1,5,1,
pytorch,pytorch,2026-06-01,closed,COLLABORATOR,abb677e08,11,2,1,3,
pytorch,pytorch,2026-06-01,closed,CONTRIBUTOR,a00968fb7,21,2,1,26,
pytorch,pytorch,2026-06-01,closed,COLLABORATOR,ab028fbf6,52,5,3,1,
pytorch,pytorch,2026-06-01,closed,CONTRIBUTOR,ae13b2e40,13,1,0,,
pytorch,pytorch,2026-06-01,closed,CONTRIBUTOR,ae13b2e40,2148,5,2,411,
pytorch,pytorch,2026-06-01,closed,CONTRIBUTOR,affa1f180,1139,25,7,1005,
pytorch,pytorch,2026-06-01,closed,CONTRIBUTOR,a41334601,1,1,1,0,
pytorch,pytorch,2026-06-01,open,CONTRIBUTOR,a6e3e1227,157,1,2,68,
pytorch,pytorch,2026-06-01,closed,CONTRIBUTOR,a4350faaa,8,1,3,12,
pytorch,pytorch,2026-06-01,open,NONE,a265e00d1,396,5,1,1,
pytorch,pytorch,2026-06-01,closed,CONTRIBUTOR,a356ac189,121,2,3,13,
pytorch,pytorch,2026-06-01,closed,COLLABORATOR,a0684f932,145,5,1,1700,
pytorch,pytorch,2026-06-01,closed,CONTRIBUTOR,a74a523df,111,2,0,,
pytorch,pytorch,2026-06-01,closed,NONE,aaab62daa,133,3,1,29,
pytorch,pytorch,2026-06-01,closed,COLLABORATOR,af178df54,67,1,26,236,
pytorch,pytorch,2026-06-01,closed,CONTRIBUTOR,a642039ad,13,2,1,2,
pytorch,pytorch,2026-06-01,closed,CONTRIBUTOR,afb62a5b9,999,12,19,1,
pytorch,pytorch,2026-06-01,closed,CONTRIBUTOR,a78ed8348,238,20,18,3,
pytorch,pytorch,2026-06-01,closed,CONTRIBUTOR,a121e41b3,5,1,1,17,
pytorch,pytorch,2026-06-01,closed,COLLABORATOR,a5dc541f5,476,8,10,305,
pytorch,pytorch,2026-06-01,closed,CONTRIBUTOR,a41334601,25,4,0,,
pytorch,pytorch,2026-06-01,open,NONE,a1c99bf62,125,2,3,14,
pytorch,pytorch,2026-06-01,closed,CONTRIBUTOR,ab5b6c7ab,92,3,2,8,
pytorch,pytorch,2026-06-01,closed,COLLABORATOR,add189f6d,19,3,2,3,
pytorch,pytorch,2026-06-01,closed,CONTRIBUTOR,a73b095db,189,1,3,0,
pytorch,pytorch,2026-06-01,closed,CONTRIBUTOR,ae694845a,1172,5,0,,
pytorch,pytorch,2026-06-01,open,CONTRIBUTOR,a785abea7,13,1,1,0,
pytorch,pytorch,2026-06-01,closed,CONTRIBUTOR,a6403f37c,122,1,1,140,
pytorch,pytorch,2026-06-01,closed,CONTRIBUTOR,a73b095db,40,2,3,313,
pytorch,pytorch,2026-06-01,open,MEMBER,a846e2bc0,22,1,0,,
pytorch,pytorch,2026-06-01,closed,NONE,a2111b264,9,1,1,41,
pytorch,pytorch,2026-06-01,closed,NONE,a6d5bfa99,189,8,5,19,
pytorch,pytorch,2026-06-01,closed,CONTRIBUTOR,a9dd2e3c0,1117,9,0,,
pytorch,pytorch,2026-06-01,open,NONE,a3745e018,260,7,0,,
pytorch,pytorch,2026-06-01,open,NONE,a4343a8ea,114,3,0,,
pytorch,pytorch,2026-06-01,closed,COLLABORATOR,a438dfc5e,36,3,3,6,
pytorch,pytorch,2026-06-01,open,CONTRIBUTOR,ab2ece173,273,4,1,0,
pytorch,pytorch,2026-06-01,closed,CONTRIBUTOR,af756c719,1247,7,6,23,
pytorch,pytorch,2026-06-01,closed,CONTRIBUTOR,a8da6f3e3,59,2,0,,
pytorch,pytorch,2026-06-01,merged,COLLABORATOR,abb677e08,2,1,1,1,1
pytorch,pytorch,2026-06-01,closed,CONTRIBUTOR,a94cbb390,89,3,0,,
pytorch,pytorch,2026-06-01,closed,CONTRIBUTOR,a36c23880,58,3,1,60,
pytorch,pytorch,2026-06-01,closed,CONTRIBUTOR,a94cbb390,39,3,1,172,
pytorch,pytorch,2026-06-01,closed,COLLABORATOR,a55d2cdc8,68,21,1,11,
pytorch,pytorch,2026-06-01,closed,CONTRIBUTOR,a87f92262,35,3,7,0,
pytorch,pytorch,2026-06-01,closed,CONTRIBUTOR,a9dd2e3c0,957,5,0,,
pytorch,pytorch,2026-06-01,closed,CONTRIBUTOR,af756c719,829,27,28,23,
pytorch,pytorch,2026-06-01,closed,CONTRIBUTOR,a94cbb390,405,4,0,,
pytorch,pytorch,2026-06-01,closed,COLLABORATOR,af178df54,1334,1,26,58,
pytorch,pytorch,2026-06-01,closed,CONTRIBUTOR,a94cbb390,75,2,1,330,
pytorch,pytorch,2026-06-01,closed,CONTRIBUTOR,ad6fd7fed,6,2,4,9,
pytorch,pytorch,2026-06-01,closed,CONTRIBUTOR,a94cbb390,43,3,1,330,
pytorch,pytorch,2026-06-01,open,CONTRIBUTOR,a94cbb390,319,3,1,1423,
pytorch,pytorch,2026-06-01,closed,CONTRIBUTOR,a94cbb390,54,2,0,,
pytorch,pytorch,2026-06-01,closed,CONTRIBUTOR,a94cbb390,117,3,0,,
pytorch,pytorch,2026-06-01,closed,CONTRIBUTOR,a94cbb390,252,4,0,,
pytorch,pytorch,2026-06-01,closed,CONTRIBUTOR,acde10e71,16,1,1,23,
pytorch,pytorch,2026-06-01,open,NONE,acd7eb27c,30,2,3,23,
pytorch,pytorch,2026-06-01,open,NONE,a3115fb47,166,8,13,10,
pytorch,pytorch,2026-06-01,closed,COLLABORATOR,a438dfc5e,1,1,1,1,
pytorch,pytorch,2026-06-01,closed,CONTRIBUTOR,af46aca0f,12,1,4,0,
pytorch,pytorch,2026-06-01,closed,COLLABORATOR,a5dc541f5,213,15,2,73,
pytorch,pytorch,2026-06-01,closed,CONTRIBUTOR,a6403f37c,3814,16,0,,
pytorch,pytorch,2026-06-01,closed,CONTRIBUTOR,a121e41b3,7,1,1,24,
pytorch,pytorch,2026-06-01,closed,CONTRIBUTOR,aff827992,42,3,2,18,
pytorch,pytorch,2026-06-01,closed,CONTRIBUTOR,a94cbb390,14,2,1,66,
pytorch,pytorch,2026-06-01,closed,COLLABORATOR,ab028fbf6,6,2,2,15,
pytorch,pytorch,2026-06-01,closed,CONTRIBUTOR,a554ec844,250,3,3,352,
pytorch,pytorch,2026-06-01,closed,CONTRIBUTOR,a554ec844,162,3,3,475,
pytorch,pytorch,2026-06-01,closed,COLLABORATOR,a1674399b,1373,3,12,14,
pytorch,pytorch,2026-06-01,closed,CONTRIBUTOR,a554ec844,213,12,0,,
pytorch,pytorch,2026-06-01,closed,COLLABORATOR,a5dc541f5,390,17,1,67,
pytorch,pytorch,2026-06-01,closed,COLLABORATOR,aeac7bc7f,23,5,0,,
pytorch,pytorch,2026-06-01,closed,CONTRIBUTOR,a94cbb390,170,3,0,,
pytorch,pytorch,2026-06-01,open,CONTRIBUTOR,a144f9861,272,5,5,4,
pytorch,pytorch,2026-06-01,closed,COLLABORATOR,ab028fbf6,19,1,1,3,
pytorch,pytorch,2026-06-01,closed,CONTRIBUTOR,a94cbb390,186,2,0,,
pytorch,pytorch,2026-06-01,closed,COLLABORATOR,ae617e84f,887,8,1,116,
pytorch,pytorch,2026-06-01,closed,CONTRIBUTOR,a10a800c0,1,1,6,554,
pytorch,pytorch,2026-06-01,closed,CONTRIBUTOR,a3552c582,4,1,2,2,
pytorch,pytorch,2026-06-01,closed,CONTRIBUTOR,a8dc736b2,18,1,1,0,
pytorch,pytorch,2026-06-01,open,CONTRIBUTOR,a76060dbc,122,4,0,,
pytorch,pytorch,2026-06-01,closed,CONTRIBUTOR,a619ab9b4,2,1,0,,
pytorch,pytorch,2026-06-01,closed,COLLABORATOR,ad655184d,2,1,1,0,
pytorch,pytorch,2026-06-01,closed,CONTRIBUTOR,a554ec844,1688,9,0,,
pytorch,pytorch,2026-06-01,closed,CONTRIBUTOR,a94cbb390,56,2,0,,
pytorch,pytorch,2026-06-01,closed,CONTRIBUTOR,a94cbb390,583,2,0,,
pytorch,pytorch,2026-06-01,closed,NONE,afb9b2bbb,122,5,3,34,
pytorch,pytorch,2026-06-01,open,CONTRIBUTOR,a94cbb390,68,2,0,,
pytorch,pytorch,2026-06-01,closed,NONE,aaed719e5,270,32,0,,
pytorch,pytorch,2026-06-01,closed,COLLABORATOR,a5dc541f5,84,9,3,27,
pytorch,pytorch,2026-06-01,closed,MEMBER,a846e2bc0,103,3,2,118,
pytorch,pytorch,2026-06-01,open,NONE,a183adc6c,2,1,0,,
pytorch,pytorch,2026-06-01,closed,CONTRIBUTOR,a7cd5697e,1395,12,1,285,
pytorch,pytorch,2026-06-01,closed,COLLABORATOR,add189f6d,48,6,5,18,
pytorch,pytorch,2026-06-01,closed,CONTRIBUTOR,aadedfb4e,47,2,1,0,
pytorch,pytorch,2026-06-01,closed,CONTRIBUTOR,a94cbb390,1448,21,0,,
pytorch,pytorch,2026-06-01,closed,COLLABORATOR,a5dc541f5,609,8,2,114,
pytorch,pytorch,2026-06-01,closed,COLLABORATOR,aeac7bc7f,147,1,4,12,
pytorch,pytorch,2026-06-01,closed,CONTRIBUTOR,a78741067,20,2,1,9,
pytorch,pytorch,2026-06-01,open,CONTRIBUTOR,a78741067,33,2,0,,
pytorch,pytorch,2026-06-01,closed,CONTRIBUTOR,a94cbb390,235,2,2,929,
pytorch,pytorch,2026-06-01,closed,CONTRIBUTOR,a94cbb390,110,3,3,127,
pytorch,pytorch,2026-06-01,closed,CONTRIBUTOR,a94cbb390,116,4,5,640,
pytorch,pytorch,2026-06-01,closed,CONTRIBUTOR,a94cbb390,47,3,2,125,
pytorch,pytorch,2026-06-01,closed,CONTRIBUTOR,a94cbb390,70,2,1,254,
pytorch,pytorch,2026-06-01,closed,CONTRIBUTOR,ab1138eca,14,2,0,,
pytorch,pytorch,2026-06-01,closed,CONTRIBUTOR,a7cd5697e,13,1,2,26,
pytorch,pytorch,2026-06-01,closed,CONTRIBUTOR,abd4fe483,445,7,0,,
pytorch,pytorch,2026-06-01,closed,CONTRIBUTOR,a94cbb390,586,10,4,129,
pytorch,pytorch,2026-06-01,open,COLLABORATOR,a55d2cdc8,42,5,2,0,
pytorch,pytorch,2026-06-01,closed,COLLABORATOR,a438dfc5e,19,2,4,0,
pytorch,pytorch,2026-06-01,closed,CONTRIBUTOR,a182e8abd,234,3,2,0,
pytorch,pytorch,2026-06-01,closed,CONTRIBUTOR,aa238cb0a,12,1,1,68,
pytorch,pytorch,2026-06-01,open,CONTRIBUTOR,a94cbb390,197,2,0,,
pytorch,pytorch,2026-06-01,closed,COLLABORATOR,ab34fc079,5,1,1,1,
pytorch,pytorch,2026-06-01,closed,CONTRIBUTOR,a94cbb390,1474,9,0,,
pytorch,pytorch,2026-06-01,closed,CONTRIBUTOR,a94cbb390,107,5,1,1487,
pytorch,pytorch,2026-06-01,closed,CONTRIBUTOR,a94cbb390,322,4,0,,
pytorch,pytorch,2026-06-01,closed,CONTRIBUTOR,ab2ece173,1665,14,22,75,
pytorch,pytorch,2026-06-01,closed,CONTRIBUTOR,a94cbb390,245,7,0,,
pytorch,pytorch,2026-06-01,closed,CONTRIBUTOR,a94cbb390,213,4,5,1769,
pytorch,pytorch,2026-06-01,closed,CONTRIBUTOR,a94cbb390,118,4,0,,
pytorch,pytorch,2026-06-01,closed,CONTRIBUTOR,a198e878a,58,2,0,,
pytorch,pytorch,2026-06-01,closed,CONTRIBUTOR,a94cbb390,209,6,0,,
pytorch,pytorch,2026-06-01,closed,CONTRIBUTOR,a94cbb390,201,4,2,390,
pytorch,pytorch,2026-06-01,open,CONTRIBUTOR,ab345b729,87,29,1,3,
pytorch,pytorch,2026-06-01,closed,CONTRIBUTOR,a94cbb390,286,2,0,,
pytorch,pytorch,2026-06-01,closed,COLLABORATOR,a55d2cdc8,673,146,1,3,
pytorch,pytorch,2026-06-01,open,NONE,aadbe5557,17,1,0,,
pytorch,pytorch,2026-06-01,closed,COLLABORATOR,add189f6d,1,1,2,0,
pytorch,pytorch,2026-06-01,closed,CONTRIBUTOR,ab01a10e4,37,3,1,163,
pytorch,pytorch,2026-06-01,closed,COLLABORATOR,ae25f14a4,9,1,3,0,
pytorch,pytorch,2026-06-01,closed,CONTRIBUTOR,aa0629a5f,7,1,2,9,
pytorch,pytorch,2026-07-01,open,COLLABORATOR,a72e5ee0e,61,9,4,531,
pytorch,pytorch,2026-07-01,closed,CONTRIBUTOR,a78ed8348,193,7,11,40,
pytorch,pytorch,2026-07-01,closed,CONTRIBUTOR,a4300549c,2,1,1,19,
pytorch,pytorch,2026-07-01,closed,CONTRIBUTOR,a9da25011,82,2,0,,
pytorch,pytorch,2026-07-01,closed,CONTRIBUTOR,a4300549c,36,2,0,,
pytorch,pytorch,2026-07-01,closed,CONTRIBUTOR,acde10e71,9,1,1,0,
pytorch,pytorch,2026-07-01,closed,CONTRIBUTOR,a4300549c,4,2,1,1,
pytorch,pytorch,2026-07-01,closed,CONTRIBUTOR,afb62a5b9,30,1,4,0,
pytorch,pytorch,2026-07-01,closed,CONTRIBUTOR,ae13b2e40,27,1,1,12,
pytorch,pytorch,2026-07-01,closed,CONTRIBUTOR,ae13b2e40,9,1,1,1,
pytorch,pytorch,2026-07-01,closed,CONTRIBUTOR,aa238cb0a,10,5,1,0,
pytorch,pytorch,2026-07-01,closed,CONTRIBUTOR,a0c07a800,372,5,3,0,
pytorch,pytorch,2026-07-01,closed,COLLABORATOR,a438dfc5e,2,1,2,0,
pytorch,pytorch,2026-07-01,closed,CONTRIBUTOR,a554ec844,10,1,2,78,
pytorch,pytorch,2026-07-01,open,CONTRIBUTOR,a69286f7e,26,3,2,185,
pytorch,pytorch,2026-07-01,open,CONTRIBUTOR,afb62a5b9,557,6,0,,
pytorch,pytorch,2026-07-01,closed,CONTRIBUTOR,a554ec844,36,2,2,80,
pytorch,pytorch,2026-07-01,closed,CONTRIBUTOR,a554ec844,100,1,2,49,
pytorch,pytorch,2026-07-01,closed,MEMBER,af9a90ce4,33,1,2,0,
pytorch,pytorch,2026-07-01,closed,NONE,a0491e96b,5,1,0,,
pytorch,pytorch,2026-07-01,closed,CONTRIBUTOR,abfdf0bef,12,1,4,215,
pytorch,pytorch,2026-07-01,open,COLLABORATOR,a0684f932,2,1,0,,
pytorch,pytorch,2026-07-01,closed,COLLABORATOR,a438dfc5e,12,3,3,3,
pytorch,pytorch,2026-07-01,closed,COLLABORATOR,af33f9002,616,5,2,869,
pytorch,pytorch,2026-07-01,closed,NONE,a0f14fe15,39,2,0,,
pytorch,pytorch,2026-07-01,closed,NONE,acdcfaf7c,27,2,0,,
pytorch,pytorch,2026-07-01,open,CONTRIBUTOR,a87f92262,57,4,0,,
pytorch,pytorch,2026-07-01,closed,NONE,a20c917eb,469,7,29,235,
pytorch,pytorch,2026-07-01,open,CONTRIBUTOR,ab2ece173,50280,81,0,,
pytorch,pytorch,2026-07-01,closed,CONTRIBUTOR,ae13b2e40,104,2,1,220,
pytorch,pytorch,2026-07-01,closed,CONTRIBUTOR,aed3822a2,179,2,0,,
pytorch,pytorch,2026-07-01,closed,MEMBER,a846e2bc0,19,1,3,0,
pytorch,pytorch,2026-07-01,open,MEMBER,a846e2bc0,38,10,0,,
pytorch,pytorch,2026-07-01,closed,COLLABORATOR,aca23f99e,211,3,2,65,
pytorch,pytorch,2026-07-01,open,NONE,a67b6a663,1607,21,0,,
pytorch,pytorch,2026-07-01,closed,COLLABORATOR,a5dc541f5,87,4,1,117,
pytorch,pytorch,2026-07-01,open,NONE,a7300efe3,53,2,1,75,
pytorch,pytorch,2026-07-01,closed,CONTRIBUTOR,ae694845a,99,3,6,2,
pytorch,pytorch,2026-07-01,open,COLLABORATOR,ad19ffe38,5,1,1,290,
pytorch,pytorch,2026-07-01,open,NONE,aaab62daa,195,2,0,,
pytorch,pytorch,2026-07-01,closed,CONTRIBUTOR,ae13b2e40,1139,1,1,19,
pytorch,pytorch,2026-07-01,closed,CONTRIBUTOR,ab2ece173,379,8,3,284,
pytorch,pytorch,2026-07-01,closed,CONTRIBUTOR,a9da25011,727,14,11,3,
pytorch,pytorch,2026-07-01,closed,CONTRIBUTOR,affa1f180,345,6,2,18,
pytorch,pytorch,2026-07-01,open,CONTRIBUTOR,a2e3a3980,15,1,3,286,
pytorch,pytorch,2026-07-01,closed,COLLABORATOR,a5dc541f5,2,5,0,,
pytorch,pytorch,2026-07-01,closed,COLLABORATOR,a5dc541f5,70,3,0,,
pytorch,pytorch,2026-07-01,open,COLLABORATOR,a16fd3e30,131,6,1,1328,
pytorch,pytorch,2026-07-01,open,COLLABORATOR,a16fd3e30,467,15,2,1322,
pytorch,pytorch,2026-07-01,closed,COLLABORATOR,a5dc541f5,1786,64,5,10,
pytorch,pytorch,2026-07-01,closed,CONTRIBUTOR,a1c5fc68a,66,4,6,0,
pytorch,pytorch,2026-07-01,open,MEMBER,af9a90ce4,187,29,1,22,
pytorch,pytorch,2026-07-01,open,CONTRIBUTOR,aed3822a2,93,2,0,,
pytorch,pytorch,2026-07-01,open,CONTRIBUTOR,abc9e182c,2,1,7,0,
pytorch,pytorch,2026-07-01,closed,CONTRIBUTOR,a14c27137,487,2,1,89,
pytorch,pytorch,2026-07-01,closed,COLLABORATOR,a438dfc5e,11,3,1,47,
pytorch,pytorch,2026-07-01,closed,CONTRIBUTOR,a1c5fc68a,139,26,0,,
pytorch,pytorch,2026-07-01,closed,CONTRIBUTOR,a1c5fc68a,222,4,0,,
pytorch,pytorch,2026-07-01,closed,MEMBER,a846e2bc0,588,4,0,,
pytorch,pytorch,2026-07-01,closed,CONTRIBUTOR,a740472d6,149,3,0,,
pytorch,pytorch,2026-07-01,closed,MEMBER,a846e2bc0,108,2,0,,
pytorch,pytorch,2026-07-01,open,NONE,a0c6d524c,11,2,0,,
pytorch,pytorch,2026-07-01,open,NONE,ab70f8d85,49,2,0,,
pytorch,pytorch,2026-07-01,open,COLLABORATOR,a1487e7af,6,3,0,,
pytorch,pytorch,2026-07-01,open,CONTRIBUTOR,a8cd5efa9,2031,21,34,271,
pytorch,pytorch,2026-07-01,open,NONE,a6069c01f,313,5,6,244,
pytorch,pytorch,2026-07-01,open,COLLABORATOR,a0a5ccaf7,75,1,2,0,
pytorch,pytorch,2026-07-01,closed,CONTRIBUTOR,ad4742a71,664,6,0,,
pytorch,pytorch,2026-07-01,closed,COLLABORATOR,a3be39839,929,12,8,1,
pytorch,pytorch,2026-07-01,open,CONTRIBUTOR,a69286f7e,15,1,2,154,
pytorch,pytorch,2026-07-01,open,COLLABORATOR,a22ea5b25,24,3,2,1,
pytorch,pytorch,2026-07-01,closed,CONTRIBUTOR,a76060dbc,6,1,1,0,
pytorch,pytorch,2026-07-01,closed,CONTRIBUTOR,afb62a5b9,258,6,2,1,
pytorch,pytorch,2026-07-01,open,NONE,a6e97cdb2,32,6,1,53,
pytorch,pytorch,2026-07-01,closed,COLLABORATOR,ae5a18ed1,216,1,6,24,
pytorch,pytorch,2026-07-01,open,CONTRIBUTOR,a9da25011,964,8,0,,
pytorch,pytorch,2026-07-01,closed,CONTRIBUTOR,ab1ad571d,97,2,3,11,
pytorch,pytorch,2026-07-01,closed,NONE,a8d7402a4,127,2,3,13,
pytorch,pytorch,2026-07-01,closed,NONE,af5a614cc,37,2,4,12,
pytorch,pytorch,2026-07-01,closed,CONTRIBUTOR,a554ec844,678,1,1,14,
pytorch,pytorch,2026-07-01,closed,CONTRIBUTOR,a554ec844,36,1,0,,
pytorch,pytorch,2026-07-01,closed,COLLABORATOR,a55982b43,2,1,1,2,
pytorch,pytorch,2026-07-01,open,CONTRIBUTOR,ac7613e01,754,5,2,42,
pytorch,pytorch,2026-07-01,closed,MEMBER,af9a90ce4,279,6,2,52,
pytorch,pytorch,2026-07-01,closed,CONTRIBUTOR,a554ec844,833,18,1,9,
pytorch,pytorch,2026-07-01,closed,COLLABORATOR,adea48104,96,5,8,3,
pytorch,pytorch,2026-07-01,closed,CONTRIBUTOR,af756c719,149,5,3,311,
pytorch,pytorch,2026-07-01,closed,COLLABORATOR,add189f6d,39,4,2,1,
pytorch,pytorch,2026-07-01,closed,NONE,ad815c16e,70,3,1,4,
pytorch,pytorch,2026-07-01,closed,COLLABORATOR,af3baceb6,66,1,4,192,
pytorch,pytorch,2026-07-01,closed,NONE,a3cb8c53d,42,3,0,,
pytorch,pytorch,2026-07-01,closed,NONE,ad766fda1,52,1,7,2,
pytorch,pytorch,2026-07-01,open,NONE,a6b87d9a4,54,2,1,855,
pytorch,pytorch,2026-07-01,open,NONE,ac9661a3d,65,1,0,,
pytorch,pytorch,2026-07-01,open,NONE,ac9661a3d,82,2,0,,
pytorch,pytorch,2026-07-01,closed,CONTRIBUTOR,a390773f3,34,2,3,18,
pytorch,pytorch,2026-07-01,closed,COLLABORATOR,ad655184d,7,1,1,377,
pytorch,pytorch,2026-07-01,closed,COLLABORATOR,a5dc541f5,52,4,4,27,
pytorch,pytorch,2026-07-01,closed,COLLABORATOR,a5dc541f5,108,3,4,27,
pytorch,pytorch,2026-07-01,closed,CONTRIBUTOR,ab2ece173,6,1,2,1,
pytorch,pytorch,2026-07-01,closed,CONTRIBUTOR,a9dd2e3c0,1081,4,0,,
pytorch,pytorch,2026-07-01,open,NONE,a0dcdd329,60,2,2,46,
pytorch,pytorch,2026-07-01,closed,CONTRIBUTOR,affa1f180,134,2,1,9,
pytorch,pytorch,2026-07-01,closed,NONE,a8ff203a0,1039,10,0,,
pytorch,pytorch,2026-07-01,closed,NONE,ad2bd4ca3,45227,403,0,,
pytorch,pytorch,2026-07-01,closed,CONTRIBUTOR,ac8616c78,27,1,2,1,
pytorch,pytorch,2026-07-01,open,CONTRIBUTOR,a00968fb7,39,2,1,64,
pytorch,pytorch,2026-07-01,closed,NONE,a3cb8c53d,5,1,0,,
pytorch,pytorch,2026-07-01,closed,NONE,a6a9b6f69,17,1,1,316,
pytorch,pytorch,2026-07-01,open,CONTRIBUTOR,abeb44b91,28,2,0,,
pytorch,pytorch,2026-07-01,closed,COLLABORATOR,a388c6035,43,2,3,69,
pytorch,pytorch,2026-07-01,closed,CONTRIBUTOR,a1026821d,6,2,1,10,
pytorch,pytorch,2026-07-01,open,CONTRIBUTOR,a1026821d,36,3,2,11,
pytorch,pytorch,2026-07-01,open,NONE,a31611733,5,1,1,37,
pytorch,pytorch,2026-07-01,open,NONE,a5f1de8a0,8,1,0,,
pytorch,pytorch,2026-07-01,closed,CONTRIBUTOR,a77a084fc,116,3,7,7,
pytorch,pytorch,2026-07-01,closed,CONTRIBUTOR,ab2ece173,2,1,2,1,
pytorch,pytorch,2026-07-01,closed,MEMBER,a1d1ec4c4,31,2,2,45,
pytorch,pytorch,2026-07-01,open,CONTRIBUTOR,a69a2a0cd,133,8,0,,
pytorch,pytorch,2026-07-01,open,COLLABORATOR,a2891e340,432,4,0,,
pytorch,pytorch,2026-07-01,closed,COLLABORATOR,ae5a18ed1,78,3,2,2,
pytorch,pytorch,2026-07-01,open,CONTRIBUTOR,af756c719,611,2,0,,
pytorch,pytorch,2026-07-01,closed,CONTRIBUTOR,aeff80a06,14,2,4,188,
pytorch,pytorch,2026-07-01,closed,COLLABORATOR,add189f6d,60,2,1,3,
pytorch,pytorch,2026-07-01,open,CONTRIBUTOR,a36c23880,960,7,5,85,
pytorch,pytorch,2026-07-01,closed,COLLABORATOR,a5bbb6df6,5,1,1,10,
pytorch,pytorch,2026-07-01,open,COLLABORATOR,af178df54,213,1,7,20,
pytorch,pytorch,2026-07-01,open,NONE,a0f14fe15,552,9,3,408,
pytorch,pytorch,2026-07-01,open,NONE,a0f14fe15,937,8,7,342,
pytorch,pytorch,2026-07-01,open,CONTRIBUTOR,a485c6c43,2117,15,17,227,
pytorch,pytorch,2026-07-01,closed,CONTRIBUTOR,afcc8a34e,91,2,5,18,
pytorch,pytorch,2026-07-01,closed,CONTRIBUTOR,aadda915d,21,2,2,410,
pytorch,pytorch,2026-07-01,open,COLLABORATOR,a5bbb6df6,140,3,0,,
pytorch,pytorch,2026-07-01,open,CONTRIBUTOR,abe2d286d,615,10,0,,
pytorch,pytorch,2026-07-01,open,CONTRIBUTOR,a4d050687,16,2,1,0,
pytorch,pytorch,2026-07-01,closed,COLLABORATOR,a438dfc5e,242,4,11,39,
pytorch,pytorch,2026-07-01,closed,COLLABORATOR,a438dfc5e,120,1,1,316,
pytorch,pytorch,2026-07-01,closed,CONTRIBUTOR,a9cba3f1f,620,5,1,770,
pytorch,pytorch,2026-07-01,closed,CONTRIBUTOR,afb62a5b9,2,1,2,0,
pytorch,pytorch,2026-07-01,closed,MEMBER,a846e2bc0,51,4,4,0,
pytorch,pytorch,2026-07-01,closed,CONTRIBUTOR,a182e8abd,46,8,2,0,
pytorch,pytorch,2026-07-01,closed,CONTRIBUTOR,a70909928,294,5,0,,
pytorch,pytorch,2026-07-01,closed,CONTRIBUTOR,a70909928,403,5,0,,
pytorch,pytorch,2026-07-01,closed,COLLABORATOR,a55982b43,14,1,3,0,
pytorch,pytorch,2026-07-01,open,CONTRIBUTOR,a3cb3376b,15,2,2,263,
pytorch,pytorch,2026-07-01,closed,COLLABORATOR,a0684f932,29,4,2,14,
pytorch,pytorch,2026-07-01,closed,CONTRIBUTOR,a129b197c,14,1,13,340,
pytorch,pytorch,2026-07-01,closed,NONE,a788e3960,96,5,1,21,
pytorch,pytorch,2026-07-01,closed,COLLABORATOR,a5dc541f5,2,1,0,,
pytorch,pytorch,2026-07-01,closed,CONTRIBUTOR,a9dd2e3c0,215,8,0,,
pytorch,pytorch,2026-07-01,closed,COLLABORATOR,ab34fc079,425,7,6,11,
pytorch,pytorch,2026-07-01,closed,CONTRIBUTOR,a69286f7e,15,1,1,348,
pytorch,pytorch,2026-07-01,closed,COLLABORATOR,ac9fab7e7,553,14,47,3,
pytorch,pytorch,2026-07-01,closed,CONTRIBUTOR,a0491e96b,2,1,0,,
pytorch,pytorch,2026-07-01,open,CONTRIBUTOR,a0491e96b,2,1,0,,
pytorch,pytorch,2026-07-01,open,NONE,a02fb43ab,106,2,0,,
pytorch,pytorch,2026-07-01,open,COLLABORATOR,af33f9002,579,7,0,,
pytorch,pytorch,2026-07-01,open,NONE,af7ae6cc4,82,3,0,,
pytorch,pytorch,2026-07-01,open,CONTRIBUTOR,af4954789,224,5,3,681,
pytorch,pytorch,2026-07-01,closed,NONE,a09c772f3,822553,3001,2,8,
pytorch,pytorch,2026-07-01,closed,CONTRIBUTOR,a3b73df26,1245,3,12,6,
pytorch,pytorch,2026-07-01,closed,NONE,a05f4d39d,172,10,0,,
pytorch,pytorch,2026-07-01,closed,CONTRIBUTOR,a554ec844,21,3,0,,
pytorch,pytorch,2026-07-01,open,CONTRIBUTOR,a8dd56e6a,94,3,0,,
pytorch,pytorch,2026-07-01,open,NONE,a2d98c612,364,3,3,22,
pytorch,pytorch,2026-07-01,open,CONTRIBUTOR,a8dd56e6a,803,4,0,,
pytorch,pytorch,2026-07-01,closed,CONTRIBUTOR,a74a523df,51,3,3,12,
pytorch,pytorch,2026-07-01,closed,NONE,a76a3bb4a,824679,3000,0,,
pytorch,pytorch,2026-07-01,closed,CONTRIBUTOR,ab2ece173,703,7,5,0,
pytorch,pytorch,2026-07-01,closed,COLLABORATOR,a22ea5b25,5,1,1,19,
pytorch,pytorch,2026-07-01,closed,CONTRIBUTOR,ae978efa8,260,3,1,22,
pytorch,pytorch,2026-07-01,closed,MEMBER,af9a90ce4,22,5,2,0,
pytorch,pytorch,2026-07-01,closed,CONTRIBUTOR,add1c5d46,64,2,1,20,
pytorch,pytorch,2026-07-01,closed,CONTRIBUTOR,a619ab9b4,2,1,1,210,
pytorch,pytorch,2026-07-01,open,CONTRIBUTOR,aefbfb7dc,312,3,1,4,
pytorch,pytorch,2026-07-01,closed,NONE,a0f14fe15,2,1,2,475,
pytorch,pytorch,2026-07-01,closed,NONE,a0f14fe15,2,1,0,,
pytorch,pytorch,2026-07-01,closed,CONTRIBUTOR,acde10e71,132,1,1,8,
pytorch,pytorch,2026-07-01,closed,COLLABORATOR,ae25f14a4,8,1,11,193,
pytorch,pytorch,2026-07-01,open,NONE,a5fcd3a3e,11,2,0,,
pytorch,pytorch,2026-07-01,open,CONTRIBUTOR,a673c85d8,57,2,3,3,
pytorch,pytorch,2026-07-01,closed,MEMBER,a846e2bc0,185,6,7,257,
pytorch,pytorch,2026-07-01,open,NONE,a208cd7e6,38,1,10,41,
pytorch,pytorch,2026-07-01,closed,CONTRIBUTOR,a9dd2e3c0,2362,13,1,525,
pytorch,pytorch,2026-07-01,closed,CONTRIBUTOR,a144f9861,109,2,1,55,
pytorch,pytorch,2026-07-01,closed,CONTRIBUTOR,a7a4b5606,1,1,2,0,
pytorch,pytorch,2026-07-01,closed,CONTRIBUTOR,a121e41b3,1,1,0,,
pytorch,pytorch,2026-07-01,closed,CONTRIBUTOR,a6c990658,188,5,7,46,
pytorch,pytorch,2026-07-01,closed,MEMBER,a846e2bc0,59,2,3,268,
pytorch,pytorch,2026-07-01,closed,CONTRIBUTOR,a3a310340,22,2,1,24,
pytorch,pytorch,2026-07-01,open,NONE,a672e77f1,26,3,0,,
pytorch,pytorch,2026-07-01,closed,CONTRIBUTOR,a6e3e1227,38,2,2,0,
pytorch,pytorch,2026-07-01,open,COLLABORATOR,a821316f3,54,2,0,,
pytorch,pytorch,2026-07-01,open,CONTRIBUTOR,a82a8df3d,230,2,1,74,
pytorch,pytorch,2026-07-01,closed,NONE,a129b197c,4,1,1,10,
pytorch,pytorch,2026-07-01,open,NONE,a129b197c,208,1,35,11,
pytorch,pytorch,2026-07-01,closed,COLLABORATOR,a5bbb6df6,17,2,1,30,
pytorch,pytorch,2026-07-01,open,CONTRIBUTOR,a82a8df3d,132,2,2,4,
pytorch,pytorch,2026-07-01,closed,NONE,ae2446e26,13,1,14,13,
pytorch,pytorch,2026-07-01,open,NONE,a8bd211c1,60,1,16,401,
pytorch,pytorch,2026-07-01,closed,COLLABORATOR,af178df54,57,10,9,78,
pytorch,pytorch,2026-07-01,open,CONTRIBUTOR,a87f92262,36,3,0,,
pytorch,pytorch,2026-07-01,closed,CONTRIBUTOR,aa7e8f030,83,2,7,5,
pytorch,pytorch,2026-07-01,closed,NONE,a0db28ec7,159,6,20,189,
pytorch,pytorch,2026-07-01,closed,COLLABORATOR,a55d2cdc8,2,1,1,0,
pytorch,pytorch,2026-07-01,open,NONE,a92ab04ad,45,2,0,,
pytorch,pytorch,2026-07-01,closed,COLLABORATOR,ae25f14a4,2,1,1,6,
pytorch,pytorch,2026-07-01,closed,CONTRIBUTOR,ae13b2e40,6,1,1,87,
pytorch,pytorch,2026-07-01,closed,COLLABORATOR,aeac7bc7f,14,2,1,46,
pytorch,pytorch,2026-07-01,closed,CONTRIBUTOR,a9da25011,251,2,0,,
pytorch,pytorch,2026-07-01,open,NONE,a5235c631,13,2,1,109,
pytorch,pytorch,2026-07-01,closed,COLLABORATOR,a438dfc5e,170,9,3,107,
pytorch,pytorch,2026-07-01,open,CONTRIBUTOR,acde10e71,26,2,2,24,
pytorch,pytorch,2026-07-01,closed,COLLABORATOR,ab028fbf6,231,6,2,0,
pytorch,pytorch,2026-07-01,closed,CONTRIBUTOR,a6403f37c,97,2,1,2,
pytorch,pytorch,2026-07-01,closed,COLLABORATOR,add189f6d,41,1,3,0,
pytorch,pytorch,2026-07-01,open,NONE,a3e5a743b,39,3,0,,
pytorch,pytorch,2026-07-01,closed,NONE,a6e622ba5,71,2,2,106,
pytorch,pytorch,2026-07-01,closed,CONTRIBUTOR,a41334601,2,1,1,1,
pytorch,pytorch,2026-07-01,closed,COLLABORATOR,a22ea5b25,1,1,3,2,
pytorch,pytorch,2026-07-01,closed,CONTRIBUTOR,afb62a5b9,197,4,0,,
pytorch,pytorch,2026-07-01,closed,CONTRIBUTOR,a6c990658,734,11,8,160,
pytorch,pytorch,2026-07-01,closed,CONTRIBUTOR,a705076c2,66,2,0,,
pytorch,pytorch,2026-07-01,closed,CONTRIBUTOR,a9531595e,1,1,1,17,
pytorch,pytorch,2026-07-01,closed,CONTRIBUTOR,a3b73df26,245,1,15,27,
pytorch,pytorch,2026-07-01,open,CONTRIBUTOR,a61756fc0,87,2,3,5,
pytorch,pytorch,2026-07-01,open,NONE,a6cd6560d,25,17,2,384,
pytorch,pytorch,2026-07-01,closed,CONTRIBUTOR,a69a2a0cd,40,1,0,,
pytorch,pytorch,2026-07-01,open,NONE,aad3f2f77,60,3,0,,
pytorch,pytorch,2026-07-01,open,CONTRIBUTOR,ae13b2e40,321,2,0,,
pytorch,pytorch,2026-07-01,closed,CONTRIBUTOR,a14540a41,4,1,2,0,
pytorch,pytorch,2026-07-01,closed,MEMBER,a846e2bc0,69,2,0,,
pytorch,pytorch,2026-07-01,closed,CONTRIBUTOR,a4300549c,8,1,1,1,
pytorch,pytorch,2026-07-01,open,CONTRIBUTOR,a2e3a3980,10,1,4,381,
pytorch,pytorch,2026-07-01,closed,COLLABORATOR,ae25f14a4,2,1,1,1,
pytorch,pytorch,2026-07-01,closed,COLLABORATOR,add189f6d,46,2,2,10,
pytorch,pytorch,2026-07-01,closed,CONTRIBUTOR,a41334601,13,1,0,,
pytorch,pytorch,2026-07-01,open,NONE,a60adc4e6,27,1,0,,
pytorch,pytorch,2026-07-01,open,NONE,a5e86032a,88,3,0,,
pytorch,pytorch,2026-07-01,closed,NONE,ae043eb3b,811465,3000,0,,
pytorch,pytorch,2026-07-01,open,NONE,a3137ac40,36,2,3,1,
pytorch,pytorch,2026-07-01,closed,CONTRIBUTOR,aada4e898,8,1,1,1,
pytorch,pytorch,2026-07-01,closed,NONE,a183122b6,21,1,0,,
pytorch,pytorch,2026-07-01,closed,CONTRIBUTOR,a74a523df,291,4,7,197,
pytorch,pytorch,2026-07-01,closed,COLLABORATOR,a5dc541f5,323,1,1,107,
pytorch,pytorch,2026-07-01,open,CONTRIBUTOR,ac8616c78,5,1,1,0,
pytorch,pytorch,2026-07-01,closed,NONE,a5cb96965,17,1,3,0,
pytorch,pytorch,2026-07-01,closed,CONTRIBUTOR,a4300549c,2,1,1,0,
pytorch,pytorch,2026-07-01,closed,COLLABORATOR,a726550be,2,1,0,,
pytorch,pytorch,2026-07-01,closed,MEMBER,a846e2bc0,75,3,2,90,
pytorch,pytorch,2026-07-01,closed,CONTRIBUTOR,a554ec844,4,1,2,2,
pytorch,pytorch,2026-07-01,open,NONE,aff337ce3,38,4,5,0,
pytorch,pytorch,2026-07-01,closed,COLLABORATOR,a0a5ccaf7,66,1,3,905,
pytorch,pytorch,2026-07-01,closed,CONTRIBUTOR,affa1f180,119,2,1,73,
pytorch,pytorch,2026-07-01,closed,COLLABORATOR,a5dc541f5,27,3,1,4,
pytorch,pytorch,2026-07-01,closed,COLLABORATOR,add189f6d,4,1,3,0,
pytorch,pytorch,2026-07-01,closed,COLLABORATOR,add189f6d,13,2,1,0,
pytorch,pytorch,2026-07-01,closed,COLLABORATOR,ab028fbf6,80,34,2,0,
pytorch,pytorch,2026-07-01,open,CONTRIBUTOR,abe2d286d,22,1,1,1,
pytorch,pytorch,2026-07-01,closed,CONTRIBUTOR,a1c5fc68a,39,5,2,23,
pytorch,pytorch,2026-07-01,closed,COLLABORATOR,aeac7bc7f,16,2,1,18,
pytorch,pytorch,2026-07-01,open,CONTRIBUTOR,a91b762a3,82,3,0,,
pytorch,pytorch,2026-07-01,open,CONTRIBUTOR,a91b762a3,411,4,3,185,
pytorch,pytorch,2026-07-01,closed,CONTRIBUTOR,a91b762a3,38,9,1,354,
pytorch,pytorch,2026-07-01,closed,CONTRIBUTOR,a4be762ac,7,1,3,111,
pytorch,pytorch,2026-07-01,open,COLLABORATOR,a6dca6705,3,1,0,,
pytorch,pytorch,2026-07-01,closed,CONTRIBUTOR,a5bbb6df6,75,2,1,117,
pytorch,pytorch,2026-07-01,closed,CONTRIBUTOR,a5bbb6df6,6,1,1,12,
pytorch,pytorch,2026-07-01,open,NONE,a3137ac40,2289,20,13,3,
pytorch,pytorch,2026-07-01,closed,CONTRIBUTOR,a4300549c,18,1,1,3,
pytorch,pytorch,2026-07-01,closed,CONTRIBUTOR,a6e3e1227,132,5,0,,
pytorch,pytorch,2026-07-01,closed,CONTRIBUTOR,ae13b2e40,204,6,1,39,
pytorch,pytorch,2026-07-01,closed,COLLABORATOR,ab028fbf6,50,1,3,0,
pytorch,pytorch,2026-07-01,closed,COLLABORATOR,a5dc541f5,128,6,1,64,
pytorch,pytorch,2026-07-01,closed,CONTRIBUTOR,a3d310431,350,4,0,,
pytorch,pytorch,2026-07-01,closed,CONTRIBUTOR,a6e3e1227,177,6,0,,
pytorch,pytorch,2026-07-01,closed,CONTRIBUTOR,ae13b2e40,44,2,0,,
pytorch,pytorch,2026-07-01,closed,COLLABORATOR,a22ea5b25,4,1,2,54,
pytorch,pytorch,2026-07-01,closed,CONTRIBUTOR,a41334601,329,1,2,1,
pytorch,pytorch,2026-07-01,open,CONTRIBUTOR,ae3219b83,64,2,0,,
pytorch,pytorch,2026-07-01,closed,CONTRIBUTOR,a5ba8d0b8,36,2,6,28,
pytorch,pytorch,2026-07-01,closed,CONTRIBUTOR,a37b1f17a,15,1,7,0,
pytorch,pytorch,2026-07-01,closed,NONE,aba84e6ad,12,1,0,,
pytorch,pytorch,2026-07-01,closed,COLLABORATOR,aeac7bc7f,87,5,4,24,
pytorch,pytorch,2026-07-01,closed,CONTRIBUTOR,ae13b2e40,1373,3,1,314,
pytorch,pytorch,2026-07-01,closed,COLLABORATOR,a6b8aa871,35,5,0,,
pytorch,pytorch,2026-07-01,closed,CONTRIBUTOR,a6403f37c,342,4,1,72,
pytorch,pytorch,2026-07-01,open,CONTRIBUTOR,add61895c,2841,11,0,,
pytorch,pytorch,2026-07-01,closed,CONTRIBUTOR,affa1f180,54,2,1,22,
pytorch,pytorch,2026-07-01,open,CONTRIBUTOR,ab7a8218e,36,2,0,,
pytorch,pytorch,2026-07-01,closed,CONTRIBUTOR,aab28a0cb,45,1,2,4,
pytorch,pytorch,2026-07-01,closed,CONTRIBUTOR,a32ae4a6b,1,1,0,,
pytorch,pytorch,2026-07-01,closed,CONTRIBUTOR,a41334601,89,1,1,0,
pytorch,pytorch,2026-07-01,open,CONTRIBUTOR,a01f9d4f3,38,1,0,,
pytorch,pytorch,2026-07-01,closed,CONTRIBUTOR,aadda915d,886,47,0,,
pytorch,pytorch,2026-07-01,closed,CONTRIBUTOR,a3b6fd919,16,6,1,7,
pytorch,pytorch,2026-07-01,closed,COLLABORATOR,a5bbb6df6,8,2,1,11,
pytorch,pytorch,2026-07-01,closed,COLLABORATOR,add189f6d,63,1,3,1,
pytorch,pytorch,2026-07-01,closed,CONTRIBUTOR,affa1f180,100,3,1,29,
pytorch,pytorch,2026-07-01,closed,COLLABORATOR,a1674399b,16,3,2,0,
pytorch,pytorch,2026-07-01,closed,CONTRIBUTOR,ab2ece173,103,4,0,,
pytorch,pytorch,2026-07-01,closed,CONTRIBUTOR,af188d2fd,17,4,2,2,
pytorch,pytorch,2026-07-01,closed,CONTRIBUTOR,ad5f3a79d,15,2,0,,
pytorch,pytorch,2026-07-01,closed,MEMBER,af9a90ce4,665,10,7,131,
pytorch,pytorch,2026-07-01,closed,COLLABORATOR,a075d3ab3,22,1,3,46,
pytorch,pytorch,2026-07-01,closed,NONE,a56dea94f,1,1,6,1157,
pytorch,pytorch,2026-07-01,closed,COLLABORATOR,a61b2ad55,14,1,0,,
pytorch,pytorch,2026-07-01,open,COLLABORATOR,af3baceb6,251,3,15,335,
pytorch,pytorch,2026-07-01,open,CONTRIBUTOR,aec7d5aab,12,2,0,,
pytorch,pytorch,2026-07-01,closed,CONTRIBUTOR,a77b24854,5,1,1,29,
pytorch,pytorch,2026-07-01,closed,CONTRIBUTOR,a642039ad,15,1,3,0,
pytorch,pytorch,2026-07-01,closed,COLLABORATOR,a22ea5b25,4,1,3,24,
pytorch,pytorch,2026-07-01,open,CONTRIBUTOR,ae694845a,443,8,0,,
pytorch,pytorch,2026-07-01,open,CONTRIBUTOR,ad2978a98,3,1,0,,
pytorch,pytorch,2026-07-01,closed,COLLABORATOR,a5dc541f5,467,7,5,422,
pytorch,pytorch,2026-07-01,closed,COLLABORATOR,a5dc541f5,1033,10,3,656,
pytorch,pytorch,2026-07-01,closed,COLLABORATOR,aab0b0a28,19,1,6,0,
pytorch,pytorch,2026-07-01,closed,CONTRIBUTOR,ad4742a71,109,2,13,0,
pytorch,pytorch,2026-07-01,closed,CONTRIBUTOR,a80c87b5e,28,2,3,315,
pytorch,pytorch,2026-07-01,closed,COLLABORATOR,a9e5e9c6e,133,6,0,,
pytorch,pytorch,2026-07-01,closed,CONTRIBUTOR,a4300549c,12,1,1,23,
pytorch,pytorch,2026-07-01,closed,NONE,a6b432801,4,1,1,44,
pytorch,pytorch,2026-07-01,closed,NONE,ae2446e26,0,0,1,28,
pytorch,pytorch,2026-07-01,open,NONE,ac08a50a3,7,1,1,1202,
pytorch,pytorch,2026-07-01,closed,NONE,ad1122830,61,2,0,,
pytorch,pytorch,2026-07-01,closed,NONE,ad1122830,70,2,0,,
pytorch,pytorch,2026-07-01,closed,CONTRIBUTOR,ab2ece173,3442,21,7,0,
pytorch,pytorch,2026-07-01,closed,CONTRIBUTOR,a642039ad,1,1,0,,
pytorch,pytorch,2026-07-01,closed,CONTRIBUTOR,a642039ad,1,1,0,,
pytorch,pytorch,2026-07-01,closed,CONTRIBUTOR,a642039ad,1,1,0,,
pytorch,pytorch,2026-07-01,closed,COLLABORATOR,af5bc3743,107,2,2,42,
pytorch,pytorch,2026-07-01,closed,CONTRIBUTOR,a642039ad,1,1,0,,
pytorch,pytorch,2026-07-01,open,CONTRIBUTOR,a4300549c,333,5,0,,
pytorch,pytorch,2026-07-01,closed,CONTRIBUTOR,acde10e71,957,32,10,19,
pytorch,pytorch,2026-07-01,open,CONTRIBUTOR,ab9bff0e8,53,2,0,,
pytorch,pytorch,2026-07-01,closed,CONTRIBUTOR,acde10e71,12,1,3,2,
pytorch,pytorch,2026-07-01,closed,CONTRIBUTOR,ae13b2e40,7,1,1,80,
pytorch,pytorch,2026-07-01,closed,CONTRIBUTOR,a5ba8d0b8,65,2,0,,
pytorch,pytorch,2026-07-01,closed,CONTRIBUTOR,a673c85d8,107,2,3,52,
pytorch,pytorch,2026-07-01,closed,CONTRIBUTOR,ad2978a98,2,1,2,53,
pytorch,pytorch,2026-07-01,closed,CONTRIBUTOR,ae13b2e40,6,1,0,,
pytorch,pytorch,2026-07-01,closed,CONTRIBUTOR,ae13b2e40,10,2,0,,
pytorch,pytorch,2026-07-01,closed,CONTRIBUTOR,ae13b2e40,10,1,0,,
pytorch,pytorch,2026-07-01,closed,CONTRIBUTOR,ae13b2e40,8,1,0,,
pytorch,pytorch,2026-07-01,open,NONE,a5fcd3a3e,45,2,0,,
pytorch,pytorch,2026-07-01,closed,CONTRIBUTOR,a4be762ac,19,1,1,147,
pytorch,pytorch,2026-07-01,closed,COLLABORATOR,a55982b43,3,2,3,1,
pytorch,pytorch,2026-07-01,open,CONTRIBUTOR,a673c85d8,47,4,3,306,
